satellite_name,altitude,velocity,inclination,orbital_period,relative_distance,relative_velocity,risk_class
SAT-0000,936.7182020405162,7.3645450713679725,64.77804222009017,103.5655217622576,0.17391624685240759,15.817857855860318,2
SAT-0001,1916.2143208968575,6.944757760909746,49.35736891084406,125.07938669140614,0.06611078147958135,5.55844464368883,0
SAT-0002,1544.3897010793887,7.1021315107642025,91.99877517257121,116.70837403209661,2.8963233109368463,11.31045835162347,2
SAT-0003,1317.7194231349622,7.219312367931411,176.26204688943525,111.50221816392315,0.5464026293669205,10.554036652533863,2
SAT-0004,565.2316887521421,7.564843632843193,22.374834626685317,95.9683934425054,0.8243063895534523,3.1919535549432756,2
SAT-0005,565.1906845715446,7.5813638375940755,67.09080687013697,95.71668566492284,0.11380418656168093,14.69633665764808,2
SAT-0006,398.7421406859391,7.646010969818545,167.75730321704543,92.34725908613586,8.783618780854253,3.27113713629558,1
SAT-0007,1772.4994478173899,7.010248181603526,157.83714782888805,121.74682933837899,3.1888269610531705,11.81761839354821,2
SAT-0008,1321.895519963455,7.20857842741902,70.96878626117051,112.01378644223502,0.6189009346870256,5.626993312161568,2
SAT-0009,1503.7233822532774,7.124528309786137,125.81158761355258,115.92215065012334,0.16356667885586185,5.936596915442644,1
SAT-0010,334.99364030286415,7.709729525465689,15.814262444642202,91.00395204345779,3.015263161719695,7.341639940934469,1
SAT-0011,1948.8467486753902,6.929970775807311,128.25738999785074,125.83381703681744,10.83332676288229,13.84567685107672,0
SAT-0012,1715.152489360717,7.053069812741352,175.11439130725347,120.77484764297505,0.4326750533879359,2.330005870028273,1
SAT-0013,660.9764881530695,7.523174764794848,96.74786751015449,97.80103358018216,0.059779345381355216,0.9676562875725873,1
SAT-0014,609.1024442520711,7.559573953422062,89.72824086619457,96.70987517632436,0.21978697847850448,6.492449020729124,2
SAT-0015,611.7876667508375,7.533625404728717,33.717351546343856,96.68973219338163,5.573955035888826,0.9838030763592006,0
SAT-0016,817.2118130312141,7.429242118660458,114.08187580331254,100.89654610844399,46.3723533762983,11.032854040613303,0
SAT-0017,1192.0859337748043,7.261667885391237,106.27871054020468,109.07985950044682,0.05484016118173875,12.189168692932691,2
SAT-0018,1034.3065316915968,7.35872133135597,117.3479507056351,105.73237913923292,0.41441044279612016,13.689927076576817,2
SAT-0019,795.0895383366712,7.45296699171646,4.694991603249927,100.7296719633902,0.07674191206686862,11.927091703189191,2
SAT-0020,1340.1499210280451,7.184957569585205,98.77022790283324,112.09032875421434,0.4446495607437421,14.669987159713598,2
SAT-0021,537.1395631084711,7.587921401895724,107.08827182952714,95.12354280071,0.8254923134924002,11.997987851299232,2
SAT-0022,796.6459025098709,7.4465877153134885,37.35542437430439,100.59442076353155,28.943848757845828,14.983602674066585,0
SAT-0023,922.8151335992759,7.398402456651461,37.49991434793648,103.32142693956723,0.08722729454696183,3.1704616279288746,2
SAT-0024,1075.318973168961,7.286465424710753,49.71927033197097,106.56463009268099,10.724379246103897,8.04782381259691,0
SAT-0025,1634.799134368123,7.081748282189474,128.10988651090275,118.80159808375173,0.7683749405461562,15.903496535308049,1
SAT-0026,639.4454296692115,7.527120993916586,109.1278914358269,97.40026831149555,13.575585000823857,10.937093102429179,1
SAT-0027,1174.1985453031398,7.2827498877046954,152.23727630120482,108.61873047871221,1.7345090106509415,14.070393776029192,2
SAT-0028,1307.104767065472,7.179730840174518,53.218542931757675,111.6873979255313,0.06558675149381823,0.5832613219423982,2
SAT-0029,378.9657016239961,7.697920842147503,164.1722507798973,92.0273005320096,34.48161976340124,13.960950587238154,0
SAT-0030,1332.8262482324453,7.206531427381311,133.8671091570045,112.12322598973996,0.08854666213885105,11.193640429696353,2
SAT-0031,589.8910102683956,7.5749059520671445,71.10210060246546,96.48907528241871,3.104706221433829,2.8150114004045994,1
SAT-0032,410.5877080749752,7.646718324637389,17.147171812582066,92.78673823229705,21.47698397731107,0.5083272071351856,0
SAT-0033,1913.1054133306666,6.941581812354,46.25705924774685,125.15609188449612,0.08675198036144277,4.232832592197881,2
SAT-0034,1941.574456226751,6.901041261480388,172.21827909867304,125.40618389640078,2.2942998122713103,14.660796407985046,2
SAT-0035,1674.275491797984,7.0337415172506015,55.865407659134284,119.85154463475571,14.853870418197621,10.723313725334554,0
SAT-0036,817.8434075947301,7.466868472183683,59.3821728268316,101.17880330023509,45.49295320669754,14.719558758104856,0
SAT-0037,466.04259381085257,7.651385912172538,34.126007597589066,93.97026157726903,7.446500221806587,7.193797441658725,0
SAT-0038,1463.1961450706667,7.133294501704635,145.23310820497778,115.13792773953963,0.34195828531388667,14.992370814240331,1
SAT-0039,1048.2592393573223,7.310244613237117,49.615961443609926,106.15653705552218,6.275971950008652,7.461061065575589,0
SAT-0040,507.464999236124,7.625338404708374,59.44648470639402,94.71093423736764,6.550437575666368,3.347650118251518,0
SAT-0041,1141.8007471891592,7.28435432218957,74.58265951769279,108.14451395283969,6.293149379500272,2.5071560805327127,1
SAT-0042,358.4604858958713,7.649836539202947,78.07109035942975,91.76453938452569,18.270537146107618,15.901607827257203,1
SAT-0043,1845.8446835339296,6.980576052479245,74.04134227470391,123.56442928286107,0.09143452053882518,5.408416317445677,2
SAT-0044,739.9259687200288,7.486480435673545,90.67386516745115,99.3028942205034,0.10573762237144363,2.6448431025496446,2
SAT-0045,1426.2878834017692,7.173901851784547,146.6123183309526,114.17161548642959,4.176585505974029,0.23369405116295938,0
SAT-0046,829.9088293519986,7.418133908626306,147.47130733356397,101.39294941373751,36.35911407140529,4.640556107820996,0
SAT-0047,1184.1156360022783,7.2000058639511275,143.69636407740245,108.93094286137519,1.248779961135726,14.23694668328037,2
SAT-0048,1229.4074748835756,7.2474470785456315,18.20247104096775,109.77973520893424,38.076595399259446,8.590748198769097,0
SAT-0049,614.2525743933959,7.55984604715125,143.94218458946654,96.67201482000524,32.6006142429699,10.155717319246783,0
SAT-0050,1948.2938671997495,6.888091881070388,21.645319227583823,125.78637691658246,25.568144909470536,14.766018551859473,0
SAT-0051,1617.7257997138947,7.0440955802415175,22.45027860940644,118.51466653396693,26.823962231472738,8.254154697901765,0
SAT-0052,1897.1482006591216,6.998385655636097,170.61529889429295,124.85965808830672,24.770021544088422,13.428649549056573,0
SAT-0053,1821.206495727003,6.969276938179449,147.49161204699743,123.07918328028649,14.409143116941998,5.2489491214140225,0
SAT-0054,1316.4299639788446,7.215378592353338,99.43388403624155,111.9030875884088,6.080046211552522,15.635919619175397,1
SAT-0055,1867.1861995392985,6.942882882915983,157.4946368060152,124.01631897864931,0.05918266807086929,1.3531405888479933,2
SAT-0056,450.43725348826314,7.602374603417957,178.0856356593353,93.2745562970408,0.12466105006892761,11.624789455660908,2
SAT-0057,633.1708661125468,7.540400999562355,109.91557199371996,97.1832563492031,0.12637645475976256,10.60300395948868,2
SAT-0058,376.8863911479147,7.680415824382633,110.32171865667324,91.91557897035267,0.05882891751165384,3.1475769430279894,1
SAT-0059,853.0615622975494,7.4201097210922615,135.79686524878704,101.79345999647052,0.11196320184156729,6.2826195816599215,2
SAT-0060,960.7513924721194,7.371060105599324,41.7850114257599,104.13438051354744,28.721644671012417,5.073982956754402,0
SAT-0061,761.293354015623,7.481027078644016,30.082475073383883,99.95289245544849,4.902107886653435,1.6024366064866766,0
SAT-0062,1708.85376555828,7.020716794140297,136.72453500271305,120.55143800435377,0.4317069687410356,9.398129564918374,2
SAT-0063,906.4806553791018,7.375514578404767,62.08286309893842,102.94707420216989,11.996375219401246,15.899350544486131,0
SAT-0064,777.5886664685472,7.476940016526519,24.312664135068122,100.06096571791032,1.459077852145341,8.99745144274889,2
SAT-0065,1222.5833413690225,7.2061312629176015,56.677990665194955,109.70811804178999,0.13345999833100544,8.769632519381856,2
SAT-0066,539.5711824570965,7.553715429231926,64.55463621742356,95.29071158677898,22.515222754503224,0.7409879469373182,0
SAT-0067,1663.7348672818675,7.058195914593086,173.74097871102433,119.58078064345835,0.5187472925411495,2.313601551482678,2
SAT-0068,426.7360942556104,7.667635668353534,125.63274799582618,92.9053739044576,6.245219339659768,8.26018351672595,1
SAT-0069,1977.7077922208794,6.9085531194223595,95.5541371319521,126.57983095184667,0.3721795323366255,15.764339170526734,2
SAT-0070,1612.8161078043177,7.03792818737961,174.39716496286889,118.35373791922466,1.5819172300422573,14.038062993843557,2
SAT-0071,637.8166586080931,7.527147326149648,162.56515328535252,97.3299207312528,14.051676373521873,5.509325029833363,0
SAT-0072,309.3875991101241,7.719203779316801,92.16015419054875,90.6584352389919,0.14767332162742783,8.733767642227226,2
SAT-0073,1686.2844283732181,7.00163147845358,163.02233436785653,119.89566056190337,42.72914374838451,8.887965333840773,0
SAT-0074,1501.657484540949,7.100765062878231,72.77483845127819,115.80468027714817,0.08121154503036762,10.997233742918713,2
SAT-0075,1539.3121856696785,7.111636315273627,41.475719764192434,116.69325050640482,1.9998468282047521,11.035734455702302,2
SAT-0076,1611.1595893661079,7.095116404846406,41.882071827975324,118.22389056045442,27.992814253394705,12.657700565336983,0
SAT-0077,425.8759079479536,7.649591104008987,119.21679439958281,92.99531131336974,34.35988162754181,0.49703929495095,0
SAT-0078,909.3917385252635,7.4144447076251145,90.19265772730988,102.96535999733582,0.2484831208438184,15.104515031135389,2
SAT-0079,496.97740119272055,7.579955428574045,118.6111524609804,94.42937394320565,0.13518389267724806,1.213986531229021,2
SAT-0080,1767.275823988509,7.0116522426955825,123.49367356719058,121.76503888227934,7.450389970107715,7.6709457724833445,0
SAT-0081,1359.6068156068484,7.16454350951207,4.018117121589171,112.7620321748799,0.06681757490147518,14.721310494108778,2
SAT-0082,862.5266422495037,7.429392762879311,9.727126622622421,101.99741144663506,1.4278642213850372,7.853934384774169,1
SAT-0083,408.0491954862402,7.6630871480288905,95.88199078642498,92.54518157113418,12.247168265536075,1.1118256643065578,0
SAT-0084,828.6699469166257,7.467087693648649,34.38638599681384,101.33740070007347,2.397365095335142,3.7449163150098332,0
SAT-0085,852.8116474454699,7.4107470631176025,113.85607838479915,101.85808787796464,0.18323557766199905,9.300801410357922,2
SAT-0086,1540.3305031747088,7.110684967516913,99.39343305071665,116.7165547447047,1.4457822971891896,1.4969997245936084,1
SAT-0087,1383.8477013038623,7.163800587076518,105.43686450676043,113.44177254227955,29.026465358444266,6.836479103175013,0
SAT-0088,1808.261662379755,6.977740626463019,54.44196836958192,122.59706174338679,3.553112336084177,5.332582932443337,0
SAT-0089,1102.7653727753138,7.299286875538927,115.1718311300214,107.16251604860021,7.302000982400888,13.061801282405408,1
SAT-0090,503.3102180951129,7.597813287453971,149.30867456730414,94.3799864122096,0.5102248930561694,1.8510978195336425,1
SAT-0091,1512.5161382790916,7.110361537587279,179.65282564660268,116.1392005371238,0.18383209215355323,10.956495357524702,2
SAT-0092,1593.3345826487257,7.073220771984274,150.91998951099856,117.78037773503019,0.29234568901711516,6.564766226926955,2
SAT-0093,1254.1712358681436,7.234921181134188,100.34977674239055,110.41413586130659,1.9883955641635187,9.445235819510025,2
SAT-0094,1610.6442059227536,7.068488544854805,34.81732650239218,118.23924273514874,0.3464419426146809,3.3679551735366613,2
SAT-0095,1139.4525138194642,7.301065209360604,122.66025770156776,107.98709776308793,2.1128290846041993,9.794288587709845,2
SAT-0096,1188.6458099493898,7.279833421235748,168.77768140043608,108.96615818830061,6.642717549076864,10.816245865916192,1
SAT-0097,1026.8197312095344,7.319341698973788,38.13597715181443,105.48004602480793,7.98284382419494,1.2166818781111375,1
SAT-0098,343.2125154649618,7.72235242540336,46.07921169478388,91.39767929087606,0.15596416459723506,13.207073854568698,2
SAT-0099,483.41542588861756,7.6020428036201775,26.82153781409721,94.15570532721583,8.917899029048327,13.793940394923037,1
SAT-0100,353.4296156674482,7.710878395956876,132.60989585275232,91.40636150387495,5.2123602375416676,1.110509485356436,0
SAT-0101,1381.8976991484267,7.1826870748432174,73.18107061625867,113.20343154551443,0.054323207450612435,9.690681060746844,2
SAT-0102,834.4051678297553,7.39949124111742,11.285214999549133,101.61343520183792,0.07509076513929076,9.544782801858409,2
SAT-0103,1164.5701749799946,7.274813364719292,157.49099846825044,108.4775254965009,4.342286855045148,0.2980887487082488,0
SAT-0104,1842.8630056743582,6.956817571918477,100.380942846462,123.40660658917845,0.7080789814593546,5.543307981899626,2
SAT-0105,723.7967895530874,7.480295319505869,59.59697256006404,99.05341275443187,0.13717722181846626,15.505919945148587,2
SAT-0106,997.6509691605705,7.381885237447175,61.916935690997455,104.86108380911601,0.06794534088284718,8.931666961073013,2
SAT-0107,1584.4369355231827,7.065355221131634,52.24521963436322,117.63494694100146,0.1503713249361912,14.93806766358993,2
SAT-0108,688.9568813357582,7.497814879267993,81.98643103067553,98.26471839736423,37.28308983368615,10.842749710450406,0
SAT-0109,430.8658467089481,7.656684184853138,60.66750392786609,92.9344619286287,7.6149477724485966,0.5514092397500953,0
SAT-0110,792.5774699534056,7.473111961852454,98.6303347327097,100.48387784633044,1.9146362056623896,1.3356398489694337,2
SAT-0111,574.0761883318075,7.5729998031294565,139.23310540883296,96.06004563042292,33.38808454136455,11.582645390342025,0
SAT-0112,1880.4860089823742,6.973615445943134,121.40303101998722,124.28673732434913,3.599990190560512,8.917627866867408,2
SAT-0113,1673.8046452595088,7.0496222760198135,53.00224069574108,119.66242657563107,7.514594826583016,2.1217114671380237,1
SAT-0114,1376.7863860677198,7.129092849249076,95.17338207716027,113.24356860900859,0.3523103970473941,9.8635965858225,2
SAT-0115,1781.4830033191201,6.98177317420843,151.22270878420514,122.22357436736999,2.9235837217323164,12.98356903303432,1
SAT-0116,1666.2425307284946,7.031076585489946,12.277122253690585,119.48621672312306,0.13471058968487049,12.07242063910853,2
SAT-0117,617.1691001062609,7.56202548693722,14.093508057642856,96.83268835672303,0.8173714044128314,4.013983114509865,2
SAT-0118,1817.3502974329622,6.924535100922301,100.11061224895562,122.81425551117114,0.06290584192781423,4.205299969831098,2
SAT-0119,1216.8818112566064,7.298820370116409,115.04072311016458,109.70209312790591,0.22328228456244195,15.488621101123607,2
SAT-0120,1672.6482637789063,7.0501292416547,38.05434283966274,119.6368675916861,0.08386406175768307,14.209736354228188,2
SAT-0121,1823.3552098699386,6.977452087429257,134.13962280447325,122.99726735647096,0.7282935485525838,5.161563299450864,2
SAT-0122,840.6059074521686,7.458150667273959,116.32740786733095,101.4985169026482,16.907348253808404,13.202466385737234,0
SAT-0123,487.08827169705046,7.670600351183525,166.19206828253155,94.12594736091837,0.6804125624220537,2.6716426227474726,2
SAT-0124,687.4897763213008,7.532138195525355,30.41175633453661,98.39402063430884,15.62747750106391,3.229773511092374,0
SAT-0125,1026.0832406646357,7.359695839401884,135.24736776444192,105.39227265855979,4.6608480231854195,2.9810172561409907,1
SAT-0126,1690.6251020682382,7.034269343291728,15.055756304988064,120.15818448564895,1.6887227115651533,1.4947603227148911,1
SAT-0127,1763.2419915357839,6.997367783284189,101.75263371322156,121.63114404937139,0.2568296051700522,13.68938204696555,2
SAT-0128,311.8186219030242,7.71353770640983,99.34112510984625,90.59985852843212,29.203727196252355,9.303029681452747,0
SAT-0129,1168.2704143818619,7.2546465547034344,69.90930803641331,108.44727094308573,0.072706364748647,4.217401870653624,2
SAT-0130,1009.5987053529243,7.335172455908953,152.0228065803421,105.17003385476002,5.830543736122076,13.593615020368746,0
SAT-0131,677.5832778002414,7.49299110885678,0.7867160614822022,98.12218068343076,3.6533365579949586,12.862083474345843,2
SAT-0132,503.77112446726073,7.61295405858438,93.63229234173373,94.54184917511512,1.0521909718989242,1.7051291382313143,1
SAT-0133,873.9457913861676,7.383700103292357,39.087638970333735,102.43228677976217,0.262986145741343,10.341816042386053,2
SAT-0134,1902.9464966512826,6.944666315055311,133.82975144095792,124.85059324752942,0.9796203873820547,11.577154264259752,2
SAT-0135,849.4449844352839,7.429240736714487,7.752136735097491,101.68723036989307,20.762908066029706,11.481654658076826,0
SAT-0136,1181.9440569637222,7.267522756754639,149.67984387268396,108.80536342124019,16.190801006197226,11.597969054877607,0
SAT-0137,1495.1322301218024,7.108053700051536,150.85660080725125,115.77769326819089,33.351375820864156,2.794378791819694,0
SAT-0138,918.1703240447997,7.456395187485939,149.9158822326305,103.35296481185587,0.41913084622350166,5.109874622873432,2
SAT-0139,1952.0295406256332,6.947554057908881,27.462334811880574,125.97346858939933,0.724907310370529,13.522438285220952,2
SAT-0140,1936.160401401589,6.902067697932396,113.47317334098808,125.65411867483967,0.05690474248186995,14.384428828618038,2
SAT-0141,728.0299029031191,7.497892898760632,2.586124653010129,99.27161106608526,33.71475348028643,4.5391032963814375,0
SAT-0142,1145.3224600170552,7.270099952451388,152.63326643205596,108.22750614162709,0.4865643435863618,0.4660103072262638,2
SAT-0143,811.4931266885085,7.4292816402823325,130.1355348315517,100.77043854281786,0.8155704256535252,13.77029445994112,2
SAT-0144,784.228840441695,7.436949223210582,95.60767156186547,100.45777803500786,26.44745206599366,6.095760221418813,0
SAT-0145,362.70781050270574,7.7024595775788,131.5064579573911,91.75020180948793,1.90005116039681,5.338470539762988,1
SAT-0146,1336.2593677658247,7.177862707481199,16.978337397319,112.09631617165374,2.4974317556013865,5.617294907049148,1
SAT-0147,1154.5543394890647,7.297148514438177,95.15804979183413,108.19622728196384,0.1689151171726681,6.7095731410854995,2
SAT-0148,387.5138771249819,7.699558436498167,52.42976852696018,92.07366543047515,1.5665709425378123,6.114439284313245,1
SAT-0149,773.6989892022394,7.496726962005106,175.07150338013514,100.09665089937651,28.418150313558243,9.10625129622361,0
SAT-0150,1844.0520061433112,6.948635617203602,154.28123111230232,123.45417412961102,2.372052345638423,1.355150428121224,1
SAT-0151,707.2552141338531,7.51373112077848,131.98962525011584,98.79971949036796,0.29128565559282116,15.54748908950539,2
SAT-0152,546.3212825550793,7.6036651954168475,168.07457434495174,95.5125526287468,0.06201726315413039,14.989571448107364,2
SAT-0153,1132.0696924718573,7.279205048712068,62.431794821785275,107.90799291151194,0.5103584675356508,14.957065681186437,2
SAT-0154,1975.6057719880212,6.8951356069237475,162.15838181787262,126.397011639239,2.610614504010265,14.080514222902424,0
SAT-0155,711.4939615695507,7.534168313148687,58.54288177920786,98.7797283414675,0.06711349712317813,10.599188204689503,2
SAT-0156,1442.6304305899935,7.146921716808872,131.90340954440754,114.69317156636336,3.375574801278677,3.615626147700075,1
SAT-0157,1594.75334605882,7.086563053640121,132.55504411976082,117.98808001033974,1.858709358914907,0.8867874456273195,1
SAT-0158,703.9838247870794,7.489517020255899,3.302977761736825,98.71527635235208,11.201505896677146,1.6792049300300893,0
SAT-0159,1537.9677926401612,7.074807314657505,64.99074569007513,116.71202640506816,0.06104281052720836,5.251480757403129,2
SAT-0160,925.2313256227305,7.379889894198065,3.4978810335296195,103.37013936454248,11.003023456319996,8.111740105382989,0
SAT-0161,1374.919912009085,7.171040765530559,179.47656316984475,113.12814536000059,1.8264220498014054,15.892723831838225,0
SAT-0162,1377.000508293521,7.15127356374895,21.99541712926284,113.08764239948727,0.6464843301567645,7.023551519534127,1
SAT-0163,1210.8169629270894,7.2505415470695915,97.70596121665969,109.52828120384359,39.36578655959767,8.441872838812891,0
SAT-0164,453.49260909249415,7.608699199276453,142.3001229772747,93.36050121580521,0.15112233178794837,11.15300023029048,2
SAT-0165,1720.0142425017045,6.996472370382731,36.22744840696064,120.64703900393972,2.1035137810092697,2.973670130119961,0
SAT-0166,845.326110451951,7.4455056785273,87.30948025718507,101.61192898247224,0.4591075397863229,14.931949324839866,2
SAT-0167,617.0814676797522,7.564561432932233,109.33717696580715,96.85651308431493,1.9117413803563295,8.511650232899473,1
SAT-0168,369.31774064309866,7.682204291734212,28.836855791198168,91.69416064565453,2.268800776167794,4.492475895068121,1
SAT-0169,1304.5180034200112,7.185989541749533,140.13998278407692,111.48423992784338,0.09275017754157401,14.968232882787563,2
SAT-0170,1451.85941513188,7.117609393825253,53.880562294085756,114.6131776598776,4.812552110407348,10.044664835087307,0
SAT-0171,328.1993091773555,7.706140378400776,37.98415374099126,91.00306399214031,4.003266405658752,7.790666726862446,1
SAT-0172,1170.5581991087777,7.2829562006167725,100.49197435873504,108.62214432998425,10.171191431847978,9.324478968376308,0
SAT-0173,685.0428178364946,7.534591075435967,73.85645297572881,98.1403499187201,0.0935288264995829,11.998005280593103,1
SAT-0174,1396.7937436960647,7.153483247464195,165.6514700345552,113.47151634859361,0.38971367468821133,2.5571542587179583,2
SAT-0175,596.4229293084854,7.540604116795048,158.41128567566773,96.49826534892807,4.459660551650272,13.850803848181283,0
SAT-0176,1474.594154774192,7.133164459418176,87.00311940999897,115.21097238905365,0.1285767612690954,15.356158283741586,2
SAT-0177,957.4500887109136,7.358542801649037,64.66747945060756,103.98889484314424,5.392183171716752,9.115294462826185,0
SAT-0178,1892.4409808524488,6.9348935657971005,58.59323669362774,124.58768736173627,0.07517096695622814,10.948106464081809,2
SAT-0179,533.7856050481885,7.624409274617436,48.16145215467133,95.2010637864695,0.5055506384823955,13.77135234545523,0
SAT-0180,879.8127967854394,7.4309342589306135,98.0186136682459,102.26575254786573,17.342167291387792,6.059489039522358,1
SAT-0181,492.9049861090014,7.6236557644482446,144.89614885221783,94.37780011407452,10.515837720219606,15.886025538630134,0
SAT-0182,1871.9791510735567,6.928435122413015,55.9361894766404,124.05262247440473,4.297858866810603,10.919971771979672,1
SAT-0183,1791.4769007476677,6.992308511920522,34.21693614385467,122.31685713298423,20.433617251332016,6.8415793038919155,0
SAT-0184,738.5007671157646,7.508968635438121,85.58708511299162,99.42667543840298,6.7108670781948385,10.869673802525872,1
SAT-0185,1421.9728782581044,7.144319332874911,12.426195023579975,114.05486900781973,1.8075708123451688,8.394712516963638,2
SAT-0186,1689.2777403420669,7.059265508299962,126.23022110334723,119.92623428544061,43.46328078097251,1.8751009874600064,0
SAT-0187,1243.841379719086,7.260853586569016,93.30448793434805,110.18904986083282,6.074887555930821,12.754258345832165,1
SAT-0188,1200.405983205211,7.288996412060172,89.34746543511375,109.438468244492,3.1847220497211497,9.07357172602162,1
SAT-0189,711.1488945307678,7.508265521425046,54.080168319004045,98.72080606455592,0.8425228481085935,12.75394437019483,2
SAT-0190,458.2747052700287,7.651540906765402,162.8412187557126,93.77909324042658,25.480473846307554,2.5630998518427064,0
SAT-0191,1825.2667885206554,7.001944936935221,16.287532532919485,123.05299995515807,0.3855647226457153,8.659878793132332,2
SAT-0192,1830.7106971776618,6.980294292072952,156.56832159966564,123.2051519873386,0.05328792224741357,12.289325928185315,2
SAT-0193,1376.2724773645555,7.162870285583497,67.80693643486607,112.9966344229505,0.19462183886722143,15.814042624693693,2
SAT-0194,876.3506447827912,7.40719185705922,158.51223287550403,102.25892123817746,0.10654240112383219,14.161916694525614,1
SAT-0195,893.6562768415235,7.4120952730790695,131.17706249982905,102.6525216119383,0.4528468246784047,13.843159070264166,2
SAT-0196,1534.124654079407,7.075107230137026,18.750730799166895,116.47509872397158,15.017790331872845,4.034616196527728,0
SAT-0197,1825.087441919381,6.970872311192688,149.67653157168365,123.054040570072,4.503592222257412,13.423955167173855,1
SAT-0198,1808.0469212506994,7.002929319747087,122.79183006591091,122.65060191843125,0.1606614832211184,2.791572312933113,1
SAT-0199,1625.7884279579605,7.016278684763734,5.814344324762722,118.79831018202836,11.626129807551768,3.2499118663200934,0
SAT-0200,1391.4537984622891,7.196567027533225,24.066482779740593,113.32132750989862,1.6279070449633026,1.8508562255212053,0
SAT-0201,443.037940491583,7.670777399057943,114.41305005042513,93.3070269666794,1.7262904846090958,13.735784838349216,1
SAT-0202,574.7688139608434,7.566259745604274,119.26809051845129,96.04003462634424,0.6099672914661987,1.8212464935759671,2
SAT-0203,1827.5421204960346,6.983561244486656,134.3972579107671,123.0231947463921,19.625426282614743,2.2959725279456595,0
SAT-0204,1330.9294014213028,7.19404119995017,129.64417213949673,112.18247199822976,0.4507667939050173,4.009605686309935,2
SAT-0205,315.6349877482704,7.745449159615344,118.71359184059189,90.65262178725865,0.09580524511497651,9.205332305018192,2
SAT-0206,472.5016228722546,7.651501442377314,137.92300231435604,93.65329090855336,0.4047221618804345,14.09486494627641,1
SAT-0207,1427.9530074836948,7.121088103001041,103.51542706062712,114.30493065328463,6.998913775015127,6.749827668563533,0
SAT-0208,308.6046925385718,7.7366566354577735,46.94244939440188,90.43776759976458,4.695865667436013,8.785946592149385,0
SAT-0209,573.3736874097477,7.572103398115324,164.2277904715293,95.88154553343577,0.18324049867157705,2.7471814593203225,2
SAT-0210,1232.8474419231964,7.241883763973794,3.2785255677560277,110.04780463778614,0.10822383056480192,4.328539108774887,2
SAT-0211,1476.2218360775785,7.112504880588191,65.98110957686823,115.26643045340008,4.8036049041889965,2.2294196235238215,1
SAT-0212,1408.3341411544209,7.1930613019809515,131.1966527574894,113.89992882949473,5.346880910567435,6.617709633386727,0
SAT-0213,681.2578260829516,7.538844077040838,76.88808740694138,98.35279424662282,0.6272185815335156,9.486336972983258,2
SAT-0214,1510.704676290811,7.096665170702713,4.470193346402576,115.99748524115455,16.880066566152088,4.615910527531921,0
SAT-0215,703.3234487445601,7.479616654400371,11.876562560918373,98.77249653628746,43.011601727687925,13.551334103639203,0
SAT-0216,853.1794868707551,7.420333206294753,116.75472644489196,101.77011288562542,0.20696917793377267,15.701689781005486,2
SAT-0217,1569.035388700641,7.093980661110116,173.67562789295394,117.57609322430358,2.692626721863265,2.010462151801838,1
SAT-0218,1404.375928380265,7.1647244332634425,99.33545445020981,113.65200666097257,0.05188107799355588,0.38397489064365387,1
SAT-0219,1743.6797978401025,7.033693623007293,91.21640724427843,121.34843911589827,6.8886352935041355,12.657452827577062,1
SAT-0220,1417.9419169105838,7.169480782223691,57.298538350128105,114.1034318436025,0.8746138392588153,3.1312185770731835,0
SAT-0221,1266.1246256703016,7.243827380026192,46.20432129589137,110.73337438337832,0.19001053686999267,5.715030823307658,0
SAT-0222,459.24710530775724,7.6457863351940025,3.7772967161312487,93.56280157723145,9.02891926443907,6.3682763705853835,0
SAT-0223,925.116865201037,7.363550891511164,49.13187617528481,103.35554748750162,13.518123102043461,14.673930283525017,2
SAT-0224,750.8440250589333,7.47731002017804,80.83987935574544,99.47391171738207,0.1077629589869139,10.575527630681975,2
SAT-0225,714.7823937444421,7.521438700692171,35.63096094881103,98.95550324101106,0.0663677798625976,0.7456908958159627,2
SAT-0226,1954.1179430791574,6.918453222399355,15.72263792665726,126.02764430207807,0.502580147366728,0.33548282735505813,1
SAT-0227,968.2661319334927,7.379638942305218,129.19101610582845,104.30239367156408,3.7752124939289824,3.2731327507314547,0
SAT-0228,1816.4791438010925,6.97102764643761,161.0316484322521,122.58375545067994,12.00130811980748,5.158933859876111,0
SAT-0229,1372.9356641953468,7.153843941993386,168.6189725436754,112.90567666807422,2.173489238490219,7.803928961976923,2
SAT-0230,1651.1792160208024,7.046455151549119,111.23977112945808,119.10378858162767,2.761953313634291,13.421646655710802,1
SAT-0231,1154.4830582788265,7.284007410279666,9.499424867870726,108.31242150511203,12.547137854887774,5.105602320952675,0
SAT-0232,1280.7366038648106,7.204420952538091,133.3552733931192,111.04855706297408,1.9297459004676607,6.0869417864193185,1
SAT-0233,1137.2800794920686,7.281444947887469,19.81715494713955,107.89514816891577,3.4074812519587105,5.336473087153556,1
SAT-0234,631.9130792566757,7.5256943373271765,120.5546611838083,97.26611408190772,1.7685690650012107,0.24254884292319925,2
SAT-0235,1528.168595944559,7.125979936949887,140.28585043461763,116.34531466122348,21.89498764381621,15.287704471978104,0
SAT-0236,777.3130161494548,7.461471178024442,130.6556479487651,100.30656666177227,0.254401612718287,2.3100345577699333,2
SAT-0237,341.3371429334715,7.73510836514645,171.3390850370035,91.26333772680168,0.30970681213580964,4.673912903431627,2
SAT-0238,1397.3029030421853,7.193754078842532,132.86633120413015,113.60391986285991,0.12101923105591587,2.155922503333425,2
SAT-0239,601.0881549919832,7.559522086141614,124.77776003672552,96.54330309126621,14.367137852074645,7.899636182891889,0
SAT-0240,1898.7795933999544,6.92242743618875,47.11377099295843,124.92160773036362,0.8596108252747535,14.921441227585737,2
SAT-0241,1921.6785809043986,6.891286357832034,166.4583635584623,125.30631217608915,0.5529066673134377,1.7011414102452318,2
SAT-0242,1855.2694633747624,6.9314917388200925,32.31789674295004,123.65855783476928,43.9557966530905,7.110261085057087,0
SAT-0243,929.2697904342555,7.361757505127938,162.88139006516275,103.48378771440832,30.156442246995834,0.4557600477680973,0
SAT-0244,326.2762480990746,7.742282501739601,56.279257802263864,90.98428393543576,41.20339965086527,12.357281720039756,0
SAT-0245,1878.1415563991332,6.95359211215122,23.429446897980373,124.21306827514714,0.13361862385264037,10.295495682515357,2
SAT-0246,1027.9130521394345,7.347603901949126,148.80294490881073,105.67190116377628,23.589864362680405,11.225208752943688,0
SAT-0247,1943.3131923742383,6.87956986069484,0.4491816481492461,125.78568641780916,0.4842825298898696,7.61014813824215,2
SAT-0248,1938.1539610517298,6.90216820011981,149.77589718254953,125.39620936569624,0.054568286282027215,14.531365169946852,2
SAT-0249,1750.1160742945121,7.023594715540411,47.216131568275664,121.42007801368248,0.7462167827379168,6.6119634688744915,2
SAT-0250,800.5631165182956,7.460981413612126,159.24982909601184,100.69441512433649,1.684841548482803,8.273952689114523,2
SAT-0251,954.6661386232729,7.373470614081353,124.46625280348424,104.05301754373335,0.10559206301657681,11.155098634103007,2
SAT-0252,1746.9323415786566,7.018523628380178,119.9129999131062,121.41315618915611,2.051175662770169,8.376914193417813,1
SAT-0253,838.767408765672,7.46818311398245,65.7575213696718,101.56055747171241,14.366823516106969,3.1104368018696147,0
SAT-0254,588.1376693663572,7.563754274578942,10.692535300338777,96.45911632418664,0.6790829973012471,5.1414228269141,0
SAT-0255,1246.5621461791952,7.235093898350906,149.4131576770039,110.25882388068156,0.5713528840554587,1.5674820434070038,1
SAT-0256,1891.4631160733277,6.949521531422106,30.762683131775038,124.63551287876243,0.5192796041143473,6.9785546057550345,2
SAT-0257,1483.2506543474542,7.17172076840924,67.0065555410554,115.53658975804254,29.393638047854036,9.789334280072616,0
SAT-0258,1269.1039891519204,7.181040102846838,108.06384339163472,110.7568170943855,0.07002357840841232,1.9846261138793364,2
SAT-0259,465.20003941030654,7.649586850100181,86.8056729409119,93.8301653052681,1.081928174271296,10.12633523137505,1
SAT-0260,1345.5122853885885,7.184881293628046,35.75891433083725,112.37288810783365,0.3110057129568365,14.296667022058537,2
SAT-0261,1983.0915451772476,6.918809641106766,25.310944238811103,126.6087294222851,24.009940316607572,5.469807354469761,0
SAT-0262,538.1428259020909,7.582360131418175,22.18432900505231,95.12555088486286,0.09707933552840417,3.6303262298792354,2
SAT-0263,1181.1604090183523,7.263981644222878,155.34141866985618,108.88369221018893,0.8576267220721758,14.298796415086258,2
SAT-0264,1791.5342222775243,7.00228425516235,5.6807188310400525,122.35246358577973,0.8306507478873527,11.101929250771024,2
SAT-0265,1559.3066501821475,7.151893525149288,175.86256672798098,117.25508962748296,23.12880832293868,1.7757784020992062,0
SAT-0266,1484.9267596919556,7.139279299540583,35.735164269374536,115.57216915093342,0.22153907571648104,6.588980037781546,2
SAT-0267,1494.2229427780858,7.10194648726546,19.858013438234064,115.66963646977293,4.301859630193052,10.818024636097325,1
SAT-0268,911.1349570735838,7.389954059174539,103.85489785982313,102.95587016079867,0.12652850743101696,9.23270361210973,2
SAT-0269,799.1061352496388,7.446935071871096,14.397472429325394,100.7476065127726,36.3828860786323,9.93489919766298,0
SAT-0270,1675.9139643134731,7.002167280058776,108.44158736944709,119.8412918861394,3.006179314882531,9.117449266185425,2
SAT-0271,1677.1927709546073,7.030919164379412,153.11279606645036,119.8342772899867,3.7821625957613048,12.789175708347754,2
SAT-0272,1774.0229415861763,7.010220529762071,8.62164386413647,122.03497350677459,1.000668454964682,5.19478861307196,0
SAT-0273,1852.5089393460012,6.9366160867063815,143.97634881513795,123.67191401430371,0.5318854894366851,11.364551331599872,2
SAT-0274,1169.2820780635943,7.291650652535451,71.00593937678136,108.556162625495,0.21726976409690088,15.858163135659119,2
SAT-0275,1152.5777009682392,7.288503459722184,28.708314089617797,108.16844414962354,3.242897827963425,6.300345838720767,1
SAT-0276,1657.1018042435178,7.031636778720055,31.69736644814263,119.30501256743514,36.5304683607996,12.67766820142121,0
SAT-0277,1404.9386823222007,7.156830632970379,165.3776178649607,113.72578961782571,0.6002647860134669,4.01313687046512,1
SAT-0278,1493.3436913380956,7.151272179265742,19.909035349319602,115.69938353235922,22.306974474473833,4.582157725316384,0
SAT-0279,1652.8475380413718,7.0628601434711795,156.02090168081827,119.20284709907989,0.1397329870113346,14.964335599518336,2
SAT-0280,1813.0090810898628,6.979057356698402,97.96403177705062,122.78961136007746,32.16237171616693,0.5124198643541518,0
SAT-0281,874.5917666476108,7.412309135072116,7.030112186959034,102.22112673756178,0.5628968988606877,3.5570947832871855,2
SAT-0282,938.4910194879049,7.386103997913527,83.6057062291209,103.74920496009439,0.6888927895185267,7.778439095210849,2
SAT-0283,459.76929772947733,7.628721951263089,147.14091260573412,93.64824532041736,1.223198036983527,6.489377185096564,0
SAT-0284,1283.0762396934956,7.174336533823372,130.71650177503807,111.05310159999352,7.140075666008776,10.103798726636997,0
SAT-0285,361.1018654544615,7.7355764282933235,87.98083518324921,91.54429969693383,7.2099176676934915,3.1642806007300726,0
SAT-0286,1091.5166308251823,7.311572499622576,154.80897834531908,106.79388670985423,1.3732062091870034,1.2216973694596485,2
SAT-0287,1222.4958790028804,7.253123368074215,21.665657120441345,109.88530598843208,1.8553621913402012,5.972401025095637,1
SAT-0288,787.1201286180835,7.461084988581153,163.7893896106264,100.50737525499609,0.061517895164730343,8.437248350092476,2
SAT-0289,1304.4165429673183,7.191690121682871,152.3594175270028,111.37299093867462,0.4091288536373753,9.03582920965009,2
SAT-0290,351.850424896384,7.696306993383034,127.48982861830248,91.50656361760616,0.5457845367708347,9.663747024325222,2
SAT-0291,363.4919208736645,7.661379432328817,147.21979358317486,91.7600854607164,2.372202779946292,8.823725732608724,0
SAT-0292,1698.420953121419,7.073799817988668,97.88679123167988,120.24532826372774,2.3652078212446996,4.007456338441883,0
SAT-0293,912.3240903991469,7.373135025038381,121.52923723758003,103.25874731499215,6.740147451412435,12.256340801907129,1
SAT-0294,516.0028715082042,7.58706726850927,100.9076527274002,94.82097123843452,7.080303804823024,1.4957061616564373,2
SAT-0295,1187.8135420931676,7.252957812277309,63.97713549143088,108.8617515955986,0.2538646185975544,3.2538266848797095,2
SAT-0296,1608.9890402676385,7.093292796768921,102.39494352501197,118.27617722542429,10.221895991152584,11.856110343403914,0
SAT-0297,666.8957467446335,7.526000063615726,46.343759855746626,97.95634340950207,0.057250687785730586,4.547645532273502,2
SAT-0298,1358.9138088923005,7.156221635336804,79.25025075134135,112.66505037206913,7.038103646183258,7.946227721589542,2
SAT-0299,445.0906904894056,7.672264900608458,50.53957330684378,93.39627587883571,0.10119366256765193,5.302444079603386,2
SAT-0300,387.8589259866331,7.694106773160497,22.11980210305002,91.99903487129397,7.725287121830066,8.16100126469445,0
SAT-0301,1203.3028736658516,7.265102799379121,57.93513415018311,109.43771288094052,1.9068840056733947,5.6118272191631045,1
SAT-0302,1219.079706737181,7.261105389008896,153.3576992732587,109.59264096721266,1.0250227544407293,15.9079070395062,2
SAT-0303,1383.630832546951,7.217378224515575,68.59453871561503,113.16799018485159,5.901591889720553,5.783893670794532,1
SAT-0304,1534.3552673285246,7.144516782521745,134.64065681439644,116.5733871837148,0.06428098242299779,10.070085736622563,2
SAT-0305,1958.9485350863088,6.903742756079584,31.535613762869026,126.14565553942644,0.23408898651251198,14.22465716064895,2
SAT-0306,1177.710592112032,7.299098525676591,76.3954486501755,108.80136187473809,3.534194378370337,10.243166410399532,2
SAT-0307,849.0260040001182,7.437846291242558,20.67409248033178,101.68357268299238,17.402683596897184,9.097130356242777,0
SAT-0308,1651.8165311067962,7.058623968079195,24.951791406148146,119.14219109370322,0.6954932432730551,9.15074833062371,2
SAT-0309,760.4148271455261,7.442356754837355,111.13854838021246,99.77698728322552,0.29871320545679075,7.993725303681829,2
SAT-0310,1046.2514151995815,7.327325029981404,109.346727140822,105.93320913635473,1.7996137871176185,12.940528382330836,1
SAT-0311,433.3758482818521,7.637501762488963,38.4069433238752,93.20589258031467,3.680575759439742,0.9017428459459732,1
SAT-0312,343.09626380627776,7.721604855564446,85.39617497198375,91.25129736454221,0.910498214665969,14.17356553607631,2
SAT-0313,1936.5023049524725,6.948237613528321,155.39511005603063,125.67894210407218,21.335462037661795,9.42204630190572,0
SAT-0314,1721.1662048707499,6.976883987286591,31.356271561766917,120.88713895091901,1.8590288557298718,13.597084217966398,2
SAT-0315,1483.1561503592866,7.1234807368096416,3.4578959532326703,115.3952098671754,0.06403844342761049,0.2652439704529158,2
SAT-0316,995.2200055042588,7.378518929511471,117.35912531944302,104.84542475731038,0.23341666971872194,13.92149482298972,2
SAT-0317,594.6003441204377,7.560929858462492,9.6296774559633,96.64387618074566,1.1243747835617781,2.0101865548549434,2
SAT-0318,565.9429725408463,7.594853887690645,176.38924294304027,95.97673566847548,6.196501531731554,11.567366301639147,1
SAT-0319,725.4129268798121,7.501640376046674,109.73165108379858,98.98854260047312,0.22815328998805268,6.722690146916715,2
SAT-0320,1233.6853300004047,7.246661440271859,84.67134351191501,110.03590807994902,42.43677025020515,10.929051018456997,0
SAT-0321,1514.813068590106,7.104181570038297,77.39865720437521,116.15279305710338,0.45148651038980786,10.08821682907009,2
SAT-0322,1422.3355404201432,7.127333983244904,103.15271853304765,114.19818637257899,1.978839746515267,2.698005098369145,0
SAT-0323,775.8876248081028,7.4456743066680975,16.312398609638684,100.14106296438251,0.056999252269935595,8.282358854716074,2
SAT-0324,1923.27097712743,6.946525808699361,167.40343058750923,125.20911209105392,22.575749038033905,4.507964523793198,0
SAT-0325,1554.4247583828064,7.092207681799133,112.615572339338,116.96140854189441,11.627168463569669,9.010945801283398,0
SAT-0326,1242.4018892693812,7.2329123758266824,33.11612956996358,110.12917424624115,0.19290523663259765,11.83425220054022,2
SAT-0327,1339.9252685983988,7.181302831658604,101.26458967763931,112.39180266650885,31.52681352926385,1.392008791851223,0
SAT-0328,1013.3201061272429,7.340956949187672,23.986171049942094,105.1327035885603,0.4430872933621523,8.300622534143303,2
SAT-0329,721.1426821519676,7.517811252192267,3.1594891604961806,99.00403509570049,5.963879630639588,9.920314150119909,1
SAT-0330,905.1535537071447,7.394764706874468,113.49305733851965,102.76781890149113,14.318547296144057,4.7963425121957,0
SAT-0331,1588.3383877894275,7.049872469920321,116.727001536623,117.88169745985962,8.350517452745414,15.252755376456513,1
SAT-0332,324.468930670585,7.730627296173931,105.06538490461479,90.99934221612723,28.295564098613237,8.372814925558588,0
SAT-0333,497.3234888617576,7.613947156784866,33.026976784804155,94.3811722150738,19.579170365557992,3.002021728550331,0
SAT-0334,378.20449143697965,7.685605295938269,108.61737452905807,91.93860090569413,48.173094675398914,1.813833362608616,0
SAT-0335,369.23896394224926,7.72223833181067,10.171969366413565,91.83052504409514,0.17652419597476207,8.712386831729312,2
SAT-0336,1754.2829928187123,7.003645259880409,109.66290400294601,121.63099831281984,0.410445414432948,6.066290259918171,2
SAT-0337,1496.2183609460403,7.12378860599769,99.72306343937139,115.7830090557803,4.051796329051117,3.161498854517316,0
SAT-0338,1106.095509448453,7.277759011335545,117.94586955103792,107.17081820443971,7.908817644244341,0.5881059398938159,2
SAT-0339,466.3180731067025,7.630904664762468,161.1856090354309,93.61340578590821,2.0080992225390646,9.10894127260229,2
SAT-0340,1135.7469876986152,7.2990936764408305,153.0644589431166,107.76760824550657,0.08332111998225322,9.617743765655224,2
SAT-0341,1104.9020103269618,7.270812798507002,176.517754481257,107.22221864762945,16.740008907041446,2.354661358785349,0
SAT-0342,594.4431788470258,7.568765682000878,175.7233859285835,96.35796063636641,38.15865622347448,9.667634991347839,0
SAT-0343,1037.547803704554,7.337053399698606,139.01754480727547,105.78873155913905,0.8232287627534209,15.236366799850815,2
SAT-0344,977.4580484755348,7.365792274966708,172.15553199199104,104.42973473896078,0.23626938423133909,15.654900198836856,2
SAT-0345,1346.945166688768,7.207253315020821,156.11109946004015,112.35785860991366,0.05713618897034087,14.22703769125638,2
SAT-0346,1379.6592064749946,7.178016432220324,130.9648409810951,113.06177661819186,0.2575532963235462,12.932549435288275,2
SAT-0347,377.0168166124757,7.715215078438451,13.569165835875935,92.10035648937502,6.291096237981344,3.428948603741967,0
SAT-0348,936.8414448650011,7.3655334265217105,8.828979888579799,103.70885517423244,27.148020430639438,2.5873194016852894,0
SAT-0349,1363.9618567142018,7.181319219744374,150.76792215103865,113.00887344639708,0.09539139581095633,7.1746668763371355,2
SAT-0350,1155.331639586149,7.279105504199516,88.13805441690569,108.35556641718631,2.2842706824071968,9.952144845964984,2
SAT-0351,1756.032730020148,6.981917359464398,146.62920318748576,121.47979435457519,6.103286399077878,13.62579107573321,2
SAT-0352,1419.7791737522066,7.1719647311905685,56.325288717939486,114.19173156026822,0.3373746660313782,3.788212354075145,2
SAT-0353,576.9885260384305,7.620738321248068,71.5769744981423,96.05797335877746,2.5624837609416717,7.726401618273288,1
SAT-0354,419.96687058073076,7.660970679643641,126.03360978214775,92.84541508898448,6.993833393223523,10.39429984711385,1
SAT-0355,1392.1127729507366,7.175673661829357,164.75881264777678,113.4480878490029,16.297753080998426,7.184942287097264,0
SAT-0356,345.0692279207571,7.70560221922788,15.797065406199469,90.9972582185373,1.1388579473360074,7.32167946556062,1
SAT-0357,1295.8184881648876,7.196160483993602,155.06606603422912,111.50849465658986,8.760757539825168,3.679362860349637,0
SAT-0358,1898.391410422428,6.906344153557977,142.74229047828575,124.77885101619344,0.4020859700379855,15.787908388086107,2
SAT-0359,1278.306102388994,7.2045658011020715,56.79706873137384,110.999713185551,0.21782626491260793,7.6555732061783495,2
SAT-0360,959.8888745510873,7.345947498953344,63.938990543680724,104.10435914588645,0.18235229882019266,8.570596931947321,2
SAT-0361,1393.5899713520005,7.198973630896305,8.363065899943734,113.50109691493417,0.5964694430671958,3.575092731460582,2
SAT-0362,1079.029913835578,7.312285965052635,2.833310001009237,106.59908751195823,0.06406326218047483,8.274773821475916,2
SAT-0363,1227.5485418370895,7.2358327971010805,85.86110274439123,109.92573063163748,0.3531388653963669,4.160057980695477,1
SAT-0364,1900.4901749200928,6.959661570072012,17.197136189515895,124.64652825663886,4.5252072855605965,3.3171463969971167,0
SAT-0365,956.3744842613162,7.353119757893914,34.92032659473834,104.05428748759618,4.392655513682595,4.483983789992657,0
SAT-0366,1934.023958500654,6.912512179702251,152.41809591479944,125.59296067405302,0.0831058170912052,0.14387841123396772,1
SAT-0367,1839.0960913253084,6.969146851585598,102.78511042508144,123.37073742804348,0.3640967946223739,9.165402680826773,2
SAT-0368,632.844929141804,7.56455707482095,114.05383870790041,97.25907849784335,2.556483525383545,6.260932087813207,2
SAT-0369,417.91421148778124,7.672502630587024,33.74627954974561,92.68211504340242,0.4514674218561029,14.389155405183491,2
SAT-0370,471.32260234162527,7.637471787005715,149.1591248017955,93.78168149580156,0.897292580944427,0.7472440604390869,2
SAT-0371,330.97710360763455,7.713569388314228,156.23635903915456,91.0284384412735,6.877051484784332,0.7868847836064267,0
SAT-0372,460.5530332850783,7.646523745312733,94.19896686834781,93.72456487104161,0.053305312374834206,14.185388925270077,2
SAT-0373,1461.1115148078065,7.137973112368687,164.26039893815877,114.78079094472615,0.337404318265056,2.113649811049026,1
SAT-0374,421.0207023823893,7.640116978314929,152.0691524918247,92.89714049648347,0.13368624831279174,0.1343456555716287,1
SAT-0375,842.2585714993942,7.4345891695145125,131.63835180139884,101.56048338760081,0.12072509411200173,2.944730433036919,2
SAT-0376,1736.2880286480727,6.990351503142406,132.13366482485316,121.06092084917815,37.678243951615116,13.199631184051906,0
SAT-0377,339.56229075090397,7.708693910709249,18.970825311155394,91.04573565697622,0.6739861917156672,12.863153915885626,2
SAT-0378,1684.596420401191,7.024673282080571,48.75048678521984,119.83888680006433,1.906495388241783,5.508102152410871,1
SAT-0379,779.1531171147799,7.517186996486774,12.03249956718169,100.380865622395,7.951254704541493,10.721691584431646,1
SAT-0380,500.88020695681564,7.615275089882791,1.562617660735559,94.49051283912056,0.0693924831971931,8.16527034663966,2
SAT-0381,1484.4531811190561,7.095248495495621,28.495715649103822,115.44433407168528,0.2642639486799073,14.485286338549907,2
SAT-0382,1369.2028395258028,7.173486354948403,158.48769287644922,112.93887359443373,15.682430312991386,0.9971332591370149,0
SAT-0383,1791.70242299599,6.998371220142516,43.17733062648927,122.37264048664933,19.27266816692736,13.029548146912445,0
SAT-0384,1549.6207744666058,7.127436120616644,174.62771326650991,116.96667575478256,0.6573895047294451,2.812518843896615,2
SAT-0385,1665.9175816542427,7.030666745632577,107.5123799210171,119.49967856318099,0.6661235736236617,6.326772269164973,1
SAT-0386,779.458773371221,7.434591222058108,42.706527774244265,100.39997952831897,9.325253264938455,3.1521187078127775,0
SAT-0387,601.6472244255287,7.577176611966732,89.4835446271583,96.67016806818167,0.38386691689411184,11.27156911254681,2
SAT-0388,1576.0450777894591,7.054553155322233,39.437068086020766,117.54955668956991,0.11226703365133509,10.885386258076798,2
SAT-0389,1671.6190567543488,7.031236016447544,177.11524047282728,119.63983449729841,0.29619406703091244,8.811571867014528,2
SAT-0390,1983.8587414011447,6.902004645503015,152.5076971028935,126.7341652239037,0.7261129782711923,11.200792285178117,2
SAT-0391,1001.450050749425,7.3515802668168115,4.722981980819238,105.02857152681683,0.07171072827804745,10.269080011614314,2
SAT-0392,932.4307458477314,7.401418271957281,170.5996856641448,103.63223973456066,1.3646169674635464,12.445428685379863,2
SAT-0393,1619.9020332613945,7.04903096452636,129.79171931451972,118.5722464271631,8.298365181257376,3.906565755519725,0
SAT-0394,879.3660184301303,7.40914580473562,14.828625363830099,102.29809720394546,1.738623068974964,6.919710577557456,2
SAT-0395,1882.28745352606,6.949244067105274,120.7147943387602,124.25698041419746,0.08215916671952472,2.5108618167322367,2
SAT-0396,1759.30167813312,7.004886359017393,116.44680563382339,121.52599634656485,1.0457283893581621,6.930537671101084,1
SAT-0397,1029.289846537531,7.341085551851277,39.38197424536502,105.69005401571432,6.69397102949848,11.256898847583425,0
SAT-0398,1576.4808152455455,7.090691094937359,136.52040600136363,117.3602532045798,0.07468957123216464,11.09311945647119,2
SAT-0399,1582.72288594396,7.09606826367546,15.671646596334082,117.69583748948963,0.07559822062455855,11.379887762389592,2
SAT-0400,475.31057702108546,7.638134676177242,88.10013262162461,93.99660435584471,0.646806259079484,5.009403705445268,2
SAT-0401,1834.3399413552634,6.978876230545384,1.7861772893558259,123.39966348044375,0.19224802933786936,10.629202183275689,2
SAT-0402,1158.929033161357,7.244033119180942,174.37274800105436,108.3972625358218,31.864886673335704,5.942714481464116,0
SAT-0403,1704.9776923831607,7.026409005294803,135.28145371984368,120.24514079290256,2.7733253126339443,15.117423533070292,1
SAT-0404,844.08432175204,7.4423171455676576,28.593373708738085,101.5574501172805,0.36386995959987184,5.559525217497386,2
SAT-0405,1822.3894884435408,6.9894643895767805,61.501327191230935,122.89596788461914,6.505792263108942,9.68798992130577,0
SAT-0406,961.6428538480773,7.359057687863101,28.90122800547173,104.09410862539136,0.6664340194865408,12.027316855655599,2
SAT-0407,318.42400751650723,7.706058873117889,137.99114354327662,90.73091247707366,0.12454231595231334,14.511878121518825,2
SAT-0408,1839.1493599127482,6.956280788679366,10.60133857698873,123.2752610615678,0.257434467733253,7.063064794917183,2
SAT-0409,455.18735053642706,7.652248822028812,151.27319800146856,93.69345708163291,4.2384967815190135,5.83171322051146,1
SAT-0410,842.8331839037053,7.454049138711157,169.59534099043137,101.4944176844349,0.0715481357517912,6.937447987533765,2
SAT-0411,1915.1053439863683,6.927604489676919,121.79302970513397,125.24270400796678,0.3288797430629643,5.246771989641515,2
SAT-0412,1916.0321497938453,6.95352508654475,38.333781000258156,125.24760067760253,0.2108164215624995,10.497399392070292,2
SAT-0413,1274.8444098095865,7.222784828236114,64.81621724643914,110.98124268581356,0.2006205128931642,14.930196547736486,2
SAT-0414,1374.1232606886588,7.171404396859584,85.90317746560763,112.98886629012223,5.588010844468248,2.1045290031809314,1
SAT-0415,1062.3573873631435,7.318558947246444,108.83245899640568,106.33522099463895,15.011384691085922,9.018660829845496,0
SAT-0416,798.4583118867097,7.471272431330461,120.35935616610374,100.56293662424538,7.023762670186767,14.372614733229263,0
SAT-0417,858.7297271288571,7.431706424052846,99.7586487573989,102.05414219160924,4.326666806070863,1.691821260030679,0
SAT-0418,1443.2813753309654,7.187590814964267,63.23650574793403,114.5685071976239,28.07535909639495,7.952460031183866,0
SAT-0419,1579.036700044056,7.063787991387275,160.36511050168255,117.5336467124752,0.07484230347223356,13.857150574181093,2
SAT-0420,1645.6843743339425,7.061699409298988,14.650570443232482,118.93379597988975,0.15900810515215746,14.41719016622211,2
SAT-0421,1642.3508427507415,7.042219870894374,83.92608976382911,118.73416791288639,0.8753678082610262,8.278199362331373,2
SAT-0422,455.0503751827736,7.624211473424209,139.60167092414653,93.43972113600476,0.6551261496701959,0.4967349630367076,2
SAT-0423,1140.5145179943884,7.284372960597864,10.957079752452161,108.09318794988363,0.8976867463834618,1.7796629370023647,2
SAT-0424,397.8498920282953,7.676564174625323,126.9603390260342,92.32995321416509,0.20813001688735552,9.428796249335615,1
SAT-0425,1234.1990999503505,7.297947158960632,147.5480920955985,109.9914076102512,0.14043648504882988,2.0693518428148847,1
SAT-0426,1050.601852334741,7.324900928535207,118.94963373486941,106.11446543341029,1.684805403495847,2.4757426528892057,1
SAT-0427,1809.0971106891095,6.957946665931568,2.328640609564079,122.89550149480522,30.417784346414003,12.37666185473561,0
SAT-0428,896.5555213385338,7.411306739780181,32.42466488379713,102.89680052218304,0.7496842577147009,12.036003731350455,2
SAT-0429,499.01392792692997,7.575614581704665,61.580354200551135,94.35150406871281,0.06745740752758746,13.500086874865003,2
SAT-0430,543.0858594898209,7.590952862843214,42.064206414848265,95.16478586482266,6.568588157799528,1.7811886704470803,0
SAT-0431,1594.5680739197028,7.074246469498888,173.27738524093692,118.15525296957071,0.3734949386417516,3.2505036094394018,0
SAT-0432,1350.9707076376437,7.200528700527844,117.28690454048285,112.77857242080519,0.27180348837795976,13.344086734752544,2
SAT-0433,471.9085494087434,7.651650942676216,53.454772323282654,93.9091687866194,0.4696172125585151,11.565292978294893,2
SAT-0434,442.9815703954956,7.638290158449447,167.3455497597802,93.1685513768313,7.420216485743286,12.91470243246584,1
SAT-0435,1491.6475234805039,7.117061326720864,133.30695590571364,115.73761636698693,14.303033800310343,15.83695623103596,0
SAT-0436,423.69711081912897,7.64388509332266,51.229298128867555,92.88902405222898,2.904946954139496,13.844462537875664,2
SAT-0437,1697.1621007936055,7.006245115080605,68.19868249235196,120.19345863366269,0.4638806590373153,8.375365688511188,2
SAT-0438,1500.6117861660437,7.122216145597414,35.89719449471221,115.92856119900216,0.4269772184601869,5.041214138276393,1
SAT-0439,438.2929270912296,7.625522585180184,174.79331968784794,93.23276036813729,0.1180035449199799,9.157857726537747,2
SAT-0440,444.2241139448263,7.639371760946549,93.11336926021318,93.20253884038905,31.540832280216772,10.253526148727794,0
SAT-0441,1977.2872834519983,6.889971568446867,161.29020374963724,126.48654300487571,4.10570934573741,5.4314630460279725,0
SAT-0442,936.2603527854045,7.396692527901393,62.36995878303259,103.67371273377555,0.06024123461002941,12.357898896006388,2
SAT-0443,930.0916500137146,7.424846901160203,154.95148855754562,103.52745389298073,4.853681673184673,1.5747853032603993,0
SAT-0444,1681.7592643377543,7.009493535450789,9.699632716889512,119.88690044356869,1.097565069374557,12.492346325839188,2
SAT-0445,1910.3225815525598,6.9006958570103984,176.77625715437185,125.09313249758162,41.366034847657566,0.6087764470429807,0
SAT-0446,1976.2018084988806,6.907826577407303,164.16618606599448,126.458170601262,14.327699976164519,8.017660365471695,1
SAT-0447,1580.7429149402008,7.080386728104395,65.37653005979789,117.63029803873768,0.16327408771177096,13.796839769383935,2
SAT-0448,939.6412954025568,7.388364025615028,139.44998975662392,103.34195400499885,7.232748451053107,1.4752748569402214,1
SAT-0449,441.9512183877369,7.640013466016463,135.4064267652887,93.2294749380251,1.4310935219954226,8.332049090257298,1
SAT-0450,1621.1497570766426,7.058139532715292,162.22586347852769,118.58643194282651,0.18201429394954927,2.6343238794849304,1
SAT-0451,1249.2872245508686,7.239763177915758,55.305896603186,110.2968353766799,6.2400738044022335,14.32757042596887,0
SAT-0452,1021.1774157198597,7.363963628775913,83.79360095654691,105.37223436295554,2.1934752600836047,13.33429387983472,1
SAT-0453,1840.8024546610511,6.927960461158858,155.69993026908955,123.32492878043126,0.061672512354520294,14.949284168366454,2
SAT-0454,489.03571992045727,7.615266280861569,140.1443017443389,94.34337875362617,4.352450653277981,14.012219230328489,2
SAT-0455,1137.4626772944607,7.290346752315624,70.82400937325025,107.97095345843643,4.017272334321247,11.811197626869252,1
SAT-0456,319.3011961046124,7.700374071796069,152.23054192418198,90.84959468307069,0.1352774747131274,3.039738209857195,2
SAT-0457,1096.7230913900148,7.340541234411819,8.451727061832269,106.8663777231317,0.5571000344637437,4.909791589135521,2
SAT-0458,395.7155686591235,7.662319050405821,140.76833453333822,92.31050634414795,2.861982122479667,7.999997017097318,1
SAT-0459,501.99045765572225,7.614631955507199,37.21785469806611,94.48211497352324,0.13041244783016878,9.463458826084107,2
SAT-0460,499.7946195210783,7.627795066540944,51.50176340828169,94.43678024139149,18.07757357789874,12.536715985480038,2
SAT-0461,1403.657513597308,7.1484254180596185,88.77867184720685,113.64393885574609,0.060454431734386575,3.708658088174269,1
SAT-0462,1568.2762947512197,7.048697860263243,80.9522101925953,117.30134262979,0.10173777824292286,2.139610566936716,2
SAT-0463,1291.7269006651713,7.203783870116794,93.70261923657857,111.34386208469165,0.1115040813183263,7.773501712438813,2
SAT-0464,1935.6933324067213,6.947742100928772,98.0596072209643,125.38337089303968,1.9199564697323612,2.6096784328794373,0
SAT-0465,937.2799851902969,7.378445726824432,59.67498438566945,103.80701329751523,3.625033637502511,11.130415157040199,2
SAT-0466,785.7105466791633,7.446049301106815,31.5409523430654,100.47062536825345,0.8131906824464487,9.252531152458305,2
SAT-0467,1776.6185179220824,7.012963019659743,138.32662127171508,121.98057873867077,0.36725734252687386,11.883613972600267,2
SAT-0468,680.1129254830695,7.512037676330486,71.99570683568557,98.2985408280387,13.394365055867246,1.108641298516224,0
SAT-0469,1937.4783170490393,6.916205922445401,91.05135524263062,125.46995091232736,0.08013605438714769,15.43869121106284,2
SAT-0470,320.6626069726878,7.7209374921165805,116.04540930320125,90.72828985372755,0.34661359098705946,0.1000880331442341,2
SAT-0471,1948.7940054029864,6.937112262103816,163.73482601519808,125.85973550739226,0.0655113789120932,5.274534398715202,1
SAT-0472,373.3718503159794,7.735364469540632,127.3595096052396,92.0061911995159,0.05503518228127427,10.906193214523212,2
SAT-0473,1814.9432932867207,6.994601855969683,8.182660606269213,122.84186200803053,0.5742614525547781,0.8177589744076902,2
SAT-0474,1197.0918854467097,7.280507035677081,150.9408654116432,109.24920139601323,0.19206179863936168,1.4252583435859507,2
SAT-0475,1988.0401534028106,6.895309944213408,178.08390272295344,126.70457900776309,0.3192034442855159,1.3192348519287027,2
SAT-0476,425.4541600501781,7.637700037808039,85.0473045668488,92.98454357923475,14.514814058878757,9.346004654863572,1
SAT-0477,1241.5522834822455,7.237333008899665,174.5262605618281,110.33564745936853,0.154138203556995,14.345212509112756,2
SAT-0478,1947.8143105524682,6.92424822340514,98.5191736217669,125.9491633725704,10.95645617160655,8.931447945624965,0
SAT-0479,1189.266335089253,7.23949499195989,82.73087925695096,109.02671531233484,5.298121014142326,9.696784501246778,0
SAT-0480,1369.9776848299464,7.172304904581433,59.65285765094191,113.03503257616714,0.47676743055574483,5.601426254207031,1
SAT-0481,1482.7727712738492,7.132081659830054,118.35987765000098,115.50331016142812,2.1809134952472466,0.3979844226229632,1
SAT-0482,1072.7198101052145,7.324895688941397,41.36767569450802,106.57399438312987,1.077151606884332,0.44367401224434033,1
SAT-0483,1366.848736142908,7.187347244499667,18.888159332592778,113.01019256793707,0.12138246445729535,14.22412846704649,2
SAT-0484,1293.3343302692704,7.217419897071864,4.902678465158534,111.40435580325541,26.334554118911335,1.730901775642383,0
SAT-0485,1831.9686178346813,6.9606716936124355,52.62842028874748,123.21724376745483,2.557548670189306,15.996651011820266,0
SAT-0486,377.25884658047835,7.675237801631874,71.23874979006688,92.01325560509656,21.86201267317326,2.7143195230293222,0
SAT-0487,777.6374223067916,7.443211828371333,99.3738053306246,100.2140577911555,14.80640211226876,10.826687658887511,1
SAT-0488,1915.69952293015,6.9712005319263275,52.694968533661154,125.02924351908511,0.08675565244918829,15.1883920076764,2
SAT-0489,1813.4484326145578,6.978963370789105,177.13072302937402,122.78591374907826,0.20930615630329108,5.860399514508217,0
SAT-0490,1074.616479735712,7.31225865978993,52.51413028341017,106.55642382386291,0.13638083573772844,11.777487701093031,2
SAT-0491,1354.2254162626125,7.1645472149876515,79.37556992035357,112.4566812230399,15.534905032973395,5.678620630733128,0
SAT-0492,771.5480110679255,7.529086429700657,18.58970979574206,100.21033112570933,19.33347333238341,4.948562802506981,0
SAT-0493,619.8059715303942,7.529547215755683,46.91277240067362,96.67389039472064,1.9181586904065147,3.308684912949479,1
SAT-0494,1088.2872883979696,7.301470893689764,8.699785162018397,107.12915950968795,0.1026843413761538,13.152865019691946,2
SAT-0495,900.6987876442898,7.412053111051543,100.71155401871904,103.00238008309034,0.12759094674079818,4.19245431138545,2
SAT-0496,1292.2153901464826,7.224131341486967,135.1916429638377,111.24343583181694,13.791656809034807,4.602214790203136,0
SAT-0497,432.14888284047424,7.673607031799047,35.22776658049223,93.07415296950282,30.657759565292903,15.983618900960561,0
SAT-0498,1956.471173032483,6.954658106115257,66.22396880689274,126.07640455186726,0.1983339492390878,5.304235923580585,1
SAT-0499,1976.558265615325,6.920299924444998,2.990920810888902,126.44352902865903,0.053998629040271355,6.822114372429578,2
SAT-0500,1486.8749138335668,7.1011149097353075,151.11397002999817,115.55528059376627,0.49184551981735364,15.841881778619873,2
SAT-0501,1211.3638227850047,7.24533806494026,140.39343448770052,109.49884807069057,0.06172600551108101,5.971875492137078,2
SAT-0502,826.1969476867572,7.4481142817306845,11.385725557372627,101.26616968114739,15.236834578299419,5.921816915050284,0
SAT-0503,1683.4515335018127,7.0761506825583975,65.67616967767404,119.91662955993179,1.4911000199365285,13.260660012800377,1
SAT-0504,1464.0429933415949,7.104649239281107,171.9515904929092,114.90147793006395,4.212620536680311,5.059692858954303,0
SAT-0505,576.4487968863152,7.598590591172032,70.56487009421586,96.05404409332839,0.8578762263785339,3.817199047914274,2
SAT-0506,1848.5762136395322,6.967364355270531,94.71756181032289,123.62072778946947,0.5438669214445978,6.829043057287624,1
SAT-0507,1698.3133129693872,7.045061575103012,63.943714981863934,120.24336989390217,0.23204448102539652,11.240188729161463,2
SAT-0508,1914.6598525962709,6.933900250776638,107.30364986308713,125.07642132123415,10.246313638541668,0.7875640971703192,0
SAT-0509,1533.723164260212,7.084250135518751,176.068237614628,116.68457274295272,6.1039751597828635,6.045264832775211,0
SAT-0510,1342.8058330908427,7.203455523793514,179.5504506266155,112.33784436493376,0.6041669411409328,5.605293940938862,2
SAT-0511,1011.0131616940521,7.361297267706426,139.4486960420144,105.22423784203703,0.459534801781901,3.992611721466318,2
SAT-0512,1885.6384217018226,6.967560232266631,72.77599764367908,124.57105582526023,0.05043112313329049,10.503168640879085,2
SAT-0513,1772.3086121506942,6.99603416977478,88.99779614921789,121.88009630889711,0.07755796305806499,4.71084227857747,2
SAT-0514,376.871739180522,7.673739819306468,64.21163906021498,91.96260228396926,3.7045595384738244,9.747031788227249,1
SAT-0515,344.8238566453284,7.672876844697145,177.4034333827823,91.27730720191391,1.7490085601365244,8.11895577912857,2
SAT-0516,939.9877236926843,7.400203359013121,127.39685504857268,103.81061855048463,1.0078122148936313,3.5533189461317876,0
SAT-0517,1677.9406623291159,7.045671794121351,80.80766017803202,119.74967988977423,15.187165538671847,4.338400306970687,0
SAT-0518,1978.3694198354056,6.890111596530276,2.180748619728421,126.67195325926934,1.6242939157672216,2.8125408475743665,1
SAT-0519,555.7087148759979,7.575099025672006,93.6870145902987,95.60994483810953,0.7119520560450147,1.0004045161302297,1
SAT-0520,1310.0222160986298,7.194427159282849,177.10707630629122,111.57164738997749,0.15231372763270248,9.945096563368095,2
SAT-0521,947.5144562727365,7.350358282315099,94.15096361514934,103.9149800636787,14.48885375962856,10.797340233237916,0
SAT-0522,1948.8544762848255,6.905318455579176,32.83680338804046,125.84274858401756,2.6774092205937956,2.739399898377852,1
SAT-0523,1731.6021693307048,6.991175899273516,3.9768744788594734,121.03729361391149,0.09469998323180855,9.884738916508566,2
SAT-0524,1725.1587980089344,7.0083933771162386,63.846676462357635,120.558028429431,4.422473083338604,15.715147366915492,0
SAT-0525,1096.7783716514496,7.291116850715754,165.28105002538925,107.04070819149007,0.9422849198378077,1.282993309511372,2
SAT-0526,1005.1931539740308,7.318566940742243,179.37973947165858,105.03115733614032,13.587159546110067,7.896896872731933,0
SAT-0527,764.7920222822006,7.514360620579812,170.1662354661605,99.87594733779201,28.557079812402154,11.755307596937275,0
SAT-0528,395.8383443065761,7.700008435527011,131.29559878576623,92.27374002648139,3.164954303004002,0.8315462454926577,1
SAT-0529,1770.0280396335904,6.981699753543675,100.46569111931795,121.7794642034179,7.830842014771841,12.474548554562089,0
SAT-0530,1681.9317155211318,7.040898390775772,106.32350634880537,119.85975048255895,0.07391669617217324,15.674228669776886,2
SAT-0531,1999.520044586422,6.909041661465474,97.01856163655296,126.88803003077668,2.397377192486574,1.5069570301707755,1
SAT-0532,1994.2826230256392,6.926673966712964,127.26887488613791,126.93718990669404,9.22550055682802,13.173455496908213,0
SAT-0533,1244.2338995244668,7.218440117366749,75.39718080516344,110.36276213274398,1.5461671884343242,6.1194465577422985,1
SAT-0534,1607.2786058068677,7.090130968660096,120.4567208920378,118.22973989871922,3.017312367334956,2.391447618700788,1
SAT-0535,1906.1017408001276,6.928566821326483,21.890180692296187,124.98513603332593,24.87794830698068,7.94177202622193,0
SAT-0536,1744.4005641515994,6.981602477029004,47.825155181067075,121.37144101632273,0.1964575485174839,1.2371478989213298,0
SAT-0537,720.491772963436,7.511699798621993,150.4805469855533,99.17630745345029,0.09856200441797337,8.401412389858228,2
SAT-0538,1065.925030027159,7.346845145536079,162.6748075338104,106.56452774761485,5.900663433852301,0.4077729292643888,0
SAT-0539,519.5710057575415,7.657494774835236,97.02148276085394,94.82306143844391,14.706750372194712,11.68492192259641,0
SAT-0540,1921.886746339828,6.908922794491704,5.694411098327832,125.18986059917296,17.80084301108195,7.858718004404259,0
SAT-0541,1330.496878566496,7.208158646357927,166.85524274251827,112.18269186262003,4.206331492873873,7.397140608869371,1
SAT-0542,688.6927693558866,7.5058869446750265,126.37156644491156,98.45798857143873,15.798296445804162,3.2194447504991306,0
SAT-0543,1441.8911634899564,7.158376876304053,74.52502627596495,114.62289885952868,6.323574238243569,5.844084177136775,0
SAT-0544,1350.8180087784228,7.15529793954567,107.70820977590934,112.73726302558867,0.0914325331368981,2.9917239755044944,2
SAT-0545,908.8766206558289,7.374321325005683,77.3594701994459,103.02688100436673,9.662745207784972,11.792702598518254,1
SAT-0546,493.0479067393693,7.604899445769624,83.76106081176917,94.36834892912788,0.1726032913591989,3.2645022609851337,2
SAT-0547,1441.6744325077593,7.144388055083131,159.6257758186923,114.44252627585904,0.2563291704958327,9.90637790012227,2
SAT-0548,1184.5230915364486,7.250522457535123,28.99516444508008,109.14579787316322,0.7636984080976058,4.545759266977258,1
SAT-0549,1612.9412659505867,7.078962861271061,18.66044438680262,118.29385702120221,0.43920897217574995,10.546016915180902,2
SAT-0550,1184.2779518903887,7.283999808033918,0.4911740123428343,108.8961427347831,0.46123814756284626,8.693233846849342,2
SAT-0551,1748.7085505415182,7.018451864882431,56.5200676101828,121.32387882297382,0.16097134652749054,6.832674243278248,1
SAT-0552,1238.2416259166253,7.2700361154025925,26.53447796719693,110.03157458272678,0.3807002356726585,10.800713251226496,2
SAT-0553,1253.5945516101567,7.238686326829995,39.59738912486001,110.35649449166269,0.0572740341679595,6.709980938570843,2
SAT-0554,1790.3111245191865,6.964241723485832,2.023016879767847,122.24007585931301,1.3113023647553015,13.159792580943021,2
SAT-0555,985.9208725610749,7.387996797636071,40.895174643786575,104.52899418736892,10.109807368257933,11.700615485940729,1
SAT-0556,527.8258883660892,7.5890817355888,59.88808474782731,94.9649872014409,19.306880654991613,8.696160012757991,0
SAT-0557,348.93054973267624,7.719906539286822,5.682149353778638,91.56558704982316,14.462909917979418,14.045264853117352,0
SAT-0558,1583.7333346451524,7.110216526964986,109.42274237348659,117.75234874518227,0.8878572826058684,13.278902961342084,2
SAT-0559,1354.52623730089,7.192116965156163,102.38406279907643,112.72200812034693,7.766931015183021,8.556246374465937,1
SAT-0560,1496.93560576868,7.087757308488124,17.466440131786513,115.87569732886378,0.3652938214240769,1.1883183298426805,2
SAT-0561,662.0390745651482,7.50994363511585,107.10175995331218,98.0139142179812,0.0733934701887197,9.09934199996798,2
SAT-0562,531.8315084975086,7.625433997013326,179.75770534959798,94.9491654974295,5.331931735335142,5.748586134008539,0
SAT-0563,324.72593163539926,7.712223729255802,170.0044115060773,90.75448304736211,4.419351025003889,8.687795790579372,0
SAT-0564,895.9988499712149,7.4077216444307705,0.48077880617939384,102.67212079463631,12.701592950115828,10.389374321911735,1
SAT-0565,1302.8600676528763,7.222299738813705,143.16809603946473,111.45448456132775,3.526051283348397,10.35293334012517,1
SAT-0566,966.8148766695449,7.384232324707643,63.64894972256747,104.2280553857177,0.14778994219096578,10.809032291936223,2
SAT-0567,1043.7073674403396,7.337566251364629,11.457246660232936,105.85647133866381,18.132478888421645,10.900371138215736,0
SAT-0568,1837.0697806393723,6.964472047714634,53.27697846891745,123.36685752028338,3.8082755843046567,1.8375745575447164,0
SAT-0569,892.0342939396106,7.401897861796549,57.91257293633321,102.67194828489832,13.237290549787105,3.148226054270969,1
SAT-0570,1173.7821315716783,7.285670369086442,94.18396307563023,108.62777707975953,10.502467963851599,10.12560197222338,0
SAT-0571,1632.2101216599433,7.06834210657586,118.99507810839384,118.53858157271634,0.39134831298290074,6.589940980823483,1
SAT-0572,974.1227299461593,7.3614925007201535,134.83001019751345,104.31461283790098,0.08368139836386485,12.22934116036164,2
SAT-0573,1357.547390387385,7.20322137020387,44.262547661388,112.64056777851498,0.16923229014760763,2.086057587979031,2
SAT-0574,1766.0183048694669,6.996423296385995,57.91870264472946,121.72212444628732,0.09496356440926816,3.1452156112865755,2
SAT-0575,1914.1850602179916,6.9191056349228495,55.508707234752336,124.9742850863215,0.26866265396144073,8.97958781473992,2
SAT-0576,550.0249175793645,7.573805342236123,65.29263626175776,95.45355347743434,1.1955474663423125,8.06189350635959,2
SAT-0577,1875.1989627745404,6.9329409480765865,179.93813561214097,124.09229183666461,26.266476545195424,4.33571474822937,0
SAT-0578,1136.597698235215,7.281042092051732,140.02979450893665,107.88487774003075,20.65505102162018,6.59265757173202,0
SAT-0579,739.0154601082293,7.512118952962661,175.49828374836548,99.33370590529991,7.1576333788143724,0.6562023211007839,0
SAT-0580,1080.5307856050442,7.297749573677611,124.75999071847029,106.60615754883834,0.05906185498960194,0.6889059171105486,2
SAT-0581,1966.055377985311,6.918297581075428,73.12872629651118,126.13290393499994,0.528612718727575,1.6093393449154594,1
SAT-0582,1137.4507597878783,7.272942571792952,70.15395305285548,107.90050013335075,5.572053578837959,9.271000005888911,0
SAT-0583,858.877737488764,7.419912682052491,87.94460609550812,101.8795378790293,0.1219148741972891,13.833090992349142,2
SAT-0584,1376.7814523384338,7.142458535150829,75.03656100559873,113.20713018556768,12.654166788375647,4.237550299227243,0
SAT-0585,708.2475519229282,7.499287071002822,149.09872429669423,98.83681673966043,27.713478752282786,0.6396432926023818,0
SAT-0586,428.96765778472866,7.652364561885742,83.70036234480472,93.00094973862409,0.5771428825958682,11.367170922631768,2
SAT-0587,519.0955272481037,7.616804781805084,53.210584837952275,94.78341330314076,6.553890633607964,13.700100600180557,0
SAT-0588,517.6779262282132,7.611247209153287,139.47484836539732,94.87193899225714,0.13918178510917495,2.2969472856833177,0
SAT-0589,558.2345789709004,7.560519919183081,153.79567368865102,95.74168122326655,5.907712493851357,6.233388365452362,1
SAT-0590,536.0061935039972,7.618366264199379,75.67721210528126,95.22688517751195,0.057987747771771916,2.6239157653842557,1
SAT-0591,1389.4870661654647,7.17099140926631,120.20554294299576,113.55518608477693,0.14167216305268268,1.7910831466889068,2
SAT-0592,609.1961434785462,7.560718200256706,10.584816099894855,96.77595994972766,6.739293090500137,10.405879761742554,1
SAT-0593,887.6343816505674,7.41021251539803,95.303673354864,102.66649952468251,6.831572363511671,15.483829971232288,0
SAT-0594,1824.5402968402202,6.963615124626514,8.09660479419145,123.07596496861248,4.192355687071867,10.88283344737012,1
SAT-0595,1105.7347884468832,7.305869655241824,5.254351289004253,107.3003784522799,1.352265840501741,15.75855313864113,2
SAT-0596,1434.8481554857462,7.15544308224002,110.32647309409303,114.31080108508905,5.292907178483433,7.006884889517632,1
SAT-0597,592.9437810427708,7.53062520065973,54.60036883109768,96.34652070343483,10.480268258034355,14.376129642355027,0
SAT-0598,626.8913319747403,7.536414893262505,133.65668924198377,97.13298953231654,39.665687080800936,3.360839172194243,0
SAT-0599,369.4766476530141,7.6848522405758874,161.2948609138666,91.82426783165471,23.168242965079507,1.9746794354716104,0
SAT-0600,587.1896072226798,7.573814105123737,25.090411271463125,96.32367565315289,12.094073733750824,11.270068809507737,0
SAT-0601,773.6035763543297,7.493164768418785,130.4141109442063,100.27756266572102,6.070752878866914,6.0053924607159095,0
SAT-0602,600.9178232704696,7.54580055215464,92.61359969190178,96.41547146742431,2.6389832921272585,5.151232883678915,1
SAT-0603,450.79430738699455,7.634021372969288,20.181465029285796,93.35865645493092,0.11502612099168032,10.773361190162763,2
SAT-0604,505.0809808710214,7.6034955129326525,117.28666916653044,94.59683693438909,0.1569063538986386,5.40239626413486,2
SAT-0605,1083.3239056556338,7.296450554457015,109.7040245591651,106.6786051287037,14.448031716818031,9.203674938751488,0
SAT-0606,650.7673212898472,7.5274041665306575,92.81553613214086,97.93318448254547,12.850166088334932,4.861336189554739,0
SAT-0607,919.2587637817282,7.40972197564662,166.76481682073845,103.29778865901852,3.486155719466772,12.561745652558898,1
SAT-0608,1155.8093604532567,7.256108508864403,93.79434529872297,108.30404978787362,1.0363117026260118,5.066974613875514,2
SAT-0609,1473.671208669921,7.136783164842853,178.29272078103827,115.19338875560757,0.05985052355028371,8.6064068974899,2
SAT-0610,366.83063772986816,7.65742294550902,91.66118649265998,91.687997947419,0.479182370814906,0.46849973078248663,2
SAT-0611,1658.9976781453724,7.0342628216318985,20.853366894246165,119.35588241293857,0.9138795875824319,12.688519455398446,2
SAT-0612,1367.4306621345431,7.170401833174367,84.68482519350547,112.92293154177165,1.433569864091359,9.96337061966942,1
SAT-0613,438.9903543130822,7.684099701366645,32.81917725991283,93.16797195670924,30.686248665688012,3.1565693651870412,0
SAT-0614,1785.0836609815212,6.985322841542368,107.4840273391369,122.14765418041166,0.10594932733175741,3.5244366798473,1
SAT-0615,1865.4830809040825,6.912590333907791,124.76379153484821,124.12037076763134,1.801236602914896,4.27363740422667,0
SAT-0616,403.83253175326837,7.6304503463023,84.31835016727686,92.63117609021577,0.6349461514920228,9.266828663069434,2
SAT-0617,770.6920018502464,7.471501552582073,17.58653418296668,100.13150249048113,46.694352980318655,8.818229696179065,0
SAT-0618,1670.5421756482042,7.0527059037948785,84.35545174503953,119.47622015761819,19.25582157874016,4.454433142306041,0
SAT-0619,1572.041473652219,7.091458866105454,14.661758652192072,117.47328262447027,1.035923218224272,11.135590442434358,2
SAT-0620,613.6857329058414,7.557672692180015,122.78267199117612,96.9787630551544,49.89497764731164,14.235754538346326,0
SAT-0621,655.8938496724074,7.554844214091028,142.26628047571575,97.83928555199174,1.7424476688716661,0.7918960946912617,1
SAT-0622,929.8025747453494,7.378172753437597,173.22845890086703,103.54372583659593,0.15860738107372893,6.733426541380635,2
SAT-0623,1123.6890748247363,7.3106608179508905,26.784379283122156,107.76154199391146,2.3259162870640364,9.536969884862478,2
SAT-0624,1351.0331116015032,7.151967364555109,95.83566039599475,112.55837604418787,0.23855432884686234,9.42431973623829,2
SAT-0625,927.1531872686131,7.372206676484553,102.15672615637536,103.4767761780495,4.05423132190857,0.41061201713322115,0
SAT-0626,1086.3090174263514,7.274876562811847,166.04577608057636,106.74709363264402,32.45566626725621,3.4480004469928205,0
SAT-0627,1570.700594827386,7.079050845671639,112.90979530737256,117.41892743741555,11.417361047922736,1.0831084688627324,0
SAT-0628,362.36144491401643,7.69308790264485,26.191736216157796,91.77771019899185,0.32995983335509227,9.146544653543952,2
SAT-0629,729.1428053848354,7.4949302852018596,78.54323831337406,99.17502548363011,0.38863855188909446,10.361699213944528,2
SAT-0630,1512.694296003739,7.111800839445774,117.85725513112509,116.01978371092184,0.08069276805628225,2.639900398433294,2
SAT-0631,1821.8516240682388,6.956563447490831,126.05119777247353,123.01180342203011,0.36022471901953723,5.394876797538954,1
SAT-0632,1169.8516515966326,7.266601593902213,155.35331974630324,108.5924639017721,0.09480787300297751,5.343879519678734,1
SAT-0633,1204.5929249510366,7.223767468580175,32.491281571991486,109.43150591338524,1.5751291264247362,13.134857072277557,1
SAT-0634,482.19241927761925,7.653714520876325,171.2775864159897,94.05673168254592,6.668240314470306,3.19508453201322,1
SAT-0635,1060.6010235998729,7.31757938270126,10.645094162806606,106.435146685768,8.96424027719018,8.818194529077969,0
SAT-0636,1205.4493529735394,7.2435286945460575,177.07718422240237,109.25617005215886,0.07543236098680092,12.548674648764061,2
SAT-0637,712.1998561790404,7.533382882578711,154.39807671595352,99.00435281249564,0.5234047975106554,13.29029326706306,2
SAT-0638,757.7134926139477,7.452773612087452,118.84910089719082,99.75705526058734,0.3660035552125898,10.698400899127256,2
SAT-0639,941.3830772778585,7.360599625538281,132.29919004759589,103.53696877324667,0.1027710925029565,4.862491260963938,2
SAT-0640,334.1210362221348,7.688274391800388,13.084561065383358,91.09259797430715,0.6114823657384222,13.186440539778815,2
SAT-0641,847.5345814914031,7.429593035772809,7.466375321001428,101.70084964029425,0.395303201602048,11.900439830892013,2
SAT-0642,659.4616118941259,7.538320374516717,18.317843379245794,97.66576548395265,4.003756828334444,11.30105922788538,1
SAT-0643,856.7454987024549,7.441007524176562,15.7247666395448,101.75294042431463,22.3294484321308,1.1706328422716141,0
SAT-0644,503.59562409272706,7.666008587597055,98.52862202449832,94.54240076601097,1.1574311515528157,0.7879116023596378,2
SAT-0645,1813.8963772578213,6.933514746110528,38.77991768012205,122.92052949391041,8.688914478078521,11.156308233455114,1
SAT-0646,1309.1071710418828,7.216366180038862,154.83701469721078,111.69613654583047,0.13708852562899884,15.122237339619497,2
SAT-0647,1454.4739425456323,7.125822307903937,80.234752152253,114.82782885375639,24.202996626420738,12.402210456202008,0
SAT-0648,1641.591105632475,7.041409946238942,125.19188576248948,119.01288286280763,0.1434677274199211,13.320461507249648,2
SAT-0649,1147.3517381793972,7.268881789087507,117.51715673462877,108.12665312877812,0.18848359045550803,8.765218265511667,2
SAT-0650,447.76448974862024,7.627503273021499,57.57354700734781,93.25087509895525,0.10431851955354755,4.942919691000375,2
SAT-0651,1213.0811210915313,7.283346538267406,43.77016323463123,109.40836558220263,0.42462788336998875,10.876016658593459,2
SAT-0652,1297.6299006354946,7.226426483005555,61.64213135339433,111.36716834628537,2.270917434269406,11.420336920333812,2
SAT-0653,1567.247106113361,7.0865525495485695,143.39850729297075,117.29707262941737,46.02060657102662,10.83819174993471,0
SAT-0654,1033.8212285904551,7.363903388912417,105.52983271553133,105.77453858689975,11.997040039988933,15.152674001837196,1
SAT-0655,516.8865147524584,7.576968004941188,45.636959253451565,94.89327524888337,0.6922730309300228,5.9381466289064475,1
SAT-0656,782.4190398578316,7.438080659225938,147.21235975087743,100.41348338555484,2.6699810441307323,0.7305548693969577,1
SAT-0657,917.2399038776797,7.351770625915644,9.85668949985521,103.17530410111159,3.7059034219167635,14.544265208842809,1
SAT-0658,1398.0593102637222,7.148842113630531,125.85300749825316,113.44468664842724,14.694393583790518,2.6519359897798926,0
SAT-0659,1270.32311793715,7.225684979634271,79.03814503487595,110.83427233385653,8.097022770346415,11.187361596260176,0
SAT-0660,905.3644340263386,7.403419506263137,131.6322694918599,103.00371256726626,2.5517809165705274,13.983950592385682,2
SAT-0661,1977.0759229480655,6.912949359041996,166.9430304438168,126.2753593024192,5.087671773768588,5.031248228432698,0
SAT-0662,1329.8171929067082,7.1662765935921815,135.0061376304427,112.00607137026404,8.644160802509095,13.30360232959333,1
SAT-0663,703.2855459511907,7.522392070113568,79.55376395604883,98.62327168296497,0.12543021934407883,5.379724207715962,2
SAT-0664,473.03020345468633,7.6363456114008645,27.175622672498534,93.92524441466458,0.1996808369165685,12.728701058956371,2
SAT-0665,559.8605366133645,7.598259146882096,145.14317564497807,95.62595169776526,5.817318886456616,1.2102948212822393,0
SAT-0666,718.1281382536638,7.460611568936778,82.92699484584688,98.9993269468871,17.792898048585744,10.51836367886775,0
SAT-0667,573.1583345412446,7.582563248601756,13.556218222283363,95.96080460225663,0.844805733071965,10.866495481202858,0
SAT-0668,617.1639408872197,7.528685750975405,129.42997159983588,96.87975245647254,43.51519878039056,7.9136706982872065,0
SAT-0669,784.6617867795401,7.455578402689109,52.53335386498614,100.32852849524639,0.22242582104128086,11.024744735417102,2
SAT-0670,594.7351120010833,7.575277557576524,8.799881310933342,96.36565684705666,0.8893400499102918,14.778620361806071,2
SAT-0671,1824.5012218649229,6.975808771121659,162.495182695334,122.95370160900553,0.6831862778290501,11.768291716994824,2
SAT-0672,436.39736762479174,7.6350286543854216,86.95819657690382,93.19841534085839,30.89283938743903,15.384606860856092,0
SAT-0673,1191.669362269433,7.26003702180213,50.57298957114388,109.14396032525481,0.35900918269471077,7.232935790247941,2
SAT-0674,997.6746058824245,7.324225688301564,128.94958041928408,104.83943947758019,1.2922374958220466,8.499822634092919,1
SAT-0675,1970.043648744631,6.935880125015845,159.46242798286147,126.50645006512737,0.18225167279773383,4.293445286079538,2
SAT-0676,490.466133685689,7.6177447992515,0.05527350607598791,94.24106005237306,1.8313388980787229,15.771066518033809,2
SAT-0677,976.3545183777608,7.387890591633635,123.81339330758767,104.61451055261811,18.671642037575435,0.9766740890642308,0
SAT-0678,1948.0997365681271,6.911455442586532,138.06210492331584,125.79187506191023,0.40840249820312924,5.802064640107283,2
SAT-0679,1771.3621140197665,6.986235368739895,37.78693691030874,121.66412616268705,13.531508691325637,4.833384919820944,0
SAT-0680,1689.022520613776,7.017070827490998,88.13228965383139,120.06311922951416,27.09597299889776,6.245536238736081,0
SAT-0681,738.4348059763977,7.505273703584204,16.071461805228445,99.45368821282355,0.08276441953262059,14.691713982265863,2
SAT-0682,590.5088985631119,7.552697455000314,134.41497885276257,96.34525021057131,9.294876276784272,5.951802197689386,0
SAT-0683,1436.6934738715327,7.157978715548278,152.54208334140344,114.36682157076037,0.29174291151906667,14.679928777930009,2
SAT-0684,1879.9391815168958,6.942869296944009,19.473598318438906,124.30904548884605,0.16786223141347537,6.831087900444922,2
SAT-0685,1246.4969181236806,7.194218207077078,146.96284561791023,110.22415220189902,3.1793415107907483,13.690823430601311,2
SAT-0686,1271.7415720988297,7.2103744714639815,138.88263068721605,110.79368136906554,6.543014052257943,8.395826566160633,1
SAT-0687,775.9644592224831,7.444482601782194,62.44439766676151,100.30134015996973,0.7642808211470665,5.0505102105102075,2
SAT-0688,1608.1379864262926,7.068586237688931,124.25211538804498,118.23916742941792,0.06553768936588567,7.244661803589408,2
SAT-0689,617.9743725477897,7.52819500313217,0.008662300976114423,96.97351881404967,26.612371469433725,6.847659155753434,0
SAT-0690,850.2547018872142,7.4480702790378155,167.72357780387975,101.76062844769358,7.784142090553585,4.232633587160259,0
SAT-0691,1023.2419456479086,7.340308289120646,99.06898235550712,105.42882143022744,0.32656559217738895,4.7052558068713175,2
SAT-0692,1162.9376437635735,7.270189806482923,111.6609955311599,108.35043659607436,1.547253848425281,3.0646173488457658,2
SAT-0693,712.0965451056363,7.514776626190397,119.63869443703776,98.8398124011186,0.06058266506016252,5.442408859600973,2
SAT-0694,495.222602056646,7.638488202081573,101.04642309930601,94.0384523563515,0.5209767591056553,10.028052271661819,2
SAT-0695,1338.0540721507755,7.190251181878623,154.21749975710335,112.21036933473717,1.8474628373072581,6.246274882483136,1
SAT-0696,790.6719405084348,7.44496846841658,109.74632978727792,100.51849860183076,1.7809053955647298,11.425939053728047,1
SAT-0697,1288.1049764184409,7.178582697265921,163.39679842328508,111.23639154679566,0.21063213912672793,15.792952898038456,2
SAT-0698,562.4166159661439,7.568479049348945,104.8196920021216,95.73236909682717,10.695771170497581,6.095907163803312,0
SAT-0699,1117.9381731531898,7.283217951849794,30.80203595650199,107.5302215009541,0.3940546710486676,7.4559635040249095,2
SAT-0700,1205.402035337696,7.255470215839189,164.44126005107452,109.16613407345827,2.7554978333143914,2.709351495474752,2
SAT-0701,388.1000125981258,7.672446864091277,122.69294970475981,92.16504904928516,0.3262396037566156,6.336223043891126,2
SAT-0702,872.227272929665,7.432031982538353,125.86301899840011,102.08077435795862,0.9429173420087907,11.656635967571802,2
SAT-0703,528.5049507962563,7.588551124118835,177.3867151028883,94.9367219148531,0.209659178646398,3.5567363159051597,2
SAT-0704,407.73744980370515,7.667077692878921,13.535379757724249,92.55398781752042,3.96271995553472,2.994659373618145,0
SAT-0705,1982.9323950629068,6.931219752009767,77.14666927713084,126.77499352207143,0.9456340130824646,6.0843604910221485,2
SAT-0706,848.001536457029,7.4375466314486305,43.037170737590735,101.77330203297177,0.05588843103909096,13.11652682291193,2
SAT-0707,1676.7865579528793,7.036497825000338,113.47676364845829,119.75151520758163,0.06073862922982463,10.016149316412587,2
SAT-0708,732.8891130983985,7.478633444090648,145.22610307465294,99.3105646172568,1.2953077373973432,15.325512103627041,2
SAT-0709,1458.5546277806798,7.122440191805628,173.93592760063427,114.84062005013652,0.17727504531142946,14.482192915349245,2
SAT-0710,1592.3873618124671,7.057882202481677,81.82729925184961,117.8164728466358,2.8450909144690932,2.503081429489553,2
SAT-0711,1312.5858590333353,7.191740323491019,141.51928151566875,111.75623643281443,0.8385816399465001,0.7765891162547126,2
SAT-0712,1101.6795205352691,7.318607846370769,165.0692865672683,107.00704560185322,4.594407486572634,6.445606273696591,0
SAT-0713,1000.1295540503565,7.34919376298365,122.99857785645925,105.02824202815465,35.987818916343414,8.40106371321637,0
SAT-0714,893.076053123092,7.380624539595426,43.691859440958815,102.65165789830361,1.9283169055247698,8.29757278197756,2
SAT-0715,1880.1995452213039,6.985772069310582,109.41374719940245,124.40094260703268,11.510808136483258,2.2323055575597794,0
SAT-0716,1712.0529932391396,7.028728324826761,174.59136860709359,120.63380097758483,9.080149380160396,2.0845971712583053,0
SAT-0717,1940.5457481330714,6.896992034146081,177.75968919508176,125.51739672675288,29.130190000654874,0.8450860168893385,0
SAT-0718,511.305279925426,7.601465533779743,115.62476826902007,94.64416451931228,0.21929241283681097,13.628672824280866,2
SAT-0719,1542.4747078461953,7.099388862685148,159.65779641695806,116.67887601342632,15.168789223968892,15.169131795284043,0
SAT-0720,1895.1787765957642,6.97820021468008,36.06288549274851,124.47579918257465,26.03341489876153,1.9393918214657497,0
SAT-0721,608.0962124816223,7.535183542982633,44.29414889139902,96.60387989459883,0.7538048843567733,3.4886456599308744,2
SAT-0722,413.04365452352175,7.684739858693827,171.51977031927476,92.92554618273466,0.4369367642096888,1.5288198672850744,2
SAT-0723,1559.9051037931004,7.117357558262726,24.342367589065425,117.21137403078136,35.898618300659514,14.052284521139276,0
SAT-0724,1276.6042924058502,7.206911321176039,34.39915885682621,111.12143008487848,3.818286137501047,15.343468863226231,2
SAT-0725,1731.1089204890625,7.00851572918573,75.6987478416093,121.04710691847568,0.693424943910743,4.262565569862152,1
SAT-0726,537.6130402646921,7.575072621972973,106.12517179560307,95.17165936446935,11.870066912972687,4.926982895972461,0
SAT-0727,1651.9544301618134,7.044512252418833,108.6870994142889,119.15769600941141,0.4096299563316705,5.866447982165739,0
SAT-0728,642.7664440811657,7.5379122345000455,52.55568155980159,97.48749274635114,0.16911914040459639,8.089173774153627,1
SAT-0729,578.2151028716976,7.586769376486116,165.71050163106267,96.13046945271458,2.1422932121172713,10.951129560454337,2
SAT-0730,579.251856482688,7.59481515810669,164.7179833694153,96.05048820350133,2.498078830622614,8.119810273748524,1
SAT-0731,1684.7770243933496,7.019245467677625,70.57224954942704,119.7770822200109,15.004082765435642,15.220925148652235,0
SAT-0732,1430.8352751835403,7.108422333768378,78.17251849745348,114.6310567821142,1.175038426807854,1.688305990491829,2
SAT-0733,1189.2112221075029,7.2606668172761735,126.44948102830412,109.01955367926462,13.89087562730174,12.797827645173502,2
SAT-0734,910.0118230099542,7.4048706045680746,119.33926135180214,103.01726935672208,0.4294751523137589,5.418281143934189,1
SAT-0735,1791.2409193822841,6.9931699509998975,68.81346269297322,122.32467897281565,2.6611822059790016,6.103008240576107,1
SAT-0736,967.1566826184802,7.3636007487997786,74.56396527378061,104.24112428944879,0.2110514503775456,11.370388154992584,2
SAT-0737,1688.219047101681,7.035200145993042,62.64700981587701,120.01722583386984,0.7166512407123726,14.877096047002626,2
SAT-0738,1046.5293445693715,7.360904301587174,42.36930125159542,106.09032725601445,18.689130554324443,11.487592379001871,1
SAT-0739,940.8055300223429,7.391037635232376,82.46490532634515,103.69182481542653,0.22229750310966687,12.436183148532407,2
SAT-0740,1086.5556356383308,7.3034291350839045,123.55814374245728,106.7041988632043,13.479953467712306,12.037389950324902,1
SAT-0741,812.3423860790415,7.43912689814806,133.55400695657275,100.9671409624709,0.35284582078154525,5.203559835141225,1
SAT-0742,1570.935946299627,7.081045731946231,140.19725668607327,117.34847899970872,0.06345110114966818,12.13519388759774,2
SAT-0743,1154.6246631572144,7.310492789224676,67.45176242156187,108.42870182281757,0.10684980022443005,12.573880087494846,2
SAT-0744,694.7615817495894,7.507189323393488,137.63447897129527,98.63116780529573,8.641888135312009,8.581065098343153,0
SAT-0745,1829.2767745667663,6.971560014057571,1.1729368245375493,123.18005935542672,0.30562071248173084,8.63442419480238,1
SAT-0746,952.6150763344594,7.367801300642718,85.8689887890388,103.82775197379186,4.585712054273684,12.179560768693491,0
SAT-0747,1224.0398638937806,7.26640362329232,142.90279202388436,109.66539660744068,6.2598901562040865,13.090790709368079,0
SAT-0748,1841.0025886397298,7.006173284328107,113.4080497154436,123.43509865757045,0.5424071398615182,5.461407528287659,1
SAT-0749,1361.2045930537865,7.188892801016165,85.33136234781138,112.80912584526844,1.3296182453265974,12.844839259447122,1
SAT-0750,498.7266692042189,7.618922094150079,116.03556118914285,94.40535151312304,0.8133383974750712,13.045923206139038,2
SAT-0751,1897.7146101429078,6.943779144904522,163.2502805667595,124.66642139920022,34.754976036436474,3.822597690605412,0
SAT-0752,1367.1036902214103,7.12945711292267,101.94872410983733,112.84529721153034,0.4558443658704695,11.499516850535784,2
SAT-0753,869.3395449170464,7.434655540356779,143.9615144628191,102.1852445927035,0.1773940834966532,3.065889357194918,2
SAT-0754,536.7625235277583,7.598949736373764,176.53369054053556,94.98997946704611,0.6248108074056049,1.579480896511255,2
SAT-0755,1649.842821759503,7.0580760781315375,127.002276373602,119.03868577193434,5.099377074397319,9.23523389159862,0
SAT-0756,1354.123685078473,7.168941109402264,103.19863750003144,112.55790959998134,6.180990490405738,14.547569960656043,1
SAT-0757,1206.8838563597465,7.24493071662915,6.747470482561246,109.53695545848599,29.589794595633567,0.6637984740596355,0
SAT-0758,1819.617391186628,6.967845284789913,67.40602168582576,122.87036165264304,22.091919852006708,13.241376037759254,0
SAT-0759,1640.6152590817023,7.07400024594129,101.7796920327213,118.96131261482743,0.36637983740870556,8.152892250185756,2
SAT-0760,557.8472955456771,7.577124527000131,143.49718290708586,95.6872446320099,1.1600047063410273,13.788237634667556,2
SAT-0761,829.927515252432,7.481682872249723,78.85886213656373,101.48414101522125,8.725231706805243,13.511283269219645,1
SAT-0762,722.4315376845918,7.50480915391436,172.81048963765923,99.21956043963263,28.091947372828148,14.017060196578988,0
SAT-0763,1564.7086973735509,7.061708205819238,48.92287547226148,117.25112242714209,0.5134108505368644,12.325095881426105,2
SAT-0764,357.00513905082494,7.694504274332812,134.02209513785695,91.48787664256751,1.0771949453857648,13.50357843729722,1
SAT-0765,1268.8124642812381,7.210131534833431,75.42565507514296,110.69382863155957,24.969210790925107,2.8988007944991376,1
SAT-0766,1596.179765759174,7.0293227811234,87.47792902186306,117.93097535673803,0.5948693922748007,4.931265067111572,2
SAT-0767,1790.5015824949742,7.020487532768725,144.45036609577926,122.25332382823937,1.3820029271979024,3.9555301158360128,1
SAT-0768,881.5389728170427,7.4275723993746725,53.318747097306996,102.50132308636456,25.85130240368164,11.904610029276162,0
SAT-0769,1696.137417942422,7.039916895699012,17.426170187125763,120.22388886170192,12.7555637700563,2.542925597937461,0
SAT-0770,488.0739528238523,7.626487540953042,93.64600523041689,94.28240387061183,0.26869697636564954,2.9974218670068384,1
SAT-0771,1738.968895948681,6.983025899119089,95.18303012467477,121.26619185923776,0.4713626866844805,14.075539059478887,2
SAT-0772,516.7307259643701,7.597632272161222,143.49019900056726,95.00061491150132,0.5725932007785104,11.323526867314127,2
SAT-0773,975.3883939526244,7.382839512507705,174.2974571217783,104.45335510138666,27.36436815009129,14.018541648913478,0
SAT-0774,1655.4021218252412,7.026043074635493,9.95412353910271,119.38266054423187,49.63307877759308,2.3157486063449793,0
SAT-0775,554.8596264929154,7.535700100371292,106.50410527375959,95.56755618541912,10.495011306716025,6.443788432524707,0
SAT-0776,689.7273718954905,7.5089903130470255,122.63013545666398,98.52729149350316,1.4188906008321491,4.60210360421345,0
SAT-0777,1527.8293662682127,7.100912424322045,177.4442431347339,116.54658861253509,0.0536403321655323,0.2539292559464271,2
SAT-0778,1524.0621121283264,7.108153474527353,169.6662385698441,116.45798687294594,6.186345542132879,4.623915070975438,0
SAT-0779,1389.9509759050054,7.18114152134429,128.24113764815596,113.41439088154587,0.7362977915036231,6.135373706448283,2
SAT-0780,1479.71235559407,7.138235869291757,93.92209402400385,115.31124992284998,3.962136332450029,1.5662922321591188,2
SAT-0781,1222.6315536909135,7.250271094293687,29.07430601386703,109.61799825105899,3.3040901991805174,9.107152169446435,2
SAT-0782,728.0584001418197,7.517131124980944,69.15177993679514,99.20723095716784,1.385052304006088,6.192445333314867,1
SAT-0783,887.683188956663,7.379991853096355,105.32201851028778,102.7294746370075,34.05118243738114,0.8387404302129726,0
SAT-0784,608.7161185624236,7.567101816747868,130.53607138723567,96.68903378252264,0.058669047899693946,11.293263951400832,2
SAT-0785,1844.3659542671683,6.978081022609963,114.3719203462402,123.58793824761695,6.844905516760927,11.695549358073546,1
SAT-0786,1291.7660511024048,7.187547290301523,128.54210432899342,111.34414541421916,0.8481830889021879,13.368095943214016,2
SAT-0787,981.4474084981878,7.332910766192482,77.24745081934158,104.54175493356298,6.92374964378206,7.820095537885023,0
SAT-0788,1085.4098661950256,7.296539344237108,130.97291230278162,106.92748769303766,5.304310602459429,15.501674877618706,0
SAT-0789,1910.381677340086,6.924500643923387,25.873426083549457,124.71026213393107,0.05366411999970246,14.633619898066057,2
SAT-0790,560.6973852973363,7.598208661091133,29.26553611736044,95.60134694563904,0.3589099429648777,8.866490839092092,2
SAT-0791,1296.5907144285552,7.197778300353434,29.309786249303308,111.27328133786719,0.18460547020919146,7.174735704003734,2
SAT-0792,1160.0107541035923,7.258028070376024,160.3556922664397,108.32061202435327,0.15846343401555402,0.14824740365647338,2
SAT-0793,1339.4722002389012,7.177759190895467,13.68613139555421,112.33399822263046,7.663021723186714,11.404813054653816,1
SAT-0794,330.78731249542886,7.734488879522703,144.27150709202564,91.02990483521027,0.26159175505525184,9.082776614390088,2
SAT-0795,1782.6106452050576,6.992139843436972,42.042761648412686,122.15880544911381,1.32795344306395,15.006951913228683,1
SAT-0796,1884.601080222141,6.9449705849209975,84.31738928914513,124.47748325587483,0.2753829133835442,9.548290791335782,2
SAT-0797,1260.7264121016551,7.2247904985724185,164.87218718382204,110.4894034857882,2.752146033950322,15.886411892894404,1
SAT-0798,1484.3064005907167,7.149241044809514,105.4687013437512,115.3575576008343,7.255900331147248,13.675726422626317,1
SAT-0799,1868.2489480014026,6.940464023564146,37.82118352182455,124.08803250644354,0.49225962943398166,15.262207179457754,2
SAT-0800,1502.3056783327777,7.141562891380722,51.13621085738528,115.81348524822529,3.22131021072854,5.309838063432119,1
SAT-0801,559.3163729542443,7.588105710830292,165.68039230124143,95.53796915525679,14.911946180495548,2.4744423167995366,0
SAT-0802,1279.6902122835822,7.214819876674577,76.8859065197961,111.09398511796154,0.09586119969061367,12.770266609342492,2
SAT-0803,1331.4155788508551,7.243769209386973,105.6573869412221,112.26391523140518,6.77613112527769,12.600533937209207,0
SAT-0804,1021.0221412140562,7.32211934473111,82.78779539256998,105.57125168498463,0.4660203027119745,3.462038136548455,2
SAT-0805,1551.9552005620287,7.085849963076285,68.11885584872093,116.9930213853835,0.11665943638829271,12.259440000745114,2
SAT-0806,1888.4239251073252,6.922298737449904,40.190242847832344,124.5668978727979,2.167367851380808,9.353376392858358,0
SAT-0807,1873.4664719415198,6.972295466102333,123.51447008722837,124.30323692861954,0.23864754008786646,1.8414498039366005,2
SAT-0808,1066.4269313870245,7.354566728298513,129.28356472898167,106.32414125009812,14.556446962826136,8.07835920136632,0
SAT-0809,492.50467792928396,7.654116960132444,49.47931648933191,94.42560368920712,0.06724464929555543,14.905094213334987,2
SAT-0810,1974.2300382359688,6.935619610828563,142.02195174986946,126.47706396079376,0.09883907973567525,8.152674972579138,2
SAT-0811,1726.126746958088,7.0122711427339075,153.81633605430233,120.94400988449759,1.8279250407808232,12.640313933900206,1
SAT-0812,511.92655804555363,7.60265421815698,165.72151732313347,94.7337556115132,2.9227748157492206,0.559668787607109,1
SAT-0813,1865.431200449533,6.9232137174033594,29.018234505306587,124.11439652777202,7.73802267301823,11.676494464515239,2
SAT-0814,1778.823815505618,7.034220652318268,54.706263050387946,122.05669368773961,0.299745166791242,15.154714439585888,2
SAT-0815,1182.0246971143226,7.273924831944737,154.8636025506652,108.7298411655799,16.759120707413704,8.042491779797679,0
SAT-0816,1305.1682407663798,7.196200463734686,35.73723650902092,111.69696074205154,36.17404076466354,5.469587617106823,0
SAT-0817,978.3045965792214,7.39110347533788,0.6243226638291666,104.40832972150632,1.570680728267165,10.381743027701665,2
SAT-0818,393.0947859974533,7.657058677700519,156.74891584529422,92.39822456321104,9.562338189477378,14.668553319982188,2
SAT-0819,869.8353107980315,7.427630951410634,58.760899515246486,102.18905547592092,1.8772195478975844,2.9106374434801525,1
SAT-0820,1664.8508626166195,7.039470620838145,74.60955452501099,119.60099033812759,0.08079250849362614,6.518737939361086,2
SAT-0821,307.87443910782486,7.738107230847194,80.34012462971484,90.64808986082578,0.4756686649440982,2.585015467611275,2
SAT-0822,866.9485918749451,7.419706455785421,152.68942812010113,102.17998487056029,0.09150189180569622,7.996802292296295,1
SAT-0823,976.8867791046036,7.336234261095421,60.82058602682287,104.52369690496498,46.30281149834836,8.69271000718589,0
SAT-0824,1213.572524994469,7.250932712880444,160.61037945416672,109.60336535378434,0.24324713879128135,15.112837474074396,2
SAT-0825,1863.7545479016928,6.978322569177985,111.04904484864863,123.74553179062595,4.042697655199898,6.658990944905275,0
SAT-0826,888.7881904221341,7.4092229383906085,94.91161032606317,102.61143030937954,0.3564554918237421,9.114610155281202,2
SAT-0827,889.8204432235871,7.424782833273663,58.61061128294324,102.50987425344502,4.5573108288249395,14.175674927461023,1
SAT-0828,1553.7521217865722,7.07120889004501,43.868105330613446,117.03123613668201,0.21388241389858303,5.210339502800923,2
SAT-0829,1068.7704995126721,7.319104599741556,112.33051969992276,106.32427770623516,11.344365281242613,10.819205516584681,0
SAT-0830,681.8281989979694,7.505248627630187,80.4409488101837,98.12519987698245,0.10749909617902399,12.138873396271334,2
SAT-0831,1069.1471774255788,7.334384141868799,163.89288178776113,106.60714904076939,24.23378243644375,5.35539893152345,0
SAT-0832,539.4569346456598,7.595415189613741,88.49496890052896,95.39092233847747,16.604854787204573,2.713024849937247,0
SAT-0833,599.8578770605797,7.57561167783112,92.12308500621441,96.53553548594735,5.4374094199492315,8.096261716246147,1
SAT-0834,1147.2252136571155,7.303092708375431,75.01019060448014,108.14512189390224,0.07965515476423217,5.773147509119496,2
SAT-0835,1012.1732641577314,7.36146369171378,142.0673394584313,105.20151365608108,0.21119181828470895,4.336752665496202,2
SAT-0836,1855.23803181577,6.9664081474359865,76.47105565966868,123.81166977828526,18.925823753382694,15.577398840036269,0
SAT-0837,916.0696284982763,7.375959542337448,48.481559954955884,103.1108708376935,0.11611633167924505,8.084232997354377,2
SAT-0838,1287.000195472674,7.2145267167290354,155.16555737283176,111.25534347609553,0.14681360175024405,13.717995332110437,1
SAT-0839,1374.8492894632016,7.162892087344418,107.42907984574325,113.04883177900211,2.1427917992573158,3.205546827639411,1
SAT-0840,322.2605762001672,7.710145733052223,106.47183955842031,90.78529987320702,0.3322785628075527,15.037139961896177,2
SAT-0841,1428.013532428408,7.141571093820352,109.94799728950677,114.24244684921482,0.23184466361911757,12.731459809647445,1
SAT-0842,602.6611436785774,7.540691694892697,129.39115467702,96.53507248675793,2.669379370812859,12.958205283407363,2
SAT-0843,1933.8195396980736,6.888787950856033,56.35223807626203,125.56503667011998,0.6556922246159305,6.297261515615265,2
SAT-0844,552.7266371802921,7.574141095203816,6.091986749940512,95.50482452064543,0.13202302964178672,7.821628189935211,2
SAT-0845,1004.8610103359404,7.355140140803701,145.90676895786174,105.11687300773491,2.011552199673501,9.534333781789014,2
SAT-0846,445.0944357336946,7.620212491534251,23.202909698694736,93.46059757959674,0.7244479939579015,12.657272025660529,2
SAT-0847,1994.6862281381104,6.902999377220502,129.92755269789794,126.84281481088067,7.989513357170966,13.600002357760959,1
SAT-0848,1153.7315175631124,7.3161952612337515,14.816753691719175,108.2539777298406,0.10168018583878836,1.3409204186957575,2
SAT-0849,1312.1545294440743,7.223223763678056,67.55541156512858,111.75022522496549,3.6375564035938788,14.474591961777474,2
SAT-0850,414.0300115603267,7.6975326980634025,11.344692569676884,92.65804853588756,1.0196473272178852,15.006196774817749,1
SAT-0851,1574.9327996786024,7.090483353239835,93.99846233299043,117.52998251562978,0.8263340134453584,9.52690972927289,2
SAT-0852,656.8395082624958,7.5544424795869585,117.56443910068351,97.77757072272883,0.24879008493172047,3.0693347507530047,2
SAT-0853,1826.6922920492134,6.958575542326877,30.857965412073895,123.21940868661193,0.06169473298544368,13.112795839985482,2
SAT-0854,648.7373888194122,7.522550384827755,66.89297131891237,97.49249072462602,17.459732573217654,8.822543071338623,0
SAT-0855,624.1691251282332,7.493875677402132,167.44310838774965,96.94712388483454,0.4766507299451706,13.093423614090435,2
SAT-0856,362.1344353417613,7.717865738315237,79.63004107934222,91.60936448679055,5.523865857145569,13.055449212770133,0
SAT-0857,1102.5138066869986,7.333893344567438,144.4578424157802,107.06675029844523,34.81225881506664,1.4789961194041001,0
SAT-0858,1260.229926546448,7.216162152748398,166.89325411083763,110.63007275693771,2.4770849380075095,9.75164071109356,1
SAT-0859,411.70468702819903,7.660896564764465,175.38224849591157,92.53780800778212,0.7769815600457307,7.781994358372668,2
SAT-0860,1618.396948381518,7.04829163131615,161.69796354444648,118.68211933227698,0.3190000149291762,15.143299572992332,2
SAT-0861,1070.591019071647,7.326387490456937,57.13295924861444,106.60723558041695,31.703074574352005,4.8165965416138015,0
SAT-0862,1191.4634578568862,7.282509042303368,173.26311950901473,109.08365260308166,5.5616090674245084,3.375401688435708,0
SAT-0863,1049.2966697949878,7.294372902453131,146.23114351428845,106.10767561397356,4.952382543604234,14.36368101070456,2
SAT-0864,981.2972034880542,7.371232160102159,150.6916050551078,104.40323895128559,0.9493907144533309,2.4645775455116654,2
SAT-0865,1251.3885632239703,7.2258825504170385,2.7311371509302584,110.63385394474841,17.144157306895845,11.015659393718941,0
SAT-0866,563.9084180822113,7.583652366372441,171.76299539729285,95.73112259164431,6.918095698798611,4.870315040084792,0
SAT-0867,609.277821841961,7.565885997895129,140.05624029277334,96.71964430222191,0.35360615807873963,9.128747512409895,2
SAT-0868,1765.0355557229793,6.995662620881352,138.234149371422,121.53918374962012,3.1456180225414787,9.897888982176053,2
SAT-0869,1908.3962856271758,6.936491516697888,14.674451567145525,125.00480767701796,0.9762293673278928,6.736171583131671,2
SAT-0870,934.62583767558,7.3822475296910195,41.862337393199624,103.46220197149475,0.05232876592245857,15.601943185769823,2
SAT-0871,760.2659443440414,7.495686537197527,173.20709972482183,99.89732899068277,13.238546305611733,2.1961473725511684,0
SAT-0872,1394.7992235063268,7.172708925937059,90.12187346498574,113.4568387836504,0.11680489708320282,6.3232455156844365,2
SAT-0873,994.8480908667639,7.360679078583774,71.61444328270609,104.74836603218796,1.6936884361525908,6.943285697301621,2
SAT-0874,343.15680462258626,7.679589906999079,151.18934708644446,91.17252173223355,0.5100920836731128,10.133646489039286,2
SAT-0875,565.4594155225236,7.572965234702473,15.72127454050998,95.84485995872525,0.5311743901383401,6.575430155292853,2
SAT-0876,1517.1527890405757,7.126526777249701,75.04956292879068,116.07628556406485,1.3522738648254577,1.6428725808173954,2
SAT-0877,1420.1707012472573,7.15341303556108,67.62613939597504,113.99311453292496,48.982316073153015,15.164136971075136,0
SAT-0878,346.06318725592195,7.716532463742228,62.973249665470696,91.37854315543657,0.839670791501313,6.715657398055102,2
SAT-0879,677.3526752860141,7.555455479932528,55.38460385755316,98.41044392326883,0.17618044142388967,5.548512262751453,2
SAT-0880,692.8271541997213,7.532655811630435,37.813492222214045,98.52136154913771,3.4656844559644604,7.202881774366674,1
SAT-0881,1442.2176641178382,7.144423626648844,31.123944538293994,114.46078551239542,0.2557602975117534,3.5438713458498667,2
SAT-0882,333.5079141824191,7.700331552679053,115.27310104554134,91.01960821158036,0.10366148224363904,1.6935247862315492,0
SAT-0883,476.9845893737755,7.578278321177487,165.49107141756213,93.9979728529958,0.07071190224967115,2.462397817830915,2
SAT-0884,1659.8573451344218,7.041744779107881,91.59329614497867,119.33709269421463,0.05856172035260218,2.749811749356598,2
SAT-0885,603.5259254923672,7.553301236144344,53.63541942239597,96.7024610560516,0.9827972877335793,3.2430076676327326,2
SAT-0886,1409.668383348187,7.165292116739823,28.64883559000074,113.85917926086668,0.9531194759232743,6.777367374396457,2
SAT-0887,704.9107277794351,7.50238880147964,149.42580570946697,98.81717334199308,0.18013836000423727,10.019998377802041,1
SAT-0888,469.0503676908868,7.62736522004399,174.86857016517848,93.80006029127944,11.24675321580115,10.099316624625047,0
SAT-0889,713.392724699072,7.465384511573275,62.84797226421333,99.03650844508122,0.12211862005086219,0.10155135603463705,2
SAT-0890,1527.8537841546206,7.084937238831855,52.3710765993832,116.42432907249474,27.85618142163302,14.743226903684558,0
SAT-0891,1754.6839957806858,7.0134166644208555,108.26873153548944,121.39542450998678,2.895329113011375,13.183270170463913,2
SAT-0892,1711.3737697638858,7.056942237344975,139.55921657161664,120.74023071442372,0.06050888254909995,15.426614827033033,2
SAT-0893,975.2120003513731,7.364141823223489,81.97250463893958,104.25462942597193,38.715768252474945,5.823782881210066,0
SAT-0894,1435.7447321700986,7.152077180896203,113.41316697497085,114.33631417068874,0.41955971620091026,10.670308499361411,2
SAT-0895,648.4733022068956,7.554628501076566,128.97883224419255,97.48488198967523,1.119166966751723,2.7715299131719444,0
SAT-0896,798.3511414437226,7.44017805534358,172.90661181411227,100.93924665798191,0.356267399150384,13.090825132803342,2
SAT-0897,1823.7708914859036,6.981633939069965,29.70671949361501,123.22596486480371,7.660090461375818,2.665746794974465,0
SAT-0898,322.10326996825125,7.702307895146934,179.5288488885665,90.97347544683389,1.4322230749729368,5.283172642843218,2
SAT-0899,445.36450245259573,7.664321027832531,70.58819794342118,93.31147851921403,0.12476388294041134,7.904274209557034,2
SAT-0900,653.4066337482465,7.53596036689624,130.17602569077968,97.89305625809597,0.10270270006937601,9.553053534758732,2
SAT-0901,345.1047465854935,7.709860514582904,103.03458803513949,91.32950805295083,7.500604123382884,8.998165086159032,0
SAT-0902,608.4402396526555,7.541507561399052,87.60035106159123,96.81201026124197,0.25716639632177324,1.7233265861889566,2
SAT-0903,1291.1706536484767,7.226759399147421,125.65356637168557,111.2647527286961,0.1295239642956838,6.80464844553523,2
SAT-0904,1016.4217360072465,7.38721248050074,71.23569304024711,105.31219663649354,1.5748993194525054,14.774257300872579,2
SAT-0905,1817.5419088308572,6.956791576601474,22.699796640625152,122.8798346049778,12.801647572047635,13.97065959125444,1
SAT-0906,1689.6540549553495,7.025283892994505,88.00080896182315,120.01604212058577,0.3430190516945522,9.493458019748772,2
SAT-0907,881.0894978863892,7.418371434220121,93.94485672281735,102.49728605010209,0.33749305436175336,9.199960749712261,2
SAT-0908,741.0198368331972,7.5021174260631005,36.34238761198906,99.51978794402403,15.871346936368479,1.8756354041243501,0
SAT-0909,945.4770938843537,7.369854501787732,168.4114841391583,103.80053448729815,0.13882618461890117,3.284125291733824,2
SAT-0910,1303.5014022751732,7.150161499766576,40.945616396332426,111.66638815432539,3.5412189509550154,4.1169719074051265,1
SAT-0911,755.7081893988897,7.505854279588624,73.66096693513758,99.49474315853952,36.644639475081114,7.86231208352851,0
SAT-0912,1361.0531433435278,7.195160979156743,27.887343632050193,112.82316891042937,16.706268347780473,11.728561164721928,0
SAT-0913,995.9998087251088,7.320833414737916,96.44339631364994,104.95250808552208,0.07663297850577133,7.425533154107705,1
SAT-0914,1238.4802074483664,7.225395523988967,55.37476945801614,110.21593845372702,0.4557247695770818,2.1043705652146243,1
SAT-0915,1041.4150995300383,7.36448751445278,88.06905359569512,105.84557648754927,0.1336883001053946,7.08564714448095,2
SAT-0916,800.5917912212601,7.484186955289644,40.43104496247635,100.75641421388401,35.21209925766423,2.6858687346073253,0
SAT-0917,1912.3706218356663,6.955671303662742,9.679523030768834,125.14475814643254,45.37270828911399,12.043242891916863,0
SAT-0918,1598.1298500715934,7.0688227046249645,140.26079719480595,118.14750782840059,0.2534831328121982,2.7473636804328065,2
SAT-0919,538.1923988029694,7.597140082246827,115.39553111273851,95.22777135441157,5.105839264995541,7.7722904337568615,1
SAT-0920,1776.3955590264518,6.9919267625935975,61.333084027982316,122.00650238462327,16.7442307558392,11.125276282311377,0
SAT-0921,1128.633037024173,7.312923212412573,8.548960442818,107.89366321146537,0.25119492307127805,3.728349216728817,2
SAT-0922,1820.7387857199553,6.958071430553602,155.80351128548176,122.76459154338465,0.1828150338893792,1.3088787114334903,1
SAT-0923,1659.7539351104358,7.029041843395496,30.56310088842228,119.30072828033171,0.05402603232250114,9.056461669588504,2
SAT-0924,1022.8629575976969,7.362523463832432,167.53359929065704,105.60149868742718,0.8607110432417366,0.9618223497198409,2
SAT-0925,338.19782414419956,7.706968694332047,86.14716814727252,91.2611331350398,24.96217316002626,9.44552142319387,0
SAT-0926,756.7515109544083,7.505692473198761,61.26960778352707,99.86557738490072,25.580495435110432,12.080626747620602,0
SAT-0927,1220.778164923474,7.232549776486427,133.5167058403735,109.67241086691826,0.12083684760511552,5.336124267589674,2
SAT-0928,1376.9129737044505,7.171502913727614,157.83109309353344,113.03115020966872,0.20512918093338436,7.864755604383005,2
SAT-0929,738.4090652364439,7.469315520533175,66.72844145622793,99.369172146104,0.8377452944957215,14.86731322777665,2
SAT-0930,536.905325923801,7.5963351450698955,73.3218753906337,95.38600948341283,10.986102327191482,7.590630940391283,0
SAT-0931,1719.3814025588085,6.989576887331762,77.96847948249552,120.63881073166816,3.423926670640829,15.945209576154882,2
SAT-0932,1973.4837071960385,6.901697026818106,166.01815106616044,126.44270405256788,1.7398797555824321,2.5963383405869993,1
SAT-0933,1193.6733099145658,7.230224810881478,124.66151847257989,109.05484073682122,2.983772156847735,11.372049049484296,2
SAT-0934,591.854785942116,7.580033185560695,44.576301068217994,96.45402861940826,0.09717825263667444,10.476635711336339,2
SAT-0935,762.9224550829272,7.489219871848467,33.2999455503563,99.8891103355159,1.3550675057198882,13.969646535068602,1
SAT-0936,331.26415013069345,7.677236631188721,41.46617941646689,91.00085402118121,47.33254679766303,1.5698470706495977,0
SAT-0937,1854.3079711528483,6.988017030222342,47.441500053393135,123.56535691462327,0.09211035267624354,4.555284804878886,2
SAT-0938,500.1768409132399,7.666411078672388,41.433028440120275,94.31138329759561,1.8059679437439338,2.2016496895893307,2
SAT-0939,1280.078008374231,7.218765466282701,118.53116049463131,111.00605738274409,0.38540539463139134,14.936212444123552,2
SAT-0940,765.8938751682501,7.460509566469648,20.868031918351143,99.87291609936686,2.083098925597965,6.8835016618595875,0
SAT-0941,1242.1026042768488,7.2923114551023644,69.72452814743293,110.39037864252622,2.6328510152096603,14.570046944007599,1
SAT-0942,1407.4146601981693,7.13214225504232,112.50964313466596,113.58182251161702,2.7001550219522166,4.781071210305281,1
SAT-0943,1710.5610663022428,7.02337931214176,52.35479530972755,120.42430333278628,18.013427679284725,2.109252811650265,0
SAT-0944,650.9161619930255,7.5378604902071915,11.749389246298445,97.60018086265258,0.7382649467502742,4.8149426404776605,2
SAT-0945,318.69290871941683,7.745987466856098,14.728306112274293,90.71816129433829,1.7702413963937447,9.595072313315978,2
SAT-0946,532.7055711169724,7.605692827132895,22.67401973484354,95.03396165787271,0.05392066022663996,13.539198209374995,2
SAT-0947,1830.0316911417788,6.9616623264428625,150.45174447626795,123.09052289207376,11.684814146193647,6.22771202227745,0
SAT-0948,1785.613131856276,6.971568298757098,118.41543100889456,122.08780109286448,0.3002155107396192,14.645457682130399,2
SAT-0949,1315.602273689524,7.194310653446162,11.614033997576062,111.75061767969015,14.081051162084197,3.983289748879067,0
SAT-0950,1320.8786627372108,7.178538237680362,70.39239824725557,112.08959712246838,0.313246338643373,11.127296928129892,2
SAT-0951,1430.5623467286343,7.148850368485223,50.145331112471816,114.30407655965232,0.05386857573617297,11.79784227266813,2
SAT-0952,598.1311736598643,7.551462996805975,104.04722009318404,96.61837362750451,0.1457014785462648,4.4560104173567945,2
SAT-0953,1854.5003080724316,6.931377170452734,94.10507094101642,123.78873278788865,45.29170939113457,0.5288210649783863,0
SAT-0954,1011.9098923165243,7.3728652914813235,86.60232420654869,105.33206111481974,0.4553797791955859,5.907273738607011,2
SAT-0955,951.3354980241456,7.368138698007468,56.61222666707037,103.64838570786048,0.10603316144804714,0.8186187421675637,2
SAT-0956,1182.160098980824,7.2391174199867665,24.803958967918334,108.85072104671696,0.11356549944590295,14.421985028894625,2
SAT-0957,379.84214351759357,7.680680009829036,133.62774891707483,92.13258474537972,0.42657769823927066,15.261051680651521,2
SAT-0958,582.6817268853349,7.572511013713858,158.3742183916778,96.12220007440364,0.0648492753810116,11.792540663541407,2
SAT-0959,1554.6571479248298,7.056785211206224,169.94716366190713,117.21041026009169,1.7117319961915094,11.654284906489957,2
SAT-0960,440.757735472715,7.656242882797081,10.551414710444483,93.39832052450046,0.21887328230374659,3.9301934436465165,2
SAT-0961,1325.35858609286,7.175638213058599,133.18356808599893,111.94526010550543,1.8067660797958616,1.2754166672735456,1
SAT-0962,717.0934864582456,7.533234645777941,130.77062269325324,98.9311507154504,0.1322094992843256,12.853463710188574,2
SAT-0963,961.8025438713602,7.383303631478423,170.47973054620607,104.04994465004863,0.9739612791462758,8.990674711698544,2
SAT-0964,790.7793525101897,7.452338529102542,45.52462700959778,100.4659881799332,3.1097149357503358,10.937877739516082,1
SAT-0965,904.6436179904135,7.3868256058680215,133.59222689312816,102.81263917903438,0.07673081645683022,12.496292982571058,2
SAT-0966,1522.3780388132172,7.104100794171656,9.83273197796722,116.36279866026129,0.7856297703712112,6.610004876341074,2
SAT-0967,805.1069165593975,7.4651410991791325,113.62422973709144,100.68516495782056,0.404148961621833,2.398290780655252,2
SAT-0968,1262.8878885047252,7.2254575202511555,63.15260832939235,110.69177055686468,0.263056752173975,12.741085109870037,2
SAT-0969,1109.2856837384693,7.295437210539612,138.40369911854552,107.37202041193251,3.2551715607547798,7.314873663731677,0
SAT-0970,1428.2409811165019,7.150124938111675,155.39477155837082,114.07915266009073,2.9147140983370243,13.248095270609328,2
SAT-0971,1892.6105568520886,6.9331101784103915,65.66778759915292,124.75396377884068,3.900043260370839,7.059416433484203,0
SAT-0972,1545.3725652574255,7.0890079068115925,94.6054966858741,116.87993302154338,0.14983663653601786,3.550560894471167,2
SAT-0973,665.3986436042865,7.484794598126268,21.132731225447984,97.97557700659092,0.35983030664149357,2.818979764795139,0
SAT-0974,353.01132960418397,7.718835271849047,75.04325374022578,91.37806621200308,0.21281701053858196,11.928355929290769,2
SAT-0975,745.8488753097026,7.489824933943561,64.94407078665046,99.64664609583694,2.0916105288206523,9.240737052424548,1
SAT-0976,1311.6324821904332,7.1875382311973635,32.96222276121319,111.80534675613374,1.2082785673527827,6.5331861173885155,0
SAT-0977,387.4238829232256,7.71770862244099,161.00615245801964,92.14704213718358,0.4896110571049081,7.924656423442179,2
SAT-0978,1143.822620242102,7.2847270806456095,26.655810847228842,108.25344175201509,11.402876769469342,8.839253824055984,2
SAT-0979,1314.6328431587117,7.180878363949358,114.43308435543369,111.76255065511928,0.09569543866313741,3.906721425030157,2
SAT-0980,868.2146143888334,7.437463741624515,160.22567582637978,102.2778481881953,42.03974476127343,6.112832717193258,0
SAT-0981,1610.5507463678973,7.074800780305092,164.15434437538062,118.30367265088566,0.11184130805535453,4.749342295244787,2
SAT-0982,481.2170303274121,7.634884320906881,142.7831459713023,94.14052071848111,10.427553867594854,6.275939163255473,1
SAT-0983,427.7342289508749,7.648418024693106,31.705404097351792,92.81549713720204,0.6362980199938366,8.058939194934688,2
SAT-0984,1537.9208855461256,7.108223970767919,147.13765365849653,116.70076022742656,19.71318019442425,2.856384870964418,0
SAT-0985,1142.3352375505374,7.278472440354717,49.78166623481243,107.94767367786729,0.08346028255600839,6.3568894961173195,1
SAT-0986,1470.2840739271512,7.140885100407023,166.0316449378516,115.0856640463098,0.6654801945643797,6.229361648580084,1
SAT-0987,1039.2064756263685,7.296117720018831,127.63560265629292,105.97916750969021,0.5073413075225195,4.647460687791977,2
SAT-0988,718.8834565064816,7.4893899093214955,141.34816098159956,98.99758638344015,47.691515030283455,15.976091564358988,0
SAT-0989,1692.4739400461394,7.065292470075234,15.3058416303487,119.99967085579395,45.249833862415166,1.270677393009233,0
SAT-0990,1659.0069942472646,7.0301441455000155,104.897720419838,119.31716288713315,0.18551621727283793,10.3229231146432,2
SAT-0991,1480.9840004525256,7.112829970404859,147.80558284176232,115.27607496676572,3.8798138267543947,2.8735738439293264,1
SAT-0992,762.6467332909366,7.466073312425362,155.08626349904986,100.08057736250842,2.0208229437259435,13.448431429634399,2
SAT-0993,1303.392133677448,7.182577288318513,5.153706852055473,111.44348607473154,0.14524141724941253,14.635724922547883,2
SAT-0994,913.6556247980456,7.352983508460789,169.04866185992145,103.18014027044026,0.15933424347242225,6.483499923482445,2
SAT-0995,455.6895246552781,7.636627754178007,7.800971994446351,93.69232447027224,46.422143504433606,13.193307345789284,0
SAT-0996,1859.4330782858128,6.961888746319954,110.61336234147298,123.79934371428021,1.1406699096238686,4.073560244665961,1
SAT-0997,532.5916725622344,7.597510627717095,124.80975497075617,95.19522389337492,0.11922679794564925,2.327089266535259,2
SAT-0998,1915.403501495364,6.932731339932833,19.322152410223765,125.01183773548506,0.22046523750107624,5.122464435801514,2
SAT-0999,1058.2098140285248,7.3256912437902555,8.642135809654683,106.45659650844725,0.31916422542834644,5.532616820867651,1
SAT-1000,614.7259790256534,7.574215640662997,141.28418780113125,96.93860382953339,1.704989835711719,6.417984962090705,1
SAT-1001,1221.2316105432087,7.241954710795307,69.24071246353812,109.70783993124006,0.507708451460106,6.030047177129318,2
SAT-1002,1784.007920989894,6.97979830587863,19.28025275672226,122.0735155773297,1.158791663058619,6.637196800323013,1
SAT-1003,1544.782306896254,7.090514070659529,137.28020694977556,116.804106271319,0.15793146269359523,11.389530516301567,2
SAT-1004,1671.1539513644645,7.051749630039737,152.8493526258517,119.58999739681157,0.47770091825158517,4.00472411256519,2
SAT-1005,1419.9317234082196,7.18100934060979,105.72951433658532,114.25804200047219,0.081268039401896,0.39535197266543487,2
SAT-1006,1476.8701596803492,7.114211049170052,29.02262551823621,115.19288239005704,23.339998551870547,7.885920766962219,0
SAT-1007,1743.6326076610428,7.010630021367952,2.7400448684683454,121.2582528745935,0.197345594544203,7.227830782857337,2
SAT-1008,724.4356150606161,7.501900344917711,126.1444466343499,99.13346647928358,9.325463157081435,1.0550333385105441,0
SAT-1009,1132.0224381933388,7.268860004242001,99.02514146855702,107.78710180318761,0.5592749516615769,2.2274422838724783,1
SAT-1010,676.0560510933237,7.521225388766489,117.14348550961431,98.11225175795988,1.32483551311576,8.207742225489813,2
SAT-1011,1979.0356135943,6.879838137939336,146.37324063592723,126.54715634035291,0.3738979833179061,3.8325370843113107,2
SAT-1012,1904.9008774672425,6.904647378232905,78.16099985873498,124.96436262020171,6.141773803029027,14.053812876849006,0
SAT-1013,367.02557932646005,7.698684654476902,22.412784390051673,91.80089386347156,17.084774940249012,2.855350534705973,0
SAT-1014,1499.4777932766704,7.108853381205485,169.19699137034877,115.85597551542195,0.36122729465245534,0.41994984639140853,1
SAT-1015,1872.9221396066318,6.957521386640759,98.14718290443432,123.85055445151515,0.2664544240033707,7.216263933317859,2
SAT-1016,606.978086716467,7.557593349121456,110.75294143593725,96.71387336681914,5.537207528846195,15.779993458671262,0
SAT-1017,1265.50689193947,7.205200192836833,168.0140573193152,110.52277066162836,0.19249931394017414,10.178573168272974,2
SAT-1018,1856.330105899671,6.959578688593679,167.68505813584733,123.84395855081866,4.1542181720880444,5.729072568064598,0
SAT-1019,357.708163595858,7.672011063171522,102.97702921107124,91.69722234507744,0.0959962445484812,0.3682013823389474,2
SAT-1020,1485.6144543196278,7.150626270464814,53.5700564498567,115.4155966730811,3.625613324125822,7.8106801919014055,2
SAT-1021,805.4933125333363,7.425565236029261,179.48045412229305,100.81273546205232,1.7345635118643485,3.3828094340010413,1
SAT-1022,1871.4735321401017,6.950171079847252,122.54707619163648,124.06129508406656,0.10982144432434872,10.399289958601672,2
SAT-1023,1950.7990167811251,6.900017936882125,73.51860184057017,126.0408903023183,4.428747385226457,9.36983505032769,0
SAT-1024,1905.2530314928376,6.951289157327169,100.77062451364615,124.89452949189264,1.093053641516501,4.31689902865624,0
SAT-1025,1106.1641683176886,7.294675331486343,74.85012904824534,107.41488245442892,0.2240346312850832,1.1952354740768791,2
SAT-1026,1765.4725066818328,6.988865388506466,159.89492741339654,121.7759585900299,0.5742783864069849,12.104805248841322,2
SAT-1027,1735.7339775096198,7.029128913172347,86.84988747583431,121.09203477731204,1.4971879437308768,9.40887910402778,0
SAT-1028,842.4708045135346,7.43414684031543,148.2351076766245,101.62610891053164,0.09410933099849082,13.489807367187192,2
SAT-1029,1709.1563060561514,7.033920528379376,151.2317336081407,120.55470182522663,37.30769809983537,4.230820248623789,0
SAT-1030,362.91297901633743,7.674071516757302,148.3798207923447,91.48224840957182,4.961996721316977,10.480506830008553,1
SAT-1031,1313.6587934194902,7.173961292540683,129.9939502456214,111.74543351648404,0.10152545586108604,1.9870199584060908,2
SAT-1032,691.0150233890952,7.514991571788444,153.87798902536474,98.4287073155864,14.708099436368622,4.739777535877814,0
SAT-1033,504.963705821374,7.607434197018299,69.70132433213446,94.64400205506547,0.46412482360276297,10.538971878850177,2
SAT-1034,430.82044276965553,7.667724529596375,20.639377105552864,93.02718011691884,3.0858059668438393,13.22674275180221,2
SAT-1035,1483.6909189928376,7.122080752974885,151.6417567870526,115.36192991193275,0.3391552382086289,5.202715477719215,2
SAT-1036,877.7874384057125,7.419529199479753,89.67031482372215,102.36721707258158,7.92844173699187,12.80177154924837,1
SAT-1037,1532.1035115988946,7.069358745627771,22.92768585501318,116.42667727194828,7.3789901282195425,10.876264118345192,1
SAT-1038,411.105779358202,7.704082810010174,20.75625399276143,92.44918527298387,2.2651677769131155,5.643928866970837,1
SAT-1039,835.9935743120376,7.433613065296005,28.663630921780687,101.55515988856139,0.26408685326086606,14.034711310136585,1
SAT-1040,1217.1351970380733,7.26167090307568,135.17518674007906,109.6962132859423,0.2884572287529015,8.196742149963356,2
SAT-1041,1644.229380226238,7.03525552283786,127.9542012239306,119.07046874703319,0.7039768769826327,10.407124478482707,2
SAT-1042,841.8792549845189,7.440023244308277,36.687362433278984,101.73708120901321,0.13614650795476954,7.980538336265334,2
SAT-1043,1364.0153399429155,7.152519015117433,152.44621525976314,112.77048876552863,0.5151540801639316,7.298247371803211,2
SAT-1044,1806.1621720015182,6.990844210878037,50.63306319508408,122.50578574289604,5.64980954598374,13.582845704097817,0
SAT-1045,1346.9674199099177,7.179380294917484,142.73740499669054,112.4571566770033,15.54196206213026,4.785800199114149,0
SAT-1046,696.0311070811774,7.510764490282912,87.98506339228955,98.50585750923936,0.497412707195512,0.6824046355832224,2
SAT-1047,341.48132864611466,7.719929970463845,131.6787628569419,91.13457303157132,0.2510387588660294,14.088544032364883,2
SAT-1048,1779.1680856315809,6.968704668028743,68.64977935324185,122.03408905809707,15.736122920026462,13.21788085351381,0
SAT-1049,336.1579984456581,7.695338082046587,62.48530747705967,91.04915206166484,23.500769695923278,5.928311545656842,0
SAT-1050,1786.9928435631389,6.999147308640167,151.44472781267982,122.03426960876145,0.8492480811580237,3.048673105412859,2
SAT-1051,1199.1931278462603,7.298267397858555,6.354405812532537,109.20556140474363,0.06021191860615046,10.840984924470689,2
SAT-1052,1896.4150874719235,6.940827495043643,175.45265050635132,124.57140155464748,6.079318080452288,1.3522983678066642,1
SAT-1053,1657.9315008152312,7.057780080479074,116.67232048776722,119.35226345248147,11.247855098788866,6.837700613067055,1
SAT-1054,1996.4879879066737,6.899803090133961,77.84700987589957,126.89014710898478,0.0566295047869051,1.4652109124864954,2
SAT-1055,896.2100862679073,7.444867447698553,113.04981560707654,102.86813653738758,3.048334100289137,9.606763837727328,2
SAT-1056,1604.2200911829157,7.034699621956632,22.093370362616906,118.29407034550526,2.911228398543888,0.5326133025731167,1
SAT-1057,983.2825531357116,7.363941885944543,92.52944195283857,104.67721463036624,0.6840592668249884,10.104890172585554,2
SAT-1058,1115.788554516645,7.264098597652918,177.31719420116357,107.29407174020824,8.877117776505486,10.803968615301406,1
SAT-1059,1366.759287471229,7.127171540553599,42.34849881240723,113.0475591875999,0.9627357933971786,7.845597146539903,2
SAT-1060,1785.251094116776,6.996696373875291,130.0100578265429,122.33630359453412,5.361642582639987,2.882616535832029,0
SAT-1061,1972.9418976388017,6.914464043225517,78.29484764970611,126.4221270571265,1.779598037890189,1.7121636241725953,1
SAT-1062,1606.0648035696809,7.063129834526518,117.44246672783164,118.30696618362964,0.27820428729397134,5.081348335378351,2
SAT-1063,1010.2035296844674,7.346487760740588,36.87970116451958,105.12903104177617,3.299685842213565,7.496786205640197,1
SAT-1064,1016.3069038710194,7.407541301811308,84.68369687116844,105.12806309127346,8.12260789418304,10.311112237833028,0
SAT-1065,1553.8899127011155,7.086894321007195,176.41668849466953,116.94114085036996,41.752936466945506,0.11987702754414399,0
SAT-1066,705.921147806114,7.515133570912255,35.15168718288172,98.9204657182429,0.6907117511143912,11.405916315842274,2
SAT-1067,487.8059923233709,7.610341081459307,114.56010501277628,94.0685943456532,0.07805264744119916,11.432119720791896,2
SAT-1068,902.8576679893201,7.408542230122883,103.60759477802317,102.89795107479121,46.01333037736962,7.168151123230747,0
SAT-1069,788.306285811939,7.456860270513977,101.70928553227259,100.48029532372249,3.7186900573760755,5.560162487392433,2
SAT-1070,803.7238047751832,7.445393247342351,110.72219213729107,100.75032263679498,34.53992409437813,13.492706178258702,0
SAT-1071,697.1331767848469,7.545973130948952,90.40283526388106,98.51930668257837,0.1024356817934059,12.574940964296525,2
SAT-1072,371.5584223818152,7.712307645789589,3.04753504637844,91.83980968029746,0.530971882776795,15.734089807431811,2
SAT-1073,330.38568904680346,7.71508226129944,162.0174260633612,90.93650471596364,0.12611887872740432,6.013699804889337,2
SAT-1074,1979.1280625512536,6.863029128712686,148.85618894712556,126.41865940544831,16.05093988064798,14.518638417227864,0
SAT-1075,1027.214327350966,7.332938223298557,31.35018256580184,105.56952404674871,21.8775270064805,1.4896899856979413,0
SAT-1076,953.3553001714589,7.431135319170338,74.38917192819643,104.07872336326554,1.5955304758360875,6.642310453388551,2
SAT-1077,1455.4003805782188,7.131929259932777,138.69881652484221,114.92950630078674,0.1814632385151138,7.499448488103678,2
SAT-1078,671.0316093706091,7.5455639443934395,176.4112167697112,97.93721819596945,0.12031697695820344,7.109901627634985,2
SAT-1079,1914.934012715383,6.964664246041861,171.20466835952155,124.9790906160073,2.9071158206280687,10.039061196054867,2
SAT-1080,1636.7865245064386,7.0596331117419036,161.88465594171134,118.82959308430175,1.6523383322793692,2.806304637526886,1
SAT-1081,451.9987039308412,7.626469489309133,28.507301513845135,93.6376316451623,6.072077576441613,13.876589530447406,0
SAT-1082,1009.8873188343782,7.300062808270026,164.60551908162088,105.24199929732598,0.4117103569374884,8.873047894780266,2
SAT-1083,1794.50112285568,7.000469651979687,158.1200843311943,122.45703183225157,0.8055156627245054,14.476931813410904,1
SAT-1084,1906.0444378953976,6.923253828866329,67.85098400995011,124.99192578979283,0.05794997139023375,0.1418431399416075,2
SAT-1085,1094.5825691247785,7.310488147449351,71.01406701652716,107.03505714203195,3.383756784609481,10.116811006128643,2
SAT-1086,1342.799361658203,7.163444676755479,82.78360595192893,112.38512906337182,0.9298236074752784,6.658079764991843,2
SAT-1087,583.9577083565279,7.565144285157466,118.11161357395505,96.27207853653127,28.725255864972414,8.131075081816375,0
SAT-1088,1984.9866644328602,6.907365243343095,46.95041087694283,126.63946811629985,4.210453713835777,11.926491721406537,0
SAT-1089,693.8418923518539,7.516716068639763,4.130717299190043,98.35337613288591,0.7853323338696857,3.711712798553365,1
SAT-1090,1902.6440160297136,6.918678416771463,25.421314427503606,124.89827770329295,0.30884284679152696,3.3579010199087698,2
SAT-1091,1404.3993032870264,7.183847773044584,79.22086336381926,113.84558898839599,25.991110292437188,11.277824302020575,0
SAT-1092,1333.1525512940605,7.18100230915048,50.76046249671633,112.05051176230056,0.055945508641175985,8.389715567212464,2
SAT-1093,1171.5704687280645,7.236088576480598,137.61298098650374,108.73446002209566,0.47830773712453745,3.814861659180877,1
SAT-1094,692.1386799201898,7.510069320611589,19.204212698868847,98.62728302895974,33.844395047907604,7.795896291243705,0
SAT-1095,600.097654409364,7.562367661640088,165.14374059986469,96.54070600328004,4.582147080071264,7.406978651856837,0
SAT-1096,674.8265554192981,7.524684996183407,161.158892389904,98.0156351032943,1.9821075609248886,11.093966395903454,1
SAT-1097,616.9450456452327,7.579801991874585,163.57622704799186,96.90341660850963,0.203973692582421,0.14231154754654252,2
SAT-1098,1625.2936050634805,7.055593226689609,133.1297997485988,118.54716956986219,15.81591517591925,9.42948822576658,0
SAT-1099,895.2129405834412,7.404138291792479,19.259994867047872,102.67415192796305,0.2049119056038015,9.73028259314518,2
SAT-1100,398.3325501577738,7.651479858280762,78.86476284652201,92.42343493767738,0.27779894936232435,11.953611181287926,2
SAT-1101,1947.4744712393792,6.938657290033143,23.652966924983474,125.68152604239259,0.1881583226870865,14.23876440996364,2
SAT-1102,1802.4360044378236,6.987080312488412,177.78585469699487,122.42068087983952,0.14907965740477117,7.099017774075852,2
SAT-1103,1877.178881431862,6.943280708359664,59.94691621176119,124.25205506197759,36.21658463705597,5.546071566511261,0
SAT-1104,1991.34329849894,6.865971809289216,105.35949754021117,126.83645099413728,3.1993723911521865,1.7268940024294523,1
SAT-1105,595.6219236731283,7.592997023347954,140.29074976395992,96.48232614800031,4.097145624941836,5.455689933802405,0
SAT-1106,973.6114321345199,7.3423413125979655,165.7108951606162,104.59051997826246,36.47089334487215,1.1889061646660826,0
SAT-1107,1589.0054086969553,7.064571696563038,135.9985906514448,117.80624309050587,0.24586412837666166,12.864841264929131,2
SAT-1108,1483.2350506914468,7.131052542266566,121.41068017792276,115.51556865940773,0.05208619351428814,12.9313977507488,2
SAT-1109,561.6230407777537,7.558702839531325,83.87672076686724,95.64524364859855,3.1305522236183156,6.734078750986972,1
SAT-1110,1686.9163124840502,7.003403379101996,108.97202407509432,120.05265053628919,1.6691853486176331,4.228295618636205,1
SAT-1111,681.5489721223231,7.475408706019026,16.94948559350937,98.18522172752691,1.354943346053437,1.9765191996911213,1
SAT-1112,680.4899451984593,7.532872111932531,159.10605755302726,98.22287629436138,0.07666738281898153,13.634670939747357,2
SAT-1113,1212.856518918803,7.238859668160813,97.87991559117937,109.53470365760526,1.1541828160368142,14.052174926327945,0
SAT-1114,1307.9978892308955,7.263257197763778,7.224309078289686,111.71675279871702,0.36445901710639755,4.334004871978043,2
SAT-1115,1286.146553324279,7.195097478294867,165.58238261878154,111.00638637249739,0.33316857860706584,9.98599272063744,2
SAT-1116,455.52762357618326,7.622901072723393,88.07435529063636,93.32506178276324,0.23233505673408392,4.212593270167179,1
SAT-1117,1791.6834664716466,6.976684300055926,156.3460454809803,122.30194991985613,0.4972274354064283,3.6795133715829027,1
SAT-1118,751.5200724008002,7.485731628280069,154.23983175696424,99.75031862946032,0.5732832194787802,0.4372080050395031,1
SAT-1119,520.1753661807671,7.595999007329538,146.83528574228066,94.90069057462553,0.42198531067980466,9.276834739618394,2
SAT-1120,1810.8717357772612,6.992039812838937,11.052543473164093,122.87809064691795,43.174582985172144,2.4840705366503593,0
SAT-1121,1924.6075469905807,6.91220850660225,44.47199617635759,125.36709670765869,31.41689502220544,0.29670180758421805,0
SAT-1122,1765.6169493512662,6.971544762389339,157.59861704377752,121.6814399893992,2.6454545398682785,1.7671335129553951,1
SAT-1123,1676.1773270322926,7.002000678955438,161.8183900893769,119.50355247143504,43.86665505177008,5.0889301462462395,0
SAT-1124,1413.911367086337,7.11106253386654,82.4523952263851,113.90683077615323,47.05047749939771,10.739694722776216,0
SAT-1125,1236.4575300355368,7.228147618115057,79.2074641777564,110.16014193559269,0.5845062164170012,3.3217065479807903,2
SAT-1126,447.87749184939725,7.639595708022836,31.525314099506957,93.35696437042168,1.0827610923479125,14.212689944253581,1
SAT-1127,994.3704622201878,7.343877182579032,174.31394196440723,104.84877373142692,37.683855975622286,4.686965725088905,0
SAT-1128,933.5704789209337,7.411926729456691,38.364925564627775,103.59253027946096,3.3484868846556326,5.366498001836034,1
SAT-1129,741.5814323925546,7.510654344831124,34.3686211831378,99.39332237329154,0.21764928903608222,3.565837161236439,2
SAT-1130,1529.8141932705944,7.0961591648593805,118.93121462685137,116.5466529757889,5.849409274199227,4.13550485944223,0
SAT-1131,1142.9887496339104,7.247512435055712,43.71197454008058,108.19897724276808,0.20711356801812794,1.2787483213949549,1
SAT-1132,437.7785670430015,7.6399491805865,168.97888998259015,93.1714816285949,0.5212466002245754,4.786852201587413,2
SAT-1133,674.3114433146793,7.50975173775449,1.9632591572030678,97.97377139377669,0.24079667936716054,13.767917607649904,2
SAT-1134,1461.539898221313,7.120602264831459,1.035587218194236,114.97104995520463,0.2715880470402327,11.045950208190252,2
SAT-1135,429.4224611335103,7.6420282675151325,90.87782425840791,92.79482766798182,0.05163411634937862,14.016764441463303,1
SAT-1136,1747.0517538829067,6.994105986779823,87.85124278442495,121.35510188364896,21.932922342812677,1.7672583286317705,0
SAT-1137,1141.7490959237564,7.276260904250841,29.40552394216389,108.05375820679899,0.3863149277029878,7.344304430390329,2
SAT-1138,1116.9971814553016,7.283309764922542,89.0135213346512,107.64275806438246,0.09080152508400419,3.745152480383829,2
SAT-1139,1307.09323392118,7.209302673650277,74.09899893059756,111.57433286714522,0.09118685165404071,11.567327889842753,2
SAT-1140,1701.9576420727535,7.033925785884739,160.25931456162638,120.35279186964547,2.3282243858055565,15.52678141314166,1
SAT-1141,891.2756534337282,7.390325258430098,1.6657056390534253,102.56620442971216,47.61366981549804,13.064215716899577,0
SAT-1142,1452.6274593504081,7.163228386905348,175.7285649059314,114.74587806371017,0.13615619498840809,0.6609228513410013,1
SAT-1143,1261.7443387928447,7.206907439389957,112.39069757325164,110.45402091310505,0.09950281036944959,5.1348891448433225,2
SAT-1144,753.9480592880162,7.447238176812061,27.331820216149612,99.73497256913527,1.0324799947204275,0.5544170781633245,2
SAT-1145,1793.6709768037686,6.994757132299057,8.416802486009923,122.33744125911333,2.4488589196481563,0.73865477420267,0
SAT-1146,1655.6242367317777,7.030621807694232,96.85901854066174,119.30758513493676,0.3820419745136506,1.364293336214181,2
SAT-1147,1419.3681189193233,7.159453366035946,42.28022987492762,113.98801094574668,0.40414413615731193,4.493598170631934,2
SAT-1148,1745.9889394602112,6.959560607013405,54.209796660226665,121.30592179382332,0.9384248721897899,4.936824005446285,2
SAT-1149,1774.400141631664,7.023251088566082,44.12378967021245,121.90165756345719,0.4379321706497174,6.467210860434722,2
SAT-1150,1504.2170604155592,7.1278350751824275,117.03101644305195,115.88555763861706,27.85895071489656,6.538404402014109,0
SAT-1151,1722.9226582182425,6.987602617183912,99.63521318090405,120.78894871825578,0.06680880723842447,12.365403288306577,2
SAT-1152,1485.7014848377821,7.0931918302208565,14.03539623392607,115.51419217247101,0.25274378436328715,2.3483115729045063,2
SAT-1153,1456.2393119925107,7.169605350183245,94.77477597153157,114.93713233737675,13.323808836484686,2.6080757912876975,0
SAT-1154,1351.6393429658133,7.169578060857995,142.41415780139397,112.55422782559755,15.879776232231498,10.06276592158852,0
SAT-1155,1579.61828724799,7.063889801321409,14.615026347658377,117.55249223777655,0.10805260491025184,9.190700219860696,2
SAT-1156,569.6286789982253,7.532938616222153,160.15301572147558,95.8906065309172,41.71193666288152,2.5486748171655877,0
SAT-1157,1797.4802906381783,6.97849661439437,104.09519690059125,122.38215386362891,6.01221570934186,13.651004386977315,2
SAT-1158,1782.1339971668945,6.987528960073553,171.112404468657,122.07270705878798,0.32866175674483544,5.3320446842091975,2
SAT-1159,349.72038115875057,7.715555459060908,26.665419190027617,91.58991605403887,1.1670342417170316,5.9347808418573305,1
SAT-1160,1703.8884759600965,6.997896692875186,178.84169988359673,120.26384110185455,0.38939095839278504,6.785315285269958,2
SAT-1161,519.0787747048569,7.575602533690104,115.96911587454183,94.83495024498309,0.14094080701430853,5.230959744749078,1
SAT-1162,869.7020522405412,7.428586037679694,102.14895590659131,102.15650966811937,0.3736837379873481,8.96353533113476,2
SAT-1163,1563.9640356957332,7.107689005032627,92.75033234017538,117.2156514316926,2.7494499402244372,6.279498798215356,1
SAT-1164,573.2918232821239,7.544837564877974,4.257787157696296,95.95150179216488,15.027235372470132,4.225012142530073,0
SAT-1165,1690.5439410024057,7.053321220677498,169.13505447892405,120.08480857991353,0.6159666925648905,14.481150396601311,2
SAT-1166,1714.6281025281612,7.021961533784973,115.9190051137557,120.42428028552055,0.5529356938159701,5.00277676822846,2
SAT-1167,1162.6951473934214,7.295694896681405,16.492767209872422,108.56426522342278,1.2675704539487687,11.205973914954269,2
SAT-1168,310.8559819186171,7.722205509518521,3.7713906530144814,90.6585019177848,4.291773602665566,5.62090564867465,0
SAT-1169,787.9648263973518,7.411357331204023,9.14105506261524,100.34540557210316,8.99122346535156,7.019997791351803,0
SAT-1170,1348.7757612387618,7.182618668388527,109.69123741780332,112.27678024277355,0.4779346510569949,3.851502022081173,1
SAT-1171,1968.01650264662,6.934917833820724,110.52277468102534,126.2106192742151,2.8709617593109664,12.06204094825734,0
SAT-1172,1374.0829959283362,7.156033839632211,89.9401125206594,113.03309466792655,0.7362961475709768,11.821531697677424,2
SAT-1173,741.6660878090717,7.478289891139832,55.21784771753128,99.75465711835015,7.049682459863643,0.45361513834879286,0
SAT-1174,1377.8096952693393,7.16866077874382,95.71369169063544,113.1932964922791,0.15595337072284524,1.0570852407905402,1
SAT-1175,1217.9751455169544,7.18932778585532,92.93432775772642,109.47575284948262,0.2949474185613877,14.765785630444539,2
SAT-1176,1625.737171756944,7.093553339618874,3.4948007777818124,118.54312612437718,0.9487488530116645,14.232346871081827,2
SAT-1177,481.86708600582926,7.608603454814036,50.844461458949645,94.09003568217558,23.2924072118949,8.146786365178631,0
SAT-1178,1593.7474342534476,7.08440509050602,9.573361464086908,117.9264377042496,2.62390056101688,7.9443825257775496,1
SAT-1179,1220.1531837493876,7.244544273262875,162.02785526057798,109.57224749493656,39.36936058493891,13.017544372702302,0
SAT-1180,1937.086406560291,6.951724884803908,130.54016930132437,125.59274757985443,0.10204766225249352,2.3013573354695764,0
SAT-1181,881.1826822657664,7.421812776910162,179.3007306347242,102.36664733481969,1.2008706907918172,10.49381602940075,1
SAT-1182,1375.4572183277119,7.168573920241292,54.39082739495182,112.97707671375503,0.9040773615415945,7.6681296123474265,2
SAT-1183,1884.4477793670296,6.930749819434395,158.12745259624384,124.44036915519003,3.1592830217130876,11.918963366118405,2
SAT-1184,474.2665375841548,7.646820870668172,108.54976822784671,94.01624562539232,13.641553495915254,0.5786343818606482,0
SAT-1185,1893.2884283019669,6.9074336884793075,81.56257324264888,124.69841781112581,16.722995815195254,9.524336240610623,0
SAT-1186,1469.4057279113827,7.143083435797263,40.06316003195432,115.20839175063038,5.1233476981270725,8.951978621927365,1
SAT-1187,415.3230004787922,7.641950769251177,132.9105897515057,92.67839710418181,4.203190724695729,13.469488440468046,1
SAT-1188,811.6380638095876,7.474541745918431,162.74533480277398,101.03990865636459,35.16079049706884,10.861697131124943,0
SAT-1189,1503.8925506969788,7.11776178175782,42.35551165356674,115.94244819785578,0.7079982908059481,14.094549698490637,2
SAT-1190,414.4960224969119,7.67728114379231,31.57026029525026,92.72457905498304,15.751428526908018,14.207645814116686,1
SAT-1191,1289.6897822996646,7.214955622399114,125.31994470087605,111.15336435909857,29.072420099706157,6.5898076143055135,0
SAT-1192,888.0011968200265,7.375161385432957,175.85516929059344,102.5332267420996,1.4913780165058286,2.2852027266538286,2
SAT-1193,1355.556380204711,7.165289770199353,134.99191819873406,112.65933462145426,7.696224721471056,10.12151012757279,1
SAT-1194,377.76145748127186,7.698677407963457,51.2245330285768,92.20332789865672,0.6761290164892847,13.992562964695315,2
SAT-1195,1781.6125704590397,6.995640065796203,75.59197634660141,122.12710856749834,0.14983285225109114,1.2917581726966958,2
SAT-1196,1954.9312476015748,6.942765511787879,69.1771743825069,125.95002724659807,2.8739661507269374,8.97098004204616,1
SAT-1197,1947.0923539856756,6.930470706786151,153.3771032484682,125.74998913907176,0.19426070337402546,1.9284924738912008,0
SAT-1198,1574.408113962972,7.063560610544304,138.8467401970003,117.42273748231229,1.1796886384211243,0.529236268907711,1
SAT-1199,521.1466082220743,7.58894589536094,106.01557825707363,95.1232534200186,20.778201056292843,10.906202127659252,0
SAT-1200,1589.0474330793384,7.078436924922414,49.492639871442584,117.75679886751028,0.09057838375304918,10.941408828767406,2
SAT-1201,341.79775797996257,7.659507983536828,168.8379349899701,91.31593987467541,0.061695801605062196,9.650462915442155,1
SAT-1202,337.6100375992953,7.741662422364905,117.59674045844639,91.10230819317826,3.2991612789798963,13.761642582038576,1
SAT-1203,850.1373725542201,7.4384460693271235,174.68579635952085,101.80745312152537,0.49221402490915805,1.385935392716306,1
SAT-1204,1130.6934236879317,7.313897868838122,104.42106594756554,107.84937692620245,0.8969807547777167,1.7736381610102738,2
SAT-1205,1609.6926102732484,7.035607663288418,147.81469650545054,118.19810760168308,0.8243312618838537,13.84611346387321,2
SAT-1206,1461.602140231059,7.158607922967783,146.3589682910148,114.91496941687961,0.0909558614317371,8.102099846191583,2
SAT-1207,1058.0346008404722,7.369546781854964,60.71917983004658,106.37414912874945,0.051247100950433756,4.4415396605279716,2
SAT-1208,765.165332678832,7.447295757008849,173.52373013230107,100.08857848768407,24.787899856732377,11.836695949966069,0
SAT-1209,1995.1116502681089,6.917938263165085,3.9494641675615183,127.00349537091907,0.22509491647846863,14.321019189409993,2
SAT-1210,1024.508213801154,7.341523413995432,138.36796357813455,105.56884285828082,0.9488705767394854,11.064692250627099,2
SAT-1211,1067.3579413604484,7.2894361113784045,173.8002754375279,106.45421737795841,41.185789391661224,12.69172828718734,0
SAT-1212,578.1604960258376,7.58346381267137,61.00347659107011,96.28736384354717,15.109766406098824,4.591706119103561,0
SAT-1213,1651.17623287488,7.065595407541293,116.65990580237495,119.18292203306731,0.1053810617987378,4.691528214627625,2
SAT-1214,1479.2597838285308,7.113666613049262,101.2001849719579,115.42583528040525,1.6769769727506585,13.839569697638655,2
SAT-1215,675.3083417408927,7.544534395838845,137.07131574177427,97.96240590243211,7.748311710218731,9.876319293617923,1
SAT-1216,440.0477775469326,7.6166733341705335,155.9120258961094,93.1528573083276,6.2251290547794795,3.82318775161241,1
SAT-1217,1456.8488135270122,7.10598708155558,108.54802247391864,114.75434951245003,9.582869226501114,8.434172865849174,0
SAT-1218,1412.66906427793,7.158836967402643,146.86282554866224,114.03069818031092,1.1785118914193093,11.005181496408763,2
SAT-1219,764.5411958969559,7.474547880664229,56.21140366006594,99.72174760294851,0.16855389481805755,3.5749303918875293,2
SAT-1220,1916.4680558256975,6.920851974171285,41.14567056686704,125.09872637115095,1.240473057666744,10.513011890503002,2
SAT-1221,556.7984160275304,7.601465758422704,77.52018411591123,95.34349815458798,4.3916907609475375,0.7701031121025077,1
SAT-1222,1034.9691617724234,7.34693232572937,121.99258792454098,105.63088925671566,3.3476979330033902,4.928696805766163,1
SAT-1223,1904.147064284918,6.95750725471596,33.70445080897025,124.81089980488494,0.08138346297151199,10.816151806445225,2
SAT-1224,1013.5364387744079,7.344490379210706,122.46339458734046,105.39393602564836,0.07831181807227411,2.474650141289435,0
SAT-1225,1385.4941110289453,7.180681406355377,70.93685674297211,113.34697345755853,39.331770627039376,3.632964587215733,0
SAT-1226,975.9104765367503,7.35682916660596,143.20354930067376,104.36870819023896,0.14268764476615872,14.07758331669839,2
SAT-1227,766.165843992739,7.51426583473659,6.630447078594594,100.11774466926568,0.38225871572734615,10.821705480962574,2
SAT-1228,1972.762001531708,6.895497681249727,120.23687480929101,126.41794280630681,10.043230976368372,8.032807493081114,1
SAT-1229,995.8678107355731,7.397864212516755,116.96802059699418,104.88167211742218,0.8472298171665361,3.4532049348264913,2
SAT-1230,1819.9686462545285,6.976613962794397,169.3683857025566,122.83938513903527,0.17513161964480492,5.528413539657903,1
SAT-1231,690.9228300148466,7.485386234692648,128.40615964153267,98.33478300328686,1.2608608246482893,9.23185492276901,2
SAT-1232,662.2779968426416,7.555541595084389,143.3343413561906,97.7529762344575,2.5457744097703996,2.5694702430842287,1
SAT-1233,352.9279409036693,7.701926517755513,162.8263828535703,91.45687759799598,1.1409584580342458,7.759730870381204,0
SAT-1234,1407.8336031390045,7.175351336913328,121.50934529255781,113.80495639553257,28.563290099204064,6.6026928667945555,0
SAT-1235,926.4947843303939,7.415116132307166,52.22765429279543,103.55438122561854,0.35732869200068895,7.67932872869913,2
SAT-1236,1769.409024727383,7.004305292414337,156.55928392503398,121.86144423745264,4.819106081918815,1.778417058356761,0
SAT-1237,1104.4568413756472,7.290292870411368,134.5640615056755,106.93456375719049,0.10860608747746828,1.7933036840159546,1
SAT-1238,1945.928827455027,6.94240368347362,76.39876872016083,125.83309106443885,0.751322469539953,15.429364148666508,2
SAT-1239,615.393376695306,7.553413114226386,127.89525107699318,96.71384297739364,8.355063579493388,15.671946966223821,2
SAT-1240,1776.6593855245383,7.0081491901940325,156.18399789260556,121.88913263151679,0.23627666165904845,6.87601806079791,2
SAT-1241,1620.214649745961,7.019490890787756,175.61738365042888,118.40802622683037,2.9395654974808982,12.645027713048314,2
SAT-1242,1610.5671358948885,7.075772194708567,171.42327071262997,118.20840223957121,0.14430490457462614,10.527083688076923,2
SAT-1243,1736.131487798709,6.9991212552652255,58.559008817545475,120.939179691388,0.10164243914920207,1.9589779884323846,2
SAT-1244,1593.740784603098,7.1073595277124175,75.90486846927271,117.92126989839582,1.8563858572271978,4.8171906516216945,2
SAT-1245,1364.5745467734062,7.190778182033986,19.71658889592683,112.7081483579686,5.296670936574891,5.087057397447875,0
SAT-1246,523.1162920600589,7.608577880947972,44.557971663248274,94.98187784746011,0.1094135736278487,9.572813514261659,2
SAT-1247,355.29450513512825,7.707780099468673,158.83581752765105,91.72421433283382,28.33340447494467,9.321629725800072,0
SAT-1248,1865.4413412866677,6.9366640132334485,64.95298673028461,123.85206392927891,0.237841038467474,14.783788229873814,2
SAT-1249,1348.3055346852548,7.2183420060451775,111.6994785470786,112.4649578685547,0.11452384719030968,12.661577392222755,2
SAT-1250,1654.1133946594998,7.0874606938425675,119.873811295266,118.99164376421767,0.20279942970919348,13.723877867187282,2
SAT-1251,1118.587997571335,7.3031039651181375,140.72926952579616,107.47935219099452,0.161319688201131,14.270534956415048,2
SAT-1252,499.4239212360706,7.648688174572554,32.904005444213574,94.52146427337219,0.09353926567383467,12.840299093624187,2
SAT-1253,512.8158467443358,7.598084509948123,54.866364230598386,94.80556692191993,12.373361705639491,5.392812050808012,0
SAT-1254,1465.4609882892514,7.116017731626434,80.7005414624725,115.07179665363444,1.5331453444570324,3.5187062442185506,1
SAT-1255,1031.5200213290866,7.338841881636859,65.67139102288924,105.72910259361181,0.7320290659033143,9.191100674534647,2
SAT-1256,640.8920353905723,7.548350397056066,176.92294191474417,97.64420090662908,35.55116076801695,11.064136231607767,0
SAT-1257,1135.7107294604427,7.279041020162257,150.28934457846825,108.04956974321328,0.6486272131341336,6.246430706514336,2
SAT-1258,409.15519302772793,7.67817211863974,86.34361583168749,92.54949556081313,0.15844851835519463,13.588584534435713,2
SAT-1259,1289.351383254478,7.2196029595415245,158.26835269556423,111.0620542606683,0.33196987896832747,15.373008825805936,2
SAT-1260,757.288787539666,7.457875163045153,62.577530564993424,99.78400354850108,0.2605371181974362,9.153392045583896,2
SAT-1261,1655.8504710832199,7.057246521673767,141.4490983002476,119.18800976677602,1.5674505299646204,7.3598137892378706,1
SAT-1262,827.6153301700754,7.458494998239335,40.261607659161655,101.35067140727045,0.37452893548153154,13.501905159386036,2
SAT-1263,1073.8742534390622,7.320549824845148,139.01796814074586,106.42999821091297,1.7666622164461694,0.4858857971312479,1
SAT-1264,319.75491784377107,7.74152483536679,82.1616125752311,90.76900457406352,5.0915531208163465,2.151300591764544,0
SAT-1265,423.1597092507501,7.635162340451812,19.349877778603624,92.97260268973538,10.736589815257867,13.545956778199658,0
SAT-1266,967.2390458913642,7.379451861446854,49.187241820004814,104.2570829740362,6.75216969077185,11.73925451180308,1
SAT-1267,1115.89601901911,7.273151497413042,72.40943232424164,107.35685645408321,0.20689126436733601,6.716573501448782,1
SAT-1268,1320.0349318028163,7.176790005747635,134.87272409959868,111.99347538712755,0.11134460067548059,14.23274453781804,2
SAT-1269,795.8263838058156,7.445090585908162,13.136888651571155,100.44733499256013,2.1199249276315664,5.688186773561655,2
SAT-1270,1481.4692064151222,7.105845404431529,118.71845911667512,115.38403776820458,0.19756289339122104,10.178141190083988,2
SAT-1271,1762.2080752216477,6.989683310297358,128.88245536791186,121.65716287805353,0.08990237598782988,10.185918078182063,2
SAT-1272,1625.7466811186946,7.055839184106571,117.70584658663526,118.61389411305211,1.9065712212462822,3.030877092566356,1
SAT-1273,367.35200309220716,7.70790651902926,136.92053487016,91.7647116236669,0.4779170886537518,4.629142605008522,1
SAT-1274,1116.8618103383092,7.2896633572612295,32.070350884110894,107.53332395847724,9.277202581186842,14.664510070867763,1
SAT-1275,478.38130331089724,7.596858877473705,105.67860391134673,94.02003142752929,0.4380713952562121,3.0162961753153312,1
SAT-1276,711.4765269662967,7.524788490392529,169.40609049669837,98.82702776014324,43.1639733277685,2.8598364873772297,0
SAT-1277,1977.3264085541489,6.893117053111416,109.94116856481679,126.47914768143023,9.430605505237397,7.725886032368597,0
SAT-1278,542.2424229325725,7.5920807476609244,110.04054245153155,95.28044286377278,0.07448171512735029,1.5659381549816715,2
SAT-1279,1148.1098608673053,7.289840881065221,132.5591355803884,108.22448433401173,1.6810793964222808,14.324556404851537,1
SAT-1280,1350.8647483408024,7.188678194799191,59.97676178265463,112.48470380320578,2.4368652111333136,1.6923712991682902,0
SAT-1281,1494.1904499249767,7.140806095057964,126.0856622378773,115.78207617802079,6.093658843564935,9.90326388176863,0
SAT-1282,1251.402761927754,7.24098931352143,164.9220899963787,110.38372494189423,1.557257371827527,5.502531517480557,1
SAT-1283,316.6104406126122,7.703060059726527,1.961185144561739,90.66017518780967,1.4102652333862287,12.887938878989438,1
SAT-1284,854.9842240147863,7.470690242684368,156.62034739959577,101.94566653861035,0.6350177127419907,9.477990857703864,2
SAT-1285,1180.1097937540094,7.269352997659652,39.35129962659464,108.76409077775291,0.3261025208612865,6.274067643163066,2
SAT-1286,449.3730485462167,7.641830206759654,82.06618926606754,93.4907155409681,34.48026859703335,15.74358045426249,0
SAT-1287,896.0657830556073,7.425374575148175,153.42260417147483,102.77518538717436,0.44849748624674285,1.1530727166019377,2
SAT-1288,356.4452849453232,7.702384485526605,148.30418294219322,91.46436754857113,0.07748791549450743,9.28680222136776,2
SAT-1289,433.58344516353526,7.661626045345566,160.54694606269007,93.15551452580385,0.15879039250353938,15.834136153550315,1
SAT-1290,974.7695695427133,7.416157834947907,169.2750226738547,104.48235161561756,18.65520013070381,11.086147027086971,0
SAT-1291,525.6167818732026,7.596899730224066,80.48825221891654,95.11362308963534,2.8765397627438687,11.862337143110869,2
SAT-1292,1264.819442044649,7.21869818836397,118.14548594418125,110.77000313844928,10.847050259864082,0.6102491988138261,1
SAT-1293,1472.0904475333518,7.13127675180688,70.2861192946992,115.25923073836225,13.344879074554541,0.43967429324170215,0
SAT-1294,1660.997388485441,7.0660427949448525,63.129009148589844,119.28469569485286,14.746172908028127,0.6741507805168659,0
SAT-1295,640.2554152161772,7.509863187119514,77.6871739075805,97.62119123216485,2.2429062832736033,15.86841004460209,2
SAT-1296,584.7203898404186,7.530722864105392,133.75370426088168,96.08131157655153,0.16995415689918048,15.674364195779537,2
SAT-1297,477.7653285684804,7.617172133550534,90.25933448547951,94.10581526078393,0.1392093036461659,5.418691919651763,2
SAT-1298,1381.9314242241824,7.137598244646623,146.53074140070157,113.272382110607,2.635865619368933,4.726610878626679,1
SAT-1299,1501.008735027732,7.107342206912208,134.13932589530805,115.73046347310732,0.6288007707886101,2.420744053733724,1
SAT-1300,353.69644620359145,7.709018523137317,3.686123002391879,91.45548050066465,2.361101885805125,5.333330756719659,0
SAT-1301,1891.5608186142726,6.927813550325372,113.44286827910909,124.56736540395676,1.5646007606569352,5.985383895701598,1
SAT-1302,388.3511822075031,7.650670591010212,78.58280219554639,92.30642868017704,3.2030538744090356,11.997696786468635,2
SAT-1303,1220.2037700118199,7.2476408953058655,82.19321804720549,109.63348786554448,0.06241735722832653,13.874067491423782,2
SAT-1304,1505.402883066558,7.1311045072698445,147.30714969658104,115.91869601293072,0.0627306873543466,11.97308840388807,2
SAT-1305,1780.6475103683456,6.958821372266907,98.56943749524181,121.841698276613,7.307276095488731,10.378954107419602,1
SAT-1306,1513.9477846251273,7.126402606447198,159.41192822261047,116.30709628300148,0.1898242688639422,12.277811241611886,2
SAT-1307,1662.9377412186461,7.060107843247938,128.30500663050427,119.33367625083434,4.524445809429589,11.842109918513705,1
SAT-1308,877.0653273227703,7.434878778078109,99.5112015775295,102.38387712701633,2.181211288852452,7.664420130313276,1
SAT-1309,1685.2026933690709,7.058391156123039,135.81683570719866,119.92744641776561,44.09135225208304,5.4400372991355885,0
SAT-1310,436.1952388539477,7.69621333946181,6.902829166573314,93.14645928021905,16.03938237492663,4.596213398353832,0
SAT-1311,1821.1883153028969,6.968275049513799,4.875057869077393,123.06810331045169,0.8677079336647421,10.901751806253229,1
SAT-1312,1230.9070394613516,7.243342526663647,15.002878845753372,110.10404555125922,3.533527410625029,15.35293557867908,2
SAT-1313,1689.4062089362392,7.023858416863042,78.76175852648568,120.05661924906494,0.11241865267375734,9.338770031076518,2
SAT-1314,1068.9410836811103,7.319585439194928,42.38102621284976,106.50774052865734,0.7213202644269303,14.609171389309031,1
SAT-1315,1394.0820818340924,7.195322016084181,177.16703299484124,113.52843225072661,7.954872580615641,0.3262469984698656,0
SAT-1316,1194.8845235913925,7.231468536811578,97.61222502204605,109.2581756821984,3.689646480730842,12.732083283102492,0
SAT-1317,1543.7021869840642,7.079399775501057,119.23483429460853,116.74530563790466,1.4203127231387935,13.672282261565266,1
SAT-1318,438.7709694520023,7.678269362269873,50.1876245244054,93.3166766257085,0.1692611613984002,10.132802023304762,2
SAT-1319,402.59854278395846,7.691527507781631,57.92344354576958,92.57850636421982,12.835351983275556,14.9515698898515,0
SAT-1320,720.075497817249,7.4901744899289335,60.38314454540806,99.15219064857206,0.32996647523200356,9.479616586812664,2
SAT-1321,571.2259561924202,7.594475839609846,125.77242692705411,95.87578222112158,14.467958332229095,3.924536750175314,1
SAT-1322,1782.0320632067428,6.998951378634751,85.26711738407553,122.08957442930665,3.4181978188786366,3.529903948226289,1
SAT-1323,672.6637785086754,7.552633355896151,93.18305745541339,98.0762177128892,0.6563935248218511,8.937796640414172,2
SAT-1324,1958.9709348925232,6.918957954048447,106.56053678868216,125.96578268939099,0.06618897721657027,14.513094494889753,2
SAT-1325,872.7228460108817,7.438532203633335,138.38609812287905,102.41871044356147,0.24901558985965988,1.2506503375057243,2
SAT-1326,609.6004566707888,7.609371723189151,16.266554732246064,96.73717300888866,23.237145684942785,9.709809144153486,0
SAT-1327,1642.4874621422146,7.0647057534334445,139.8373041993879,119.01335410551545,14.219785196982954,12.339875220414191,0
SAT-1328,1419.8032183514895,7.153814356624809,101.38231239753237,114.00222505492019,2.6517339148076142,1.9348929070147494,0
SAT-1329,1146.9327179703364,7.2959290835079065,120.4371800739463,107.98764735229001,1.252960547002183,1.9566380823210057,0
SAT-1330,1244.118036593973,7.227561638842484,58.95931767133716,110.16322210109877,4.3691609388972825,5.92143514704645,1
SAT-1331,1522.6430230628484,7.1538402262695655,73.68963062696085,116.34769537803379,1.252317322288134,4.454710659440498,1
SAT-1332,688.3730602632079,7.517854539511353,41.60984753770565,98.44782148449423,4.284345898176831,3.253195126409667,1
SAT-1333,1993.7676572964613,6.897606062374324,176.27399953513296,126.91002342776069,0.41800579565682594,3.2592373604203893,2
SAT-1334,1957.1483756495313,6.901510861304956,89.460535051857,126.09615547035696,16.385573939490783,2.17763761555489,0
SAT-1335,1405.5536667897927,7.181322524224585,179.2938448433876,113.71343879951444,6.378575269592224,9.812578808003042,0
SAT-1336,639.2221665795468,7.557893261803171,88.16147605102795,97.4044326593971,0.48853635706270954,11.041197096986984,2
SAT-1337,1456.3880121331952,7.126145160053234,39.55522758913212,115.0125713914389,15.522738767880575,11.276686007376808,0
SAT-1338,422.7372952645989,7.671277562089761,91.34143141263421,92.95061758576799,1.4487638370016254,8.564428220603837,2
SAT-1339,352.10925374987033,7.669706142935512,7.127202923834004,91.5164837059704,0.16706543219557776,15.25120968768251,1
SAT-1340,738.0609104690632,7.491646540050904,162.85856425595122,99.4503917851004,0.08552781760014608,14.100471163682046,2
SAT-1341,1086.4590264568378,7.319998985725759,147.3390452149994,106.66807869228168,6.277507601075679,15.326335168393852,1
SAT-1342,1776.063259194247,7.028834519079969,130.64769372497125,121.8678756233378,19.69393122563046,6.2818481022221295,0
SAT-1343,1536.1874186027237,7.084575806381018,109.76880877964281,116.67078925431137,13.221963992846367,14.056752243284892,0
SAT-1344,1562.6010860399679,7.062596126598296,104.37016206066536,117.20906928463444,4.633648596821234,12.229707720569452,1
SAT-1345,1023.3386685617281,7.324173226958745,179.41107853430333,105.50907677800542,0.132768537439037,5.5055691582408075,2
SAT-1346,888.089487329837,7.383432492923363,50.03953812358883,102.75242826099057,0.09574194198577755,1.794832810217087,2
SAT-1347,930.7658970738246,7.4152102957030195,140.34318576580404,103.56336648777173,0.5420743695358785,10.953677873359243,2
SAT-1348,1979.0042583512984,6.940137373310849,104.65285863845834,126.6839391808379,18.352814521501564,2.2695919535378977,0
SAT-1349,368.18562540122025,7.697092056224694,175.65849787659934,91.77315607735207,38.38652646229423,4.771035331317681,0
SAT-1350,1773.9535434081627,7.020019649441249,149.00457299368543,121.84424591087149,0.2648820743889979,8.055796765456218,2
SAT-1351,1283.7481945730688,7.218793945480497,179.73452033812669,111.07938610012063,9.666227584525906,10.910132308860721,1
SAT-1352,1045.6462126223037,7.329129602228378,105.89849900324035,105.86223420199777,2.633768838875114,14.827019749437149,1
SAT-1353,1532.938022705732,7.094790722544799,36.81791235808831,116.70924919321192,0.06228623866995546,9.532516713099046,1
SAT-1354,1127.3372004219948,7.284780516921097,90.66366642505209,107.77692575425188,2.126762794283904,10.775468284786308,1
SAT-1355,1784.8195047388228,6.959976067298773,128.00000412910342,122.22108526571574,13.085526861888045,5.0292202174005505,0
SAT-1356,1831.1931688191394,6.976426470369345,139.38486951268587,123.3360804636286,0.3367738442358009,11.027952601213768,2
SAT-1357,1016.9255756848742,7.344461065804852,0.09179802286984229,105.12591215419197,24.6067850902309,7.0608629196081845,0
SAT-1358,770.6072552995877,7.485772501803146,90.90487593041293,100.16333103290654,0.2557120682850435,13.725205807852003,2
SAT-1359,1306.9955586087158,7.2070525231864835,42.34222439471638,111.46053834904964,0.08479874058964895,6.339963171033442,2
SAT-1360,1851.0176875483746,6.95947799488698,157.4841299858619,123.6587331465265,0.1509342957333981,7.545525144339255,2
SAT-1361,658.1257213096333,7.512979358716047,27.52297992904114,97.7176884721833,16.217302233189145,6.9781453348730995,0
SAT-1362,1359.0431920579208,7.1823273194861725,119.96212492347001,112.79438392323547,0.893074648764357,12.996853065487423,2
SAT-1363,1373.6523741572848,7.188872945367195,47.89119425848647,113.07075129614647,12.297212991105845,15.263817232489295,0
SAT-1364,1546.2921381059778,7.072593150038894,64.17758577856901,116.98344076621534,1.9618653068952252,5.303693185634056,0
SAT-1365,523.6650647163417,7.605227588146454,169.30066693623206,94.89735819448778,1.3824434613210441,7.652943622117021,1
SAT-1366,1516.9024399595505,7.1133270590889754,43.28066257345431,116.2698141126529,13.173751252589053,11.324227640422446,0
SAT-1367,1845.3552851315897,6.950769586294716,17.100497128127518,123.54795891299216,0.9320363264631917,14.336567790352223,1
SAT-1368,605.4612850794114,7.547015691645089,12.471282259960649,96.48884232887957,12.737030757071564,7.949841079851729,0
SAT-1369,703.8236523705921,7.510655723593581,90.83071981790319,98.61177626109286,0.10022048479704018,1.8314067808049639,2
SAT-1370,1951.3716598707874,6.8979568399037126,115.50806681117183,125.9153565601452,4.0541746238551895,5.961874997671012,0
SAT-1371,607.6608196061327,7.564580011051985,58.9128558427597,96.80931295588982,6.408127940338611,8.850753978497796,1
SAT-1372,1752.4546587282846,6.986937535596261,124.24675352275455,121.48892076515668,24.90360347728363,6.738641234859918,0
SAT-1373,1136.8723559616592,7.307614085531505,10.986069343182805,107.78663062303784,0.23547334895705374,3.0662360559303146,2
SAT-1374,720.292826485401,7.544078788954546,154.32023608611783,99.03445863670008,3.2481018930599257,0.6881329759571582,2
SAT-1375,1780.2748321632694,6.975665557597972,146.98209775306282,122.26871439287027,0.9971022480355674,11.02979779067033,1
SAT-1376,1057.0189335045313,7.336101728617184,177.38932885057542,106.19760469606541,0.7035338061699895,15.884521333356567,2
SAT-1377,1175.1895016804733,7.253299731319992,168.57089656233217,108.6977440589752,0.1044986476092136,14.715385478956211,2
SAT-1378,910.6967279796016,7.419470960103096,64.11548950540706,103.11355797956918,0.12637756873953096,10.964007482686934,2
SAT-1379,1308.0164474393766,7.179397921759306,71.8695691228039,111.69019929594492,16.21568833647648,13.480323955411224,0
SAT-1380,577.9905833945387,7.583310460518593,134.27367254608671,96.0364453928151,8.87626585311844,4.166069133628371,1
SAT-1381,964.8386123079932,7.353838796169458,24.134898951896975,104.26625350706138,0.7014446307039832,9.996707533647298,2
SAT-1382,1948.0009479699888,6.917887483908958,56.52264784407027,125.82095704085798,15.290783826240089,1.0636070248435505,0
SAT-1383,738.8268355919168,7.466923282611809,21.33736865561669,99.50899065735409,0.08735113629343684,11.344224444268077,2
SAT-1384,1416.4523297201968,7.1708135441868786,81.87956083310965,114.00331555779293,3.743619971040918,15.52097019048587,1
SAT-1385,852.8231091819813,7.411490275958522,99.36077037935718,101.88631958336148,20.11398687857039,13.78667718476396,0
SAT-1386,1614.904313667221,7.075952571883647,38.008884593295434,118.29523642104853,16.42716795284497,8.597609908869034,0
SAT-1387,522.4852232211947,7.597246804164794,4.7937036445389,94.85104606597251,0.656626315914546,12.640969487073148,2
SAT-1388,1948.695776633526,6.919448671813161,129.48404971509416,125.9641636033527,8.6034286924704,15.107991078175818,1
SAT-1389,1071.4422203521867,7.321270999274349,3.6009295967103316,106.48797273665588,0.9580197026882338,3.534679489233525,2
SAT-1390,701.2857876889886,7.492153650937492,175.2124696071041,98.6790360269077,16.572365290179718,12.712810356340311,0
SAT-1391,424.9444704610215,7.662711916447074,39.88930621363118,92.8947656536486,1.9554911500113128,4.390566631704768,2
SAT-1392,588.5884386488192,7.598536717589531,119.50201658093239,96.39181977468468,9.852379947832066,14.043464008840697,1
SAT-1393,1183.61571254523,7.248218371343859,78.25531072319805,108.85186205487088,0.0860368994652447,1.6638366404733131,2
SAT-1394,872.9053999331867,7.441362292742665,10.741294860679297,102.24952397793624,2.944746533168298,2.9336728600304793,2
SAT-1395,1709.101722000436,7.053573315547813,84.99304919420415,120.55028114880211,2.237806529705599,11.557801769201648,2
SAT-1396,1032.5087902250702,7.3212102589936885,93.01691417342394,105.77863957137967,3.3798713480664127,2.8789623114256586,1
SAT-1397,722.8142633989708,7.466888593301189,153.8429774567163,99.04894673867953,6.107940926447043,2.6130634002584054,0
SAT-1398,1349.1464772268512,7.191524706852496,131.82283253662163,112.70776037630368,28.398598940810896,8.931923350642064,0
SAT-1399,1501.5212687052579,7.1046590443756115,14.274445455609545,115.89051606405543,11.376698523488946,13.376297079574226,1
SAT-1400,583.9712434316148,7.607813733918091,37.64928301780771,96.1018358607847,0.22797329621421075,4.368632061866602,1
SAT-1401,584.9526676901401,7.570603739856776,56.13978315869059,96.26339825194,15.019615405870258,13.474097105017211,1
SAT-1402,362.34142578702307,7.677980576487365,20.953383563667504,91.60604814643834,0.11620077836975362,12.946459005080996,2
SAT-1403,1551.8834256115888,7.0700126160660135,82.2418327646083,117.01613794008324,3.6776107596006176,9.307775875253434,2
SAT-1404,1428.4676969570687,7.170651727354602,177.1756543552564,114.24596899931707,22.244949751727244,10.380347783627595,0
SAT-1405,1106.8724887746835,7.289534473491621,92.63030242279709,107.26471599237827,0.10053937172632046,0.7430148671293405,1
SAT-1406,1735.0897632476351,7.013220087204223,133.53879029817048,120.9621994471268,17.70304463142873,5.937455377029041,0
SAT-1407,1669.6392600150905,7.0599418295736065,122.9288035858823,119.68920779279054,12.440338769679354,4.287979404781805,0
SAT-1408,1295.1024194744787,7.201083755408213,152.98405831658482,111.21680918995885,1.6229169863821813,2.4850613855668113,1
SAT-1409,1776.0611768725396,6.993770240206224,38.8302282838097,121.86141902418686,0.42234057924015195,6.2955833335960065,2
SAT-1410,649.930057062506,7.5344657601659435,135.68872710474508,97.61468853483014,0.8227818228305454,5.742976721924182,2
SAT-1411,490.2633529761374,7.635629598752861,158.6439432550349,94.42862552069492,40.266549089199955,11.68937768226266,0
SAT-1412,758.5743395788824,7.488981980389006,30.871768136443695,99.8163649209855,0.2014014870241422,9.609731813580378,2
SAT-1413,397.04765535183526,7.669869637039025,62.42439956184067,92.4239128469355,2.7402038225454386,14.618291093952108,2
SAT-1414,1202.9881976017546,7.255757777606092,174.61831757968108,109.43917653919111,0.08885712307129659,2.4119805705878385,2
SAT-1415,1892.2296769014345,6.9379118384415435,140.54181227636263,124.67183608124606,0.22524190766656313,1.0500028246440634,2
SAT-1416,366.8840191364664,7.661878273813747,50.866349856755825,91.70598353610477,9.7480818829434,8.600263821108946,1
SAT-1417,507.58685381704555,7.617511240015644,101.50951853600765,94.51647851636298,0.40435901077799935,0.11633150391148266,2
SAT-1418,1068.7383480818398,7.357489466992577,72.77870211290617,106.21712723369086,45.317737140856806,12.624731195845953,0
SAT-1419,1887.5875297974383,6.929624749444514,88.19373173888337,124.45910909211268,1.5900879031145823,8.14496893009165,2
SAT-1420,837.4653784604759,7.4206780496176545,63.92991445032753,101.63134491188774,1.772507086856096,7.860242659320508,1
SAT-1421,1162.2991747702672,7.256635399787242,50.279583335461304,108.33958052575932,0.06425607923734954,5.863686061714373,2
SAT-1422,370.67386038566656,7.70376017948351,121.45734745045537,91.88453495153732,37.029705072053964,6.062083994765325,0
SAT-1423,552.183441635551,7.596771318605468,140.13752671550117,95.4523002891936,0.16659820851651017,6.955025484185428,1
SAT-1424,1977.2712090300397,6.9067109462034075,157.31228209452206,126.52925904231193,2.0605910101172165,0.35491427637387996,2
SAT-1425,1940.7017839412774,6.906705517781202,27.95939411727385,125.75902359615809,0.7691195208261769,1.428378016737654,1
SAT-1426,308.39796758849633,7.7268784637024,148.11399425614331,90.47930859750498,0.8825190860810621,8.130263518178669,2
SAT-1427,1918.0800352195063,6.903216625206364,45.86414840587144,125.19251842195162,4.254715274826723,2.4869440169948853,0
SAT-1428,1386.5038942863507,7.171031751972163,76.92055018380911,113.28792870765885,4.844355829548882,12.482325472717271,1
SAT-1429,1775.4611006840375,7.012376917523996,162.25986345286438,122.02933472487383,0.14515628639833983,4.464314266671959,1
SAT-1430,1073.0577545775604,7.292497732650763,81.81064817686836,106.55412164556161,1.5766306450095868,1.6566042338542526,1
SAT-1431,1176.5132485847253,7.236546828690349,35.471436127976915,108.76473876660343,11.759865421699967,3.839837821864852,2
SAT-1432,1131.0391864367643,7.320777952589561,28.7763579426812,107.93348838261747,1.0686351497854987,5.777861859477031,0
SAT-1433,1433.6692378283774,7.134235807054781,85.13707799738408,114.43079620095375,0.1571749811060211,0.6615340766586495,2
SAT-1434,537.407133085732,7.618630960544458,137.28103631577974,95.17255040552465,0.43513181056619277,2.3526408377426318,1
SAT-1435,350.95510278355255,7.697458310089675,179.49692591537422,91.40339913762054,0.2168246712832176,5.249163396192563,0
SAT-1436,823.4809007050245,7.4401231423559855,141.73355311756234,101.21068406472125,0.11924012100423587,5.036639533575248,2
SAT-1437,1497.9572966522994,7.125986650496811,157.86215260971363,115.78855676972636,0.6787555389386214,12.826148475301443,2
SAT-1438,643.1508686090122,7.52075746881039,134.60982496827984,97.68911026190503,2.097870779801563,13.507762057471185,1
SAT-1439,1444.8351366523593,7.144014304010634,161.17831813609908,114.64716530498856,0.0826465216607304,3.1753557263824446,2
SAT-1440,1948.8504783823598,6.914043978235466,13.732837796504384,125.66953438245362,3.2392175817522895,2.0706441542142735,1
SAT-1441,459.63121684201127,7.612624563743386,167.38768781669617,93.58347427850431,47.64785175226008,10.183183500710552,0
SAT-1442,1443.4236009827146,7.148758953297992,71.3531076706181,114.38579652952495,39.025169712466194,12.89351453555736,0
SAT-1443,1054.375372817771,7.3214552861919096,165.89056019048004,106.09682145493525,15.363510102611208,15.42319724586369,0
SAT-1444,1775.8418324417592,6.991642481590354,13.631910742705601,121.76863870897762,0.31477000629513624,0.20806092746957705,2
SAT-1445,601.1546420605561,7.53690373462559,128.74373228180445,96.4757293320348,0.058370416709709494,6.677482003486191,2
SAT-1446,1477.4641187844798,7.158332254829252,132.4239747606368,115.17645527699884,15.834163059966027,11.770406562100732,1
SAT-1447,1724.7959924017873,7.0343344615014765,179.4439600735991,120.86126294857816,0.0734734952268531,13.274092852102235,2
SAT-1448,1905.8441731058394,6.9589160200354945,138.39394872416648,124.89846097987733,0.20694467162762853,1.0903465840612547,2
SAT-1449,1461.521648092398,7.127644380997198,68.8632670468092,115.00760443494721,2.1494614010294786,10.921770859479624,2
SAT-1450,1145.1970988143264,7.247737146972946,100.30473929133817,108.07244050948279,0.17143682767132765,4.694125606643623,1
SAT-1451,1350.3403083420635,7.223988324928435,65.97916886998624,112.39846117759184,15.861161903672816,1.2860916533966937,2
SAT-1452,1777.138473613821,6.993004453974203,35.28335615487446,122.04784128882727,10.726279097757857,7.87673104989921,0
SAT-1453,1270.0365692860105,7.207610437488583,44.73041895040923,110.97905564568883,9.252913911685111,2.6146381569459214,1
SAT-1454,351.6580014846227,7.708471713059817,39.961896169377766,91.4672452580551,14.039539142990476,11.818419537180787,0
SAT-1455,1882.6127823618622,6.9727349253809034,98.78675942937832,124.33033772423273,0.228073771961124,11.886062615221311,2
SAT-1456,1472.195476753654,7.128436437982885,163.1089142157408,115.06961084696357,7.685057703913031,13.4888774633014,0
SAT-1457,1450.072755821319,7.1645442481397605,164.29079269591156,114.63449805512462,0.5818546536124513,6.10334209384926,2
SAT-1458,666.6477590761192,7.547502474061508,9.857479954648591,97.9719815925843,5.006154896079055,0.3116257759672337,0
SAT-1459,1420.1052993955172,7.131161501518968,14.381892171340834,114.17387121486819,0.11615427280899025,4.229801420154227,1
SAT-1460,969.5694896120694,7.355447049704213,44.12143029102183,104.34291213579557,6.542289297230711,7.538206022451902,0
SAT-1461,1407.0960609705364,7.177818977166961,45.910701444505484,113.86097259195984,41.237581610629356,11.134779342715202,0
SAT-1462,481.2081515235842,7.57274541128797,17.0800515430652,94.15255352869305,0.06757267322748566,6.174445312419188,2
SAT-1463,1418.3370178251612,7.150511842410482,69.92340141121929,114.07838196495457,0.09559973927323011,8.623169497467496,2
SAT-1464,1999.0033338101332,6.87228873477976,105.7905706844317,126.94715367345606,0.11745737921346842,8.4357910405459,1
SAT-1465,381.9604660629452,7.673308825643966,104.06919610790347,92.06257035691087,0.9787273377177518,2.7232193547972336,2
SAT-1466,1961.1961131762394,6.910567616719827,97.81734262654669,126.0685611204078,0.37265809464034544,10.006487051272202,2
SAT-1467,991.74353322888,7.350653270281492,60.960946479749495,104.79159815790133,13.174388461738578,7.084102478465825,0
SAT-1468,1780.2808655733406,6.981832880596205,127.16202335698452,122.10015562836527,1.319264031416015,12.945907356274638,2
SAT-1469,1630.0553228990648,7.036278091013748,148.76710937659286,118.87605688429987,1.4209605879063738,11.080718209249508,1
SAT-1470,1263.9276436773353,7.27131358074582,62.32936796593352,110.52302724886394,7.0808322916019195,1.8723600605411188,1
SAT-1471,1555.363655727255,7.128747722626934,15.396364673903157,117.09796301950881,0.6093642224545249,7.871258719581439,2
SAT-1472,1793.4764542122914,6.963983489980717,53.33944519653417,122.51172274988355,0.5735770243879974,11.269660300057579,2
SAT-1473,987.038546806756,7.39181253967948,24.7263578234825,104.76531088461844,9.32715442502132,1.4834864403367478,0
SAT-1474,855.9563746575058,7.418630134605777,84.12457090089255,101.9876815239749,10.941962998975363,12.700702817650441,0
SAT-1475,1434.908755458094,7.148487324764768,28.06832723689409,114.45058079081372,0.05522889090931107,3.629871782845951,2
SAT-1476,1673.3381013001397,7.037941399605798,83.31205637843591,119.80256513193379,0.13500238216971294,8.099048248031666,2
SAT-1477,1595.8847291202467,7.060146427137771,39.7805206184366,117.83978184194535,0.21790367148195555,15.054924470814914,1
SAT-1478,1656.2832030596787,7.066357765517019,132.97159898323252,119.15376140251442,0.5672459588817216,9.184214333674316,2
SAT-1479,1040.491635181986,7.3360984321455955,4.962283350452214,105.83164970861839,0.37438139192169373,6.842465782092764,2
SAT-1480,1690.3181674975367,7.022258378154555,99.85433468974661,119.83572488252179,5.064425064494534,0.20803934564636845,0
SAT-1481,504.35539413003437,7.588056151868526,30.507889485610203,94.68197502411569,15.253717738285555,2.221276602107842,0
SAT-1482,1225.6314665334444,7.225793111043147,0.17853560453287232,109.94456961502536,0.18846510527021276,9.300755773058002,2
SAT-1483,309.7897228468067,7.691398636826545,156.45601585166528,90.53022430472056,2.4429252936042247,7.951818146394437,0
SAT-1484,851.7959108304595,7.4290025424288935,120.87500180653217,101.77932506106336,0.634481199011951,5.884883892784619,1
SAT-1485,922.9846092813764,7.368483832814287,17.809707969094212,103.31814140259479,1.6455217592264382,14.779132577766466,1
SAT-1486,973.4935757357341,7.361642809335055,119.53302618309401,104.40568653721965,3.6411915791733005,5.386472345072459,0
SAT-1487,1482.2942513727658,7.151714385599099,110.09651989276773,115.4477251027248,23.9755986746043,8.640697027461295,0
SAT-1488,960.5487721595878,7.397440800885996,85.2042036677766,104.18041770698188,0.1887330715060101,9.142543211433669,2
SAT-1489,1062.7791584583022,7.3219333541637095,75.46645771661052,106.29276072723324,0.09119893473464241,8.48674740201637,2
SAT-1490,703.8250224863567,7.504301085282433,159.6725573248323,98.79798590982745,3.8072006108549927,7.6936077254875785,2
SAT-1491,934.5280457698782,7.42417196193137,44.12664358154123,103.61535155844884,0.7609612651614326,5.459313402589339,1
SAT-1492,686.3583663473576,7.525740727424058,71.695810262409,98.2776696501243,0.15405581086642905,14.54934176532995,2
SAT-1493,424.4330704063542,7.652236615425959,59.240774321068905,93.04842759801932,0.1122616720477584,7.2677718619704015,2
SAT-1494,1325.8626087483424,7.167825367155495,138.81618522659403,111.86734895070083,2.375195517366361,8.502336990802602,1
SAT-1495,1435.9617575435277,7.153299104092323,164.9637551218571,114.40574235330905,0.3984573001153173,10.537999942900852,2
SAT-1496,1353.1335882163446,7.2002171914708555,152.96070577324147,112.6956559471358,49.11895776266982,1.1757310746614014,0
SAT-1497,1087.939874460973,7.297585059237027,143.58670745395833,106.77790529854971,0.8254152003634728,12.522481449265598,2
SAT-1498,945.6358263046907,7.386789417277491,177.62219020261492,103.83801526947992,0.21668549008927088,8.248866230367966,2
SAT-1499,1767.667204272103,6.991023475439022,125.48601907386933,121.8381747060455,3.8505001060450548,10.549113279934973,2
SAT-1500,1182.4390347315707,7.260665374370338,135.1896824184361,108.80114593694229,0.27023069202602634,12.374991840077692,2
SAT-1501,1114.6091919705427,7.24742780729474,176.9044571469034,107.41653855652307,1.5178474803494117,13.998180313151012,1
SAT-1502,343.5915118709407,7.700323895534491,1.2583413718513348,91.24616988496896,1.4018403471486516,6.336304629551602,2
SAT-1503,880.1213069644658,7.4336216063390985,114.1287077585457,102.3607501048594,1.1472099193929206,13.001735293647856,2
SAT-1504,946.332551935957,7.367985910458558,133.01487575159211,104.05205506227318,12.224387078479264,4.215506639497837,0
SAT-1505,977.9987275247308,7.365746121321523,165.2088696762951,104.42024829270282,0.2232590172598129,10.599336850222125,2
SAT-1506,1286.293027686465,7.199796558364047,159.0919747531817,111.24106601066322,25.81617637858657,1.7330460808062667,0
SAT-1507,1207.1243294356934,7.259713614824333,151.55292262208297,109.38213332380712,11.830184395663478,0.41848443204279595,0
SAT-1508,1333.4386577488558,7.188476183745137,170.2424289495067,112.05991939624819,0.4992718692670342,1.6226337051909714,2
SAT-1509,1600.301544621618,7.052596665071186,96.72825382446736,118.0569101097462,0.1740914823324447,5.178181536343365,2
SAT-1510,1682.0757558173589,7.062038072582493,1.2456172052688164,119.93267438497797,0.34480620915757015,0.594404359812162,2
SAT-1511,1520.8092295850404,7.12548507266993,1.9897917654617148,116.37729233984099,0.49759813627760563,10.124811227777474,2
SAT-1512,1924.390283123389,6.919772913365334,98.03503001121446,125.47466261218587,2.3429850137219854,5.1330581602780105,1
SAT-1513,330.9953905498148,7.721952278369936,78.34900299550944,91.2996638303506,0.06887704567671853,11.808379476657338,2
SAT-1514,632.8225756620284,7.554741973768163,81.22410960578073,97.24657769860721,27.67243613995212,0.8300506666867297,0
SAT-1515,312.8568874628416,7.735299769874383,72.07285269780667,90.5696310687415,0.09885407446499385,3.545554908105221,1
SAT-1516,1400.707014062825,7.1277250482313255,165.19064563642243,113.6861079315393,0.34418361097141936,6.587254462742207,2
SAT-1517,1826.6519332149778,6.993204132673145,64.65066321056219,123.08355206534014,0.1063732230184085,6.184159840475336,1
SAT-1518,713.9199041797087,7.489299437032925,154.12084951735497,99.0075950312161,0.29443435582819166,2.1828788980978135,2
SAT-1519,1875.9587261537213,6.945038943312748,162.51566288249535,124.09284003308129,16.29263994961994,15.906775335948348,1
SAT-1520,402.45456349225344,7.7239659425433445,89.91031859981186,92.70134162171333,3.5034622191683584,4.622589335257991,1
SAT-1521,1888.5412455693743,6.952935491637143,80.4488467257159,124.59256225231871,0.24040288744111363,11.564410145958263,2
SAT-1522,897.7585683073785,7.397507182411715,136.98370875878044,102.62141760152532,20.617955300036773,3.5984244856663192,0
SAT-1523,472.41540836366806,7.587789965572083,127.43487137517883,93.82985251141531,12.621360803964283,14.057834250544735,0
SAT-1524,1125.9819906167536,7.319442576085343,59.13632098731707,107.75029895069086,9.118383448344654,6.265357131380109,0
SAT-1525,736.5201651248635,7.461854497692092,18.458662666436382,99.50630506523625,17.45292006047056,14.424349574926762,1
SAT-1526,784.2839333352688,7.443653152524256,47.67343203284646,100.26499184743791,3.6134250326959227,5.53517522218014,1
SAT-1527,822.3929403746872,7.4372980548236685,23.585131046213814,101.2666178245829,1.5969160467847114,0.23743676180092388,1
SAT-1528,1665.1440263155278,7.071122973003847,53.051809639804446,119.2951937967507,0.6618736366078807,8.320624854147535,2
SAT-1529,1216.5741703479325,7.263451907322212,47.12788180454383,109.61721464971973,0.23456438160938725,8.444128184802432,2
SAT-1530,829.2230885652062,7.437236850672611,114.78805629960844,101.45068201419494,2.350742056705712,2.005363506339305,1
SAT-1531,1337.5674316285613,7.197045966946757,171.80928512186034,112.20360947647491,23.304889146349005,3.8359208173667496,0
SAT-1532,1517.456146179429,7.09640899620632,123.43387181948704,116.06044586087455,3.0263236468290207,12.557579896603455,1
SAT-1533,763.4608012470073,7.477399136603949,166.79689345162254,99.96891763103422,28.693966669319625,0.6844176115956817,0
SAT-1534,1003.0334725930976,7.353650178630761,141.1438065495198,104.97050093979956,0.5884669994315482,7.883474318318222,2
SAT-1535,507.20635867281084,7.631945171723892,131.01797197281118,94.68068768593776,6.086728381488792,8.533489162275648,0
SAT-1536,607.9538942089565,7.5767664107666235,74.53114923840145,96.61564250500739,4.415363078424102,11.050521764750371,1
SAT-1537,1457.9003517404708,7.145282508271459,58.46301051540635,114.82031563686996,5.131821436322856,0.6955546516621495,0
SAT-1538,608.4451910825658,7.54990990155704,152.32992704512546,96.51228661028078,4.306218288408484,9.411776600738376,1
SAT-1539,1192.7777522340023,7.274216054250286,162.97078192722097,109.12782717656634,0.2311713606111206,0.1492587815931128,2
SAT-1540,1505.3786449281356,7.112025214047499,81.33884885716776,115.92826482248883,0.13481639167620219,4.316336039898131,1
SAT-1541,481.69076926106453,7.605090795350883,1.6313576735959945,93.97288702678055,43.13748020722427,8.044979659532052,0
SAT-1542,1264.430773369136,7.217171537621248,142.65559060316468,110.68431838407277,0.06836839598179609,14.589373265067312,2
SAT-1543,736.1567322923183,7.49064070158535,51.312391285012495,99.4837546418045,1.2652590880400396,2.1127780744880136,1
SAT-1544,1936.9756879038857,6.94482297368862,1.7798157030457329,125.58217895782441,0.9423472244946078,2.791697151152074,2
SAT-1545,1122.027599423872,7.28990053327391,144.89794061570197,107.61033167157726,0.6012109459635777,10.74107602370286,2
SAT-1546,1670.1873346177688,7.016401850586878,93.13455398704167,119.62976045476604,11.089745129299871,6.060300931776141,0
SAT-1547,1235.3851216656449,7.240154085327621,123.33793434092445,109.91364202044058,8.610351267510001,10.01240029057366,0
SAT-1548,373.80130585319256,7.689754568919918,164.64416780600595,92.08406873926339,25.98033668697021,15.959521257434847,0
SAT-1549,1376.357338509838,7.176572435841229,97.41128942485896,113.06007890518703,0.7681262074144432,15.79125941544678,2
SAT-1550,1917.385681751317,6.953196958709933,90.57493306421384,125.22535349547768,2.4632505482553118,5.7240459139613,1
SAT-1551,1322.740094248763,7.218184369333658,52.319181842687435,112.0119457990449,23.762446187074733,8.112413125814838,0
SAT-1552,1692.6210610255434,7.018901011362595,54.93489019919147,120.0893284426825,47.91971129888777,14.484573522207354,0
SAT-1553,1803.1509876922933,6.970765840782022,143.37757188533624,122.64183596460813,40.443905916597686,1.5654658322960653,0
SAT-1554,687.7356123131851,7.493788428892772,80.82526420546867,98.3917354712885,7.120354529743863,7.291632071005868,0
SAT-1555,660.4762278439853,7.543120782718722,29.43471754946167,97.65612949154223,0.1344784447325667,6.1034798382316975,2
SAT-1556,1338.6676810466859,7.219343403002276,17.015177520089207,112.24956879846917,0.0586851257760498,4.788636085309856,2
SAT-1557,998.748398671398,7.3480189250382,85.12562103512029,104.87818029724949,14.94944513154944,15.907846969565336,0
SAT-1558,1727.7642148734246,7.01068560901137,83.69190425119147,120.84312579813636,16.664645434026443,11.76343377416081,0
SAT-1559,1830.039309776619,7.000967417226944,117.62249007697129,123.05608701562548,8.670671428512245,6.281077179047459,0
SAT-1560,900.8163448146208,7.413787686244536,84.79214599412532,102.96732967554033,0.34573270359928965,13.281448077480166,1
SAT-1561,702.6799502566196,7.515375000418255,25.82562674415865,98.83990378499092,4.153589597684038,7.885691001321704,1
SAT-1562,1626.893375914565,7.035797720947061,91.40451926373244,118.7356171052704,0.44433991721879923,13.977908156648953,2
SAT-1563,767.1702604318314,7.486238225222445,163.22209269948453,100.15931388075816,1.124384221814194,4.335439545526196,1
SAT-1564,1698.4443414732532,7.009665175913122,28.699454091638234,120.19894989139789,0.7019000272574966,3.6552436154543404,0
SAT-1565,1020.3550312028968,7.320883106660372,124.15583537599481,105.33764003389668,27.53532866922851,4.031858231834416,0
SAT-1566,1434.8348287954998,7.139001982010941,106.89466769379477,114.3123275606526,0.2520240559278408,8.661841160388333,2
SAT-1567,462.4100335189359,7.6257652076687545,134.7454308081245,93.75930661975146,2.7027303470849247,4.731882919366641,1
SAT-1568,1360.560851950174,7.175747443613895,27.108049216966695,112.78411653974916,0.6052218398304603,2.4392029779275073,2
SAT-1569,1068.0050538532896,7.291186754427785,169.48896064307903,106.41442370897596,4.877343466938371,15.91458390424114,0
SAT-1570,1297.234387398306,7.2289427885604445,111.77395699808855,111.50838287086468,2.4697865878662153,14.41688831631842,1
SAT-1571,585.6241531662679,7.592095964908391,152.47280478440464,96.28092120162698,29.57352195825184,10.196697756139967,0
SAT-1572,1552.6853664051096,7.0536500155864905,44.38921746244241,116.90662544853349,0.1008803219181037,14.27553169539074,2
SAT-1573,1766.7550318234885,7.018256310839339,133.09432009163308,121.69527634816491,0.22955804823794362,14.973857526374319,2
SAT-1574,668.4576601543185,7.50866436324073,140.58552678010543,98.03265570059614,9.954372671804236,10.850121840666786,0
SAT-1575,462.7147443842749,7.65445029583968,71.53834902967361,93.80534045338369,0.6387494276885451,8.3470084811918,2
SAT-1576,340.18559627877187,7.705345422127537,69.11162151901597,91.24755950251547,0.15715252489836695,14.123828496213369,2
SAT-1577,1391.3515507535521,7.166500092021671,118.40332770463488,113.62537248948624,1.617833343881993,9.127972250915262,1
SAT-1578,1332.0598613509273,7.189748398140047,16.813382716838873,112.30197432488886,4.522683422304463,2.1161286313765966,0
SAT-1579,1229.3856016139189,7.266118406195258,132.4123470391516,109.94802054736856,0.06814753428348193,5.933010407274342,2
SAT-1580,694.3100633971583,7.48630356926716,7.719616771093967,98.42075507293622,0.3748311474772319,7.190143132592495,2
SAT-1581,964.5401930393749,7.383605317740016,34.30625420174868,104.07863813943433,13.404098711010434,14.972367356555969,0
SAT-1582,1310.609769816494,7.225513431575167,119.5458763034461,111.63166717172936,1.818459797709135,10.581049009662575,2
SAT-1583,1144.503660060588,7.296983560370554,17.69826007655349,108.14325986663825,0.06384217140554652,14.016913248454664,2
SAT-1584,1979.2353843653084,6.9555629457144095,174.9315764658222,126.74596994698449,0.3506089677760901,12.145708043354986,2
SAT-1585,531.9475793464463,7.588336284954674,156.31131770314212,95.17045178396437,4.134204660969842,5.026788095710659,0
SAT-1586,1481.7457418809095,7.143707255066241,112.73441983321257,115.53978644901014,0.19817479292657622,11.527472989720513,2
SAT-1587,987.3419057772966,7.357896673210366,147.43034202048298,104.67136966713981,15.175542418779328,3.2052658011896065,0
SAT-1588,1027.9393453735452,7.364466891424952,159.7644087461222,105.62581355475574,5.354238660603468,6.589518406307736,0
SAT-1589,1519.9162016188995,7.107154791252983,46.70561692292732,116.34783956940095,1.297499464199903,12.91686052877932,1
SAT-1590,1477.1414572514284,7.118893226721199,152.89408583087751,115.12345609555568,27.915238811316087,9.82967367445213,0
SAT-1591,1985.13518929372,6.932750925083787,35.062881054768326,126.65611877879986,0.7488111751213236,13.224058844646578,2
SAT-1592,518.2702920720129,7.596623314971098,74.40160754678676,94.9410895860842,0.2536239347910753,4.149786959365816,2
SAT-1593,476.9864039530828,7.601093787108109,100.48673362474788,94.0222981460726,4.821464594113047,12.02100643559399,1
SAT-1594,1531.37598911886,7.091816361474839,128.50037335332584,116.39921870098696,2.6233459525067353,3.316957346925201,0
SAT-1595,1283.2577589108955,7.228726614235037,5.425437190055047,110.83148489720598,0.5066566031917932,8.770336341128315,2
SAT-1596,766.0731331516699,7.501078774311203,52.29169430007401,99.97262153169221,0.5369868966102541,6.993200051825458,2
SAT-1597,435.01292728127726,7.655060271065211,109.53343767787025,93.12483201471203,0.7827100861169536,8.947966138555831,2
SAT-1598,445.6190243139319,7.673245715124409,64.32636224684137,93.26138034277722,0.3735817969681667,2.254981442049533,1
SAT-1599,1820.124486929001,6.948686344775084,139.50451001330882,122.97746993007362,6.756071287268201,5.843523220656886,1
SAT-1600,626.1744520218629,7.538711446103304,117.29738900712891,97.13377181469144,4.498266891848271,10.70377091077216,1
SAT-1601,849.7316555963853,7.424048356041725,42.19226167027244,101.8398256844551,1.0502748404006803,8.980639625888335,1
SAT-1602,685.3158837858796,7.513589543723039,26.267216326619955,98.08098572749243,0.7807896210593437,8.828619166697932,2
SAT-1603,903.4937199142935,7.40399583116312,113.22845884566907,102.78006738108685,0.6224777211908583,8.222198782886945,2
SAT-1604,418.0205326683587,7.676227148576044,81.0841189868564,92.75296579692241,0.3543031132755073,15.107770069618168,0
SAT-1605,1182.4016445440598,7.255467865233497,30.412267398237347,108.94360713603297,0.09037743132477212,14.959658197241774,2
SAT-1606,414.94135810676534,7.666927745331397,58.74735695730792,92.76923544224059,0.3188482670334889,5.8263050674928785,1
SAT-1607,1660.6060632980148,7.043881634209292,54.548414697345585,119.43591618513568,0.4598053820593619,5.695130684188856,1
SAT-1608,697.3105392477362,7.49098314390996,19.46375502108752,98.52902699606558,2.1979713293828733,8.922885459511672,1
SAT-1609,1218.020254827668,7.245023190526534,98.44362346774105,109.6247261791717,10.47937861680694,1.6201399178134042,1
SAT-1610,1796.134448854479,6.983214526792572,137.45675410425974,122.35052534052878,0.7692658244874624,4.917806542203502,2
SAT-1611,1406.49152738023,7.155644833853714,103.58403999353766,113.84453850838088,34.13820813518944,3.7707942962386465,0
SAT-1612,1206.02823713727,7.2536645248409295,148.73244568872343,109.30562550001947,15.171198638335023,3.651895726549213,0
SAT-1613,851.3673802961385,7.430491927243459,22.962338498777637,101.89234470053492,45.01689617778507,10.25223786173476,0
SAT-1614,866.1032521989365,7.412765419035071,78.4101344080003,102.13986313807216,21.260776764164678,6.211170316071974,0
SAT-1615,1438.1278238369232,7.169884880686862,109.69471865845784,114.45807497898089,3.5411787731135673,2.82151355865707,1
SAT-1616,1990.036914075985,6.881215038216143,121.68028096954332,126.7432894248333,3.1218200659997932,14.212392335305376,2
SAT-1617,1425.1266227439437,7.135965902771696,125.24153515621686,114.04129587138294,0.12233434037253998,13.998964138210928,1
SAT-1618,1248.2318095290425,7.288513141306547,131.21377687761859,110.24818794963596,7.3479763700206,13.81316048416254,2
SAT-1619,1542.1058674067183,7.076576710317007,117.25736619528301,116.7232647518876,3.159297887662839,6.312844581898905,1
SAT-1620,1090.849540882321,7.281717587564253,16.961056009356177,106.67583825801692,1.6586941559711055,1.006021010816193,1
SAT-1621,402.24198242133485,7.686018223515966,125.15502196841337,92.4404197660324,6.009393210883432,1.7971980845215332,0
SAT-1622,1255.9045869924466,7.187732347741464,130.46087821938977,110.5720632047559,1.074270210332327,4.489164468363657,1
SAT-1623,1927.9629836591464,6.925673325846145,178.82638818005287,125.45612577241401,1.8644424889971334,3.597523065327609,0
SAT-1624,598.0150020080214,7.605726453145607,124.80523860620268,96.44805009465324,0.783478203357846,13.996371360366483,2
SAT-1625,1473.0083143951317,7.097629354056983,123.6294712352788,115.23502189478327,7.097128759006299,15.783095068189226,1
SAT-1626,641.587270720396,7.499638532788443,92.66639223275496,97.34846375259431,21.320771511507704,13.085111231075658,0
SAT-1627,1210.9070636042381,7.220711736481712,156.2261235453205,109.518228726067,16.653473171217556,11.704597553712096,0
SAT-1628,464.34996439942336,7.654364385317374,179.43025715300848,93.88881218795579,11.403700966050778,9.459123824844296,0
SAT-1629,1065.6305916389147,7.343670440726357,140.22807663553778,106.46804636661133,0.05499625512515636,12.341541956959977,2
SAT-1630,1585.4776591219184,7.067714076361882,110.25006801440551,117.76957192276176,27.202661413399742,15.157829663859014,0
SAT-1631,890.8715912062695,7.422408516882505,14.211868847682274,102.59447773291993,0.3338851983305894,9.661380251522589,2
SAT-1632,1430.3499316282707,7.175796279378957,130.81304371133297,114.36660874060222,23.06172734421958,2.558350579915359,0
SAT-1633,1652.2649333425395,7.084192010915727,127.54108234475108,119.03410515213601,0.19492803893157626,2.705347244572643,2
SAT-1634,1876.2022931150696,6.9471661350205025,139.6022666056977,124.20282436759888,1.0420948715426273,9.38341856974452,1
SAT-1635,698.891539154271,7.462631807050434,22.419969911908076,98.65881227260013,8.854547811364354,5.402149782578444,2
SAT-1636,978.8370568758238,7.34785799146667,117.67185002270583,104.58848206302895,4.166840149717161,14.572933266395012,0
SAT-1637,559.1072226617096,7.575474140889186,53.23030289130144,95.75767316594738,0.8845773572377273,9.82511310799196,2
SAT-1638,1987.2219536692378,6.900588475755763,136.84882381251006,126.77440862518648,5.430521963967385,10.856232553431429,1
SAT-1639,1875.9016454713021,6.948462373626104,43.267311725663916,124.20169427191887,2.217269762638906,0.1925492906043509,1
SAT-1640,1217.9271214769512,7.269718886514501,123.11616182767392,109.70926853163131,0.33587596270683545,8.031691977795706,2
SAT-1641,1731.4566004399162,7.039404080164778,53.098730457116346,120.87669732783625,4.344685463031753,6.955519070083696,2
SAT-1642,1185.6285613624718,7.259379307941985,1.6189727071376048,108.87170618800326,0.20497989360266422,11.323362522603773,2
SAT-1643,1360.0956696046915,7.202365148548552,114.00442415515718,112.75740713567636,6.038580456638775,6.183954699300514,0
SAT-1644,451.5115345972282,7.650732033961274,20.388434968606028,93.48816048936293,0.051086086830069315,15.627543007005881,2
SAT-1645,1583.9597148445735,7.079931238866355,118.67246510187854,117.50124520051845,2.214560480953579,10.756230586746788,2
SAT-1646,517.1129221798992,7.625224444399594,166.60970070424875,94.86773453570514,0.7983124218491419,10.592701496967171,1
SAT-1647,1704.3149714292983,7.027137765070279,174.46426815799626,120.44191722662866,0.40577129942873935,14.717524201651925,2
SAT-1648,1629.447749039656,7.099645191869508,42.46615571897026,118.68692877279607,1.7623570737781025,15.923756858983696,0
SAT-1649,1504.86598616306,7.085327885412868,145.66558097711788,116.17048222676277,4.314245968502737,3.2453489592676013,0
SAT-1650,361.4726468920956,7.68421756090207,63.63958983703925,91.55831831707596,39.34656310014585,12.987476977114175,0
SAT-1651,815.3182051070586,7.445057992623777,162.08227309463683,101.00995414412654,15.782052145459156,2.6808799756202375,0
SAT-1652,747.2913688484329,7.49187970755661,141.74812235328727,99.57517974150937,7.086301945827315,7.366990903561938,0
SAT-1653,912.2318927015824,7.423231298762457,13.305908996237454,103.08935981672035,1.3673218041275326,1.6929479288862754,2
SAT-1654,448.9926694985255,7.644502227306559,73.28465889790992,93.38620899689232,0.7505892901106376,10.01159855762792,2
SAT-1655,1892.8282991528067,6.916651264622402,60.71720868174133,124.46322558415648,0.06259778528322801,7.5494387981406925,2
SAT-1656,1241.4638092110397,7.252978709665774,141.33258373018987,110.1113480928162,0.5973938034518973,10.096313278378869,2
SAT-1657,819.39132811864,7.460577838684407,73.85142791756864,101.12222059265578,17.542901316209615,10.879575966585067,0
SAT-1658,974.8685790262819,7.327427339093912,123.22591157755508,104.55266114129611,0.7096492535114002,9.948972775496685,2
SAT-1659,1060.2443188582206,7.323751589493158,108.43834600627928,106.47587644523932,1.2126207668756401,4.775063049457232,1
SAT-1660,1321.0103667130493,7.166812319506801,175.61496943757408,112.03082547878225,0.3269439282639947,13.407650600174334,2
SAT-1661,1176.6550270840462,7.253835916828861,168.80129222429068,108.68461463656365,0.3321760226972294,8.871810570064472,2
SAT-1662,1862.9663544645095,6.939622094507325,76.98591265296936,123.8595382744954,0.07666290764595,7.88863365414717,2
SAT-1663,1144.8379209399113,7.298680105757117,130.24407809540688,108.05921541773128,3.4704179517859455,15.794314487334503,2
SAT-1664,1986.6686251996316,6.908332453273445,149.30281691661992,126.91079555989496,1.1045317733929534,4.607775716632982,0
SAT-1665,1747.4224281666627,6.981303454602703,161.79943569518613,121.31317864094235,3.287399061304552,8.495681847833252,2
SAT-1666,654.4678744074708,7.549964655548534,12.264167479767064,97.53981794721578,2.185902085508452,10.948960799867065,2
SAT-1667,1882.0118648946577,6.920969387770218,54.37418386922942,124.30922996282126,12.459590422547182,2.091092333638414,0
SAT-1668,497.82287640530933,7.624370031537784,57.64140737433392,94.49988242502475,8.953766021384784,5.732411613929912,0
SAT-1669,1689.6645044350257,7.015794301726048,78.20027121957816,120.10623356378689,10.311730729491686,12.846850584357487,1
SAT-1670,947.0595989101862,7.372933779947185,30.467655128775423,103.81733984104612,1.5728489804447854,3.864455930137298,1
SAT-1671,1792.5563447566183,6.9977039731748265,89.31705839100145,122.41125618234514,0.5762541398327494,7.943316801967346,2
SAT-1672,1775.6963731826656,7.00527441178474,119.3785789137221,121.73678599362485,31.57037757078241,10.127026635129239,0
SAT-1673,1670.073180199956,7.067375181647112,89.52550563900918,119.61026540979158,0.07274100976543053,10.771481417590842,2
SAT-1674,1643.0517417220044,7.050850395636994,119.84275713557084,119.08359778881497,0.14349406140638868,11.680136028560431,2
SAT-1675,817.9545364666693,7.452351673859298,11.959493727222055,101.0183853983337,0.9073341997682498,13.869039340982814,2
SAT-1676,437.56278118712873,7.642649782565667,157.67771970733384,93.10069909582631,3.474105174250566,6.346465144234838,2
SAT-1677,985.0663039007745,7.364796607783959,169.03245457819233,104.46069280538606,0.05291406527765093,11.335447622825313,2
SAT-1678,594.9916754770647,7.573240674092438,111.22333634135676,96.59387253264474,7.193470422833973,11.741576899546999,1
SAT-1679,1481.416851134185,7.122744162716934,158.65037975464145,115.3436475888853,2.372190884358509,4.874358669019144,2
SAT-1680,888.3695351142354,7.3739459193486505,23.660282996678237,102.61482671859903,1.422585181018669,15.493711408365096,2
SAT-1681,1958.5373414618552,6.9242772218837825,143.54080561373584,126.15341282600664,0.9320841455304754,13.856984859000786,2
SAT-1682,1389.6525314870644,7.174000175879217,21.446674825066914,113.54964933694404,1.8089688961439585,4.708795126323068,1
SAT-1683,1698.2169581784135,7.014743457359125,73.4418416695566,120.21294167211772,0.15287173964687967,10.833591959323101,2
SAT-1684,525.2919436611423,7.576893465131303,58.28733622048951,94.93721647287734,0.10595103954324504,11.513030087902774,2
SAT-1685,1765.4246198634582,7.028776902841651,105.40652853968177,121.7508152416048,0.36972808433808485,6.960589816778532,2
SAT-1686,1868.6872238727703,6.965091382813406,54.272616343116034,124.18670658163393,6.7217813331515,13.833518246461365,1
SAT-1687,1128.005261992191,7.286081943881583,114.71645334008389,107.69526266890247,2.9096024640867184,11.074646720793732,1
SAT-1688,1330.6299941766617,7.171377422321292,66.12971204735241,112.0117648835961,1.3782850872141814,10.564659493928218,1
SAT-1689,1600.1766615350923,7.055000592172806,154.9422685854836,117.88977883385509,2.59139073692827,3.6113619193270194,1
SAT-1690,597.2256663427013,7.5892900944729575,114.09909123953007,96.35914689893443,2.3809158351063586,6.584692750458362,2
SAT-1691,1154.3623299878523,7.280638078556794,38.7536935178603,108.36708905505773,0.4169613314235945,6.999367577204363,1
SAT-1692,977.7271472129323,7.353819936581606,60.50329596505567,104.45870406972519,0.0980252246047154,11.765211435606426,2
SAT-1693,548.8357866758236,7.599830572831873,152.53575977279803,95.41727001605875,24.508521359643773,9.932473269595084,0
SAT-1694,924.8085178956035,7.375205093055974,69.56635499774252,103.2925376308314,3.152853506176818,1.4651833909576462,1
SAT-1695,415.8929259553391,7.693626730979032,96.44383180181613,92.74832005822425,6.1974638669043145,4.992397435007116,2
SAT-1696,343.8802418141279,7.731649885880157,116.80954847141989,91.243761260435,1.232996027672117,7.621455320938574,1
SAT-1697,529.7826915631987,7.590775596973013,62.60573692546502,95.05664627990639,9.298475353415835,11.814053839126188,1
SAT-1698,1937.2956897015956,6.913911859184507,52.91615353645229,125.7459251127908,2.834404287532489,11.922749168266817,2
SAT-1699,1234.200211021529,7.187220495057097,85.54588246944515,110.16216623142721,0.07250590382470931,7.899638606289024,1
SAT-1700,1941.8976739604739,6.894936147109688,38.67857497670204,125.55436933374891,23.402438386666343,1.9592248779447738,0
SAT-1701,1035.2463931612242,7.3093877358166495,51.15790564543141,105.75271324437287,0.41264676495360103,4.75716411362814,2
SAT-1702,830.0874262449413,7.442650863636242,11.174127125766496,101.2800393374893,0.12961114182351247,4.149608877728401,2
SAT-1703,1160.441166828415,7.268422480540835,54.71464967478098,108.38705169331149,0.09185293277170857,12.518319923901034,1
SAT-1704,1047.169870675947,7.303372206620097,57.72673680544248,106.00628582367422,7.249214423238975,2.961782392689892,0
SAT-1705,479.62996324496464,7.622252851667368,173.12996993243755,94.02801246223869,6.469565359756787,7.492247436083556,0
SAT-1706,1389.4047349733505,7.176930108015532,106.15118858385843,113.41605737962517,6.3016804773731465,10.764428975878802,1
SAT-1707,667.2649102663194,7.536069302809428,141.72883657484502,98.00685612994616,27.940123560754824,15.440099831905588,0
SAT-1708,1353.2995233263102,7.145560149816063,8.16790550045804,112.63205029827692,0.556928022298419,15.987925225568596,2
SAT-1709,1405.3418570768608,7.156910352636895,19.176604849506948,113.67781064800057,2.411954847434829,15.25146208253148,1
SAT-1710,558.4422503187018,7.556707293951056,146.6166529552666,95.6139922133976,3.609580678945052,11.520053289531207,2
SAT-1711,404.29436608813586,7.688201268601628,112.23891889517444,92.3582129462763,43.39258172031164,11.968409245051257,0
SAT-1712,1627.2946963163477,7.075121866421553,34.376765497236526,118.56135444939585,0.4325222320220296,12.171440551983377,2
SAT-1713,1081.6607204078443,7.29533646713163,72.86317305511288,106.91152338724976,36.97971877108324,13.815417537086011,0
SAT-1714,398.8784523593088,7.657913250130868,96.96104999669211,92.31209117314235,0.13969247228404924,15.233388859350107,2
SAT-1715,1991.2727391886042,6.894869089699998,151.84976924473952,126.71773862171813,9.794321877187965,7.1867276978732075,0
SAT-1716,398.22695369382325,7.6285475294465614,10.874158505008953,92.40994773572399,3.9593847352361515,6.722522960869818,1
SAT-1717,1481.5598890595404,7.131364832930625,107.41001208612523,115.40778010511461,14.114260091131083,7.421384951820228,0
SAT-1718,1972.2541729478032,6.906502051114615,129.06646588560312,126.38505928276314,0.06095744075730481,10.591093026159847,2
SAT-1719,706.6061771670736,7.523971381847124,176.02053442388268,98.90277836984413,0.08577547528044387,12.429581800816457,2
SAT-1720,541.8239267682335,7.571516812795766,145.28881409259319,95.38784992465385,0.08092027370185495,13.941655815331133,2
SAT-1721,506.35439701812913,7.60065882004338,49.72091644174922,94.5471535147048,3.005026947135591,7.353750993093429,1
SAT-1722,815.5677508649125,7.41732855957191,127.72425489808771,101.00887856929698,3.219424220730843,5.877624756264058,0
SAT-1723,471.7778787180994,7.612165558670241,137.39001928685587,93.83737542468754,26.138741415526177,15.735306573765401,0
SAT-1724,1476.6742808800243,7.103223226001728,131.35238998531113,115.39859253047712,1.2640974285855933,3.7870131740148976,0
SAT-1725,405.8960568211066,7.689179708937218,147.6259322313366,92.50417215399752,0.08000500733226608,3.629876880514389,0
SAT-1726,1166.0176178546426,7.258290143849354,162.67139571845476,108.35298968341354,0.2125975274083886,11.47497853174128,2
SAT-1727,1994.3846515500607,6.905293667819703,17.717376418081244,126.90305230424605,0.05286756267127686,2.956551000082013,2
SAT-1728,1683.749458160232,7.027040793040502,18.85749438260139,119.75143327013033,10.693345024720873,6.450603095963347,0
SAT-1729,1345.8730449927184,7.161620033010026,143.35199797871627,112.65866315437918,13.988408775798769,4.748950474796605,0
SAT-1730,820.6311553372399,7.44147083214647,45.427045773864755,101.061574027741,49.29368133278029,2.782496262435483,0
SAT-1731,1360.6229216957854,7.192132682712233,10.53745595101403,112.74658165048288,0.8620914769990301,9.317345101656507,2
SAT-1732,1195.9704886498077,7.233692781728038,72.22125257650904,109.2057452168518,0.05713011924459724,6.038832702998599,2
SAT-1733,1024.3417526136316,7.357766095098842,147.57784412869407,105.4576878095869,0.2530227949860891,7.449523348290292,2
SAT-1734,522.2076404583391,7.587287450191478,22.78170428651647,94.89843765303576,2.899189528114226,3.2142217767257044,1
SAT-1735,1807.2271659087935,6.971688564864802,120.93155492480415,122.71504136136579,38.4413742961658,12.309082162480928,0
SAT-1736,1064.6339029962483,7.332279225499335,0.6508551188821854,106.50243432318968,0.10225996947416698,5.103922126866857,2
SAT-1737,630.8582700953007,7.531783134650164,19.75274049824099,97.25737964958195,0.11579480209627031,5.549219046527691,2
SAT-1738,925.1908964913923,7.392050864859321,63.15306223832763,103.52011193092582,6.371577356274964,4.109247997391791,2
SAT-1739,1004.020579299176,7.34539758565525,15.048410584394524,104.94740118752591,5.018699231747676,7.007016796692637,0
SAT-1740,1706.8144224636862,7.027193049267726,152.26230013868033,120.45226741584058,0.2821558573076994,7.470868373094884,0
SAT-1741,1547.1444469543835,7.04746325991831,155.53269056618439,116.88332261607277,13.753219596190318,8.52170396963929,0
SAT-1742,1607.8183191902776,7.031456131538897,136.00272655791437,118.24875051172423,0.12170439751481966,15.48433568351284,2
SAT-1743,318.75314952870025,7.731369099552777,43.646333651211144,90.89352365924455,29.936121903998888,14.484599747926685,0
SAT-1744,1007.4617969055946,7.370720464284815,94.18447354319636,105.10351940379819,0.20047757265861654,9.789342832694153,2
SAT-1745,1118.28505778005,7.277183504817235,33.15393459420685,107.46237261635207,0.08770555932002629,0.7185651374332502,2
SAT-1746,332.62687059919637,7.706177443166493,50.63012101315994,91.0917696460334,0.5218386761515781,9.83493941994008,2
SAT-1747,741.6824548665581,7.491934962463555,92.8809525912824,99.3191510855887,0.18301802731605887,1.5257308475494487,2
SAT-1748,1592.4926993076294,7.0887120276601925,132.3024855229436,117.84952473593428,1.9045557045170969,11.394473392448083,2
SAT-1749,533.0864997392985,7.55773487813447,17.037788470855048,95.13883127422886,5.747905461176135,6.302234580636796,1
SAT-1750,1210.0272234694057,7.233395294586016,53.4054055730555,109.39225641844074,1.4850283333144354,13.419374215939447,2
SAT-1751,665.8431824293037,7.519621119253558,166.79184274294602,98.01559085769684,4.795037409595641,15.086214999715576,1
SAT-1752,320.60531689461857,7.732044212746647,77.24219720073987,90.68736991803331,0.6219157386682655,6.732054429303183,2
SAT-1753,710.0424779192206,7.552715353950115,168.9965413036766,98.82022110611199,0.06063701249676832,7.422829198032564,2
SAT-1754,1958.9853833470916,6.912901648419786,178.4520974793844,126.13251070740692,41.79866171494899,9.48334653810432,0
SAT-1755,1662.6130902010823,7.015764493271875,94.79876870005486,119.56882841406266,14.361854347270244,3.2344102775430037,0
SAT-1756,1931.2802953457567,6.937039454235003,51.8479217612731,125.47354396404819,0.08302836322925805,14.844592169170944,2
SAT-1757,1129.3518746748161,7.3164289682831525,142.33982554306422,107.83490977642045,1.1130103241197877,6.984698831371825,2
SAT-1758,486.551537751756,7.626185897599658,28.67593239450269,94.26191486665256,4.018159893852438,2.7524433410645166,0
SAT-1759,1231.531131255278,7.222720905006139,45.368434740972695,109.96280353290123,0.1865317720552739,12.227436151360255,1
SAT-1760,1072.4414687519334,7.336984518041279,141.2783837098708,106.40840952602078,2.709791264563393,3.5845068218593648,1
SAT-1761,1735.4070406573471,7.025477193863835,78.05626645176538,120.91700792419857,1.9948757852483279,2.3821154736424943,1
SAT-1762,466.74038733321584,7.61454064669381,36.276828657780015,93.79462691308754,0.21074902298107054,9.049666000354712,2
SAT-1763,1130.0099329370228,7.2973177841767605,117.2026340914184,107.70120438517345,0.13261752915930128,10.776774559136294,1
SAT-1764,555.0827299797733,7.606158611266871,131.89713504870292,95.69926784186605,9.459253692613682,9.156047576572169,0
SAT-1765,851.9490757131019,7.452317107330988,22.512823101102434,101.89422643111729,0.4642258742570603,10.538519318263075,2
SAT-1766,1553.5070315592593,7.0909001724204765,49.85644679548815,116.99022799000441,0.2698308527434108,1.936831795693137,2
SAT-1767,1109.2308199269032,7.292645567857902,39.829815967001984,107.19226067028161,8.177208337146238,7.668686802357307,0
SAT-1768,939.0100847478078,7.408855108442172,68.37383317724138,103.71715801594574,8.075623820691467,5.776596441007805,2
SAT-1769,970.6096735690601,7.3441975963758575,137.4200812036916,104.23720443891705,0.3374232260631778,15.576560998217937,2
SAT-1770,1081.0595062901773,7.322363601074405,128.46745840937837,106.62655716098003,20.733632099808734,0.889020553453532,0
SAT-1771,1634.5281245229967,7.028848392101646,119.25430386906672,118.70979235902108,5.803907731427909,4.842877828652776,0
SAT-1772,1816.5439711983986,6.998682515267575,1.1313982563464164,122.86869540324244,0.5448320632584931,15.07560888605838,2
SAT-1773,1924.068967056678,6.926844392789371,25.5857964084701,125.4281742237531,0.958162026091059,15.73758931263084,1
SAT-1774,1637.7357566340017,7.080207375211465,40.19355883837202,118.87864231247792,7.570055475217216,13.215935562861423,1
SAT-1775,836.1917227716216,7.446623927517123,48.952052286992924,101.44231102442777,0.21563611710807756,1.3083720798609082,2
SAT-1776,1469.8290003471216,7.105508765889356,26.356777496802003,115.00771656383145,1.2742433675569365,9.025544950662292,1
SAT-1777,1043.9253108941662,7.360375056075534,73.85679926530014,105.96105077974127,4.5671474301603165,6.461955583460427,1
SAT-1778,732.9400574782869,7.521670379336095,13.532505302524665,99.23554550276268,2.0771394223954283,12.922595826356886,2
SAT-1779,1729.4816850240684,7.032416193461824,135.00399426980053,120.93950881506386,3.3416044611105393,0.9748853455841994,1
SAT-1780,365.3247932359525,7.677088863047631,141.7897417132989,91.669840772432,2.1757425382026185,3.234347151150764,1
SAT-1781,1832.99538663022,6.964255359036299,103.36800412816166,123.33691518659329,0.19799413954259476,7.8782015529398075,2
SAT-1782,1084.5116898620481,7.314807128850305,16.14687786755421,106.76083369830143,0.8503271371093556,2.6065978408704487,2
SAT-1783,1383.2425105740767,7.155596295473714,160.21497051841644,113.25208434603682,1.9720889096094578,11.114170768839342,2
SAT-1784,1420.9016677498305,7.186170528436927,173.8144491674606,114.13262355544539,10.943550122674397,13.150198816122792,0
SAT-1785,1821.7001592011118,6.97806552044722,36.425440857922084,123.2093375721428,4.5780730250493376,11.30186630867953,2
SAT-1786,1382.3384596842525,7.116021527499618,126.83516749932956,113.32701548643796,0.9522321489493948,7.100511046875718,2
SAT-1787,1343.687094092105,7.19481459936664,151.54895351564744,112.38360661577231,41.895704797863495,14.066363893417074,0
SAT-1788,413.3084689531729,7.658106295240996,97.17183405768641,92.68716716446679,0.10528259221342595,2.289209494347073,2
SAT-1789,1181.293637306847,7.263398333676052,58.1981579148148,108.80994596579099,0.208633772015711,4.239383483994241,2
SAT-1790,555.2873013889708,7.578728880441567,86.14056871446347,95.51657803574187,0.5283331175167519,7.8836809955116225,1
SAT-1791,1553.6374068265254,7.108311739729964,92.20837514120136,116.95630159134356,0.24248575754250967,1.0752837221801064,2
SAT-1792,1170.7772653815466,7.29235399865765,72.11466795384503,108.55791404381979,3.760936447503701,1.6214039269081018,2
SAT-1793,1456.3872246542007,7.141753669692104,167.3716488540671,114.929607609196,0.0657085967042395,6.419349610385716,2
SAT-1794,370.84393102405323,7.682385134309253,133.89895996965038,91.7108687779918,0.17032576851132186,15.10779211807941,2
SAT-1795,444.1464272778655,7.646881143056322,43.43429560589352,93.45284574249328,0.3793252190708313,14.543777723104304,2
SAT-1796,1517.7497597065599,7.108676416115032,105.40029371757633,116.29283097203617,5.610574449009749,7.509000246626736,2
SAT-1797,422.5433711977447,7.643809258707654,123.96404716761015,92.87821201239342,21.211171337503362,2.360320857720608,0
SAT-1798,421.1364372009396,7.672229728996832,25.22815590638345,92.84734339595748,12.429261234774877,2.931911729739126,0
SAT-1799,320.58440789930864,7.727194313343503,64.51663362842679,90.73744027039353,0.1758785206754924,6.102982268285123,2
SAT-1800,1926.0523771091162,6.961985530574246,162.99869068870487,125.3831103020873,2.484204131119343,3.440179701879824,2
SAT-1801,1553.7642110803117,7.11722106581856,102.09115803333627,117.12319442815344,0.06152306174814958,1.4193119508070076,1
SAT-1802,900.527394453509,7.3901101301679955,39.059594290857035,102.77824022156267,0.42714992101669824,10.813061987967954,2
SAT-1803,804.110488189014,7.469808735752485,22.10126366144714,100.65643005235424,13.089449708276524,9.345033340903848,1
SAT-1804,894.4954905679442,7.387877296039691,93.280840825478,102.79093127317057,1.1721066921705996,4.731618451851553,0
SAT-1805,1616.9110030080092,7.077944464104023,98.58343014524594,118.44821043808587,0.14086203918854326,12.485279282581637,2
SAT-1806,1424.3300388197044,7.140418351006657,60.19460124383022,114.04733127225393,1.034261000525582,12.437587314522768,2
SAT-1807,614.8324653746955,7.53323617486687,113.47488511544132,96.77384106002616,0.19636712456335864,7.906931326382913,1
SAT-1808,595.9858700679433,7.569512114056151,12.36324351948997,96.36961823360735,0.7560393114791176,1.6348676326391127,1
SAT-1809,467.27260451277544,7.58127379989892,26.125144787905313,93.72247290688627,1.4536853796805242,14.703663461611585,1
SAT-1810,1422.5146234922747,7.116563920186938,98.32928778202665,114.08710620053628,0.5592993851113387,10.731702324301443,2
SAT-1811,1599.433525776951,7.068216701586749,11.126824892001713,118.00069280471342,32.35019148348256,4.02810802451602,0
SAT-1812,750.5789281525068,7.483012067087139,158.56357769839812,99.61862510376143,2.435347261710603,9.806227297844204,1
SAT-1813,335.60643375255177,7.701958537656078,25.586346682173023,91.02325770887413,16.8907146934856,6.539841783659321,1
SAT-1814,439.6918347099265,7.61861977747673,121.30557733521657,93.20516637047216,9.575371786992473,10.202059271801732,2
SAT-1815,1945.3620592365519,6.906767475904992,70.41661950859654,125.81073632696604,4.813588180949566,7.63454724212323,0
SAT-1816,802.2561217116145,7.462190286303548,71.96179455760472,100.73906156590888,1.5475199242269486,7.819007188811762,1
SAT-1817,1607.6793513248272,7.079746956519576,137.6801151500059,118.3264196903651,0.050756463621942964,11.800525261327014,2
SAT-1818,1361.9280670522485,7.179220203713091,89.90318415112452,112.84213067340445,3.4623646574353075,9.858239362417216,2
SAT-1819,949.297387409923,7.40225585350542,130.61798345589594,103.72590918296095,0.5845778603440058,1.3712477907831881,2
SAT-1820,649.6683457324436,7.542885505845856,90.93442117549846,97.62486937156734,0.1127863402677845,1.1394397700962282,1
SAT-1821,506.35691087099093,7.59809077454677,106.72296145294742,94.66075907438264,1.0785711393857824,4.9496468761979315,0
SAT-1822,1345.5220456660732,7.181562752166828,136.92863301653955,112.38909522592748,8.046925326257455,6.940911344966066,0
SAT-1823,1616.8774270842396,7.035983345246931,109.31557372582957,118.26550746967872,38.371023924671405,4.476038690950648,0
SAT-1824,1394.6372310199222,7.162245671134556,110.81071968998195,113.5085211996086,0.6626507253656194,10.458211743311697,2
SAT-1825,1201.5136265235692,7.277433095555552,142.059526456967,109.29914467384143,2.1239285386321685,3.2022161144373884,0
SAT-1826,371.31707983378163,7.702607357387325,170.8356268474872,91.71548961604867,17.89382371283617,11.2958434326991,0
SAT-1827,1946.4309219104525,6.950720643874179,67.80890770836062,125.67309758634728,0.5023058824741818,12.39309679603399,1
SAT-1828,1657.8141258127769,7.039951156257804,103.88108830067122,119.31772659092074,0.1335800923106594,2.076676990770844,1
SAT-1829,797.79746239164,7.483605870197686,15.529168392038208,100.65344449644648,0.3504414737353246,10.447819269471509,2
SAT-1830,1965.949559910046,6.9107058630675215,64.58469850239605,126.21964191480147,24.907979164418226,15.386832016811814,0
SAT-1831,1323.1987023817476,7.2270230925188255,74.16886066008948,111.93669167425352,0.1503658901891194,3.1658986944872134,0
SAT-1832,1290.118518952319,7.212676870140273,150.3427170283292,111.11359248048194,0.4859965511858217,14.557915014746857,2
SAT-1833,1571.7244050302045,7.098235768453665,92.41063238262183,117.36891963219702,1.2384855272031303,9.736162393456864,2
SAT-1834,1680.0086397532339,7.065792408923261,131.5919471937224,119.8749478505826,17.390404140379978,9.49602339057422,0
SAT-1835,1416.0136324635546,7.150699507256646,3.421332004620845,113.94171743314513,32.516953899699644,0.9255706489017879,0
SAT-1836,517.76276882254,7.611102527606907,83.6086805330968,94.66844171497218,0.9471111146722414,11.997974426343731,2
SAT-1837,875.0547601906472,7.442603105998112,162.23717972944516,102.26133241618864,31.248714012284992,7.7045415371041255,0
SAT-1838,1877.7421885542844,6.9487838301992335,40.37650367504132,124.15583878750084,0.15252719686901997,11.566672830178632,2
SAT-1839,681.8465401345483,7.491311216024088,5.673993355280327,98.27079193046062,0.1477497926344298,12.965979544801035,2
SAT-1840,932.6839405237727,7.430367070306542,78.01357206842576,103.5634270676794,35.21457596673074,8.428362336619228,0
SAT-1841,1034.5307010051333,7.327136328276714,126.79772771656717,105.53875273138864,1.6904814320774253,4.291944581125195,1
SAT-1842,1046.9884824805686,7.33354365857889,81.80343123146451,106.0473723609643,0.18058992199133317,2.3510026131457327,2
SAT-1843,1341.9972902406935,7.211934968736575,82.79609643202785,112.24432341292373,1.455261755137993,2.651999734125387,1
SAT-1844,1903.228924166003,6.928559648137983,120.56490742289752,124.99513339660497,11.184162550353186,13.884260997738199,1
SAT-1845,709.1776101152584,7.4830476150494105,45.78998549094882,98.81082421989134,15.126243993978328,2.06489172052318,0
SAT-1846,506.5523397115607,7.6180064687628,135.34016249555594,94.47959763255302,19.53789513421501,6.216635761440438,0
SAT-1847,635.6998327618935,7.5065830999785765,27.560435563032016,97.16724353518418,2.5567173205942106,5.41496687599559,1
SAT-1848,1807.7723303557582,6.975357443512503,71.23510895147778,122.7199345115191,19.943806296176948,13.860745101149627,0
SAT-1849,1397.8783815138502,7.167814584508656,118.08145952476524,113.53965416333774,1.6945743591417821,7.695326661039236,1
SAT-1850,786.0415417065722,7.457406375297978,149.10642130143557,100.41954267864911,3.3124528983538015,15.943498035835388,2
SAT-1851,1687.1097962466492,7.002320117117484,142.47559280970995,120.14145604425453,9.443422296392109,11.819170466220001,0
SAT-1852,1764.3289938178414,7.031614175976504,129.9034078753856,121.63899650538791,0.944660774734762,13.629684848928141,2
SAT-1853,1739.0743757734726,7.01269142297571,64.63734903655039,121.14862314211076,0.08312170936835739,1.668889029824131,2
SAT-1854,1862.1751071872425,6.986635640352659,22.01477693287029,124.05324056374755,0.5616542828482276,4.124325858711845,1
SAT-1855,728.8097342947146,7.487623278391185,39.03015918473831,99.25403658497704,3.72222528305847,2.253594509592069,1
SAT-1856,1583.571278868673,7.061213709033381,155.6700866237673,117.51452690409081,0.18878483872515497,7.471589361168899,2
SAT-1857,1082.9171453660379,7.3180642430044935,154.3196466238787,106.7928428819008,0.13935613565126545,11.520771061774365,2
SAT-1858,1731.3975399131045,7.009625332204039,171.28095345702283,120.8543604628113,0.37862705031642013,2.7881107344277027,2
SAT-1859,1538.4341511747425,7.0754284793218405,13.677957341197489,116.81569248117101,0.0624172156089575,2.169679858658847,2
SAT-1860,1619.9606590495318,7.092073427491138,96.62563534994209,118.40130741127203,8.496473331483443,9.872279105609001,0
SAT-1861,1415.4751240578216,7.142370054120544,116.76294808276204,114.26184256220228,0.29861856964383643,3.7619727848384414,2
SAT-1862,601.6289080985016,7.524044474781852,127.91832787203418,96.71947887416552,0.11794653701444621,7.721268640884481,2
SAT-1863,1226.5457621247951,7.269792464653697,115.89538230187743,109.76266403049601,6.256886143926741,0.9127718708707118,1
SAT-1864,1973.938557191664,6.901175374294892,138.60205018241075,126.44490085839784,16.894838395495245,10.92174371187269,0
SAT-1865,1893.5597130451022,6.932632052318448,64.70488373208148,124.69581407353337,0.057358368783601614,8.706930468108652,2
SAT-1866,373.39535085491985,7.652409053380551,32.297898984386784,91.94848138533658,0.25105525514761434,10.394024093442262,2
SAT-1867,580.185186740043,7.607321890154155,36.825006987078936,96.17181584532224,34.25050497613939,4.478961442949962,0
SAT-1868,523.9389148727553,7.577537504026727,2.156164104629581,95.08842131844595,0.7157022987769287,4.529787308248345,1
SAT-1869,1534.1658469750023,7.102068947137751,63.05793697912002,116.56828255687634,32.71494499833129,12.841632476143054,0
SAT-1870,1690.2350607568067,7.050078059847599,16.51392915839591,120.01331285081899,0.33235913457706684,11.525140776458736,2
SAT-1871,662.9693227281423,7.5362443882265024,57.86796470223436,97.81522481645052,0.22551368990775594,9.317685554057972,2
SAT-1872,1159.9495780181092,7.2739915035379665,113.0778138899246,108.48709998485667,0.21942961419169166,10.08748126493508,1
SAT-1873,1729.19514761904,6.98086121606919,161.00605000562757,120.95785886850062,0.09008572656831153,1.5953024540675766,2
SAT-1874,1545.762626102626,7.079502718798329,151.12898117829295,116.8663352492651,24.449324791377133,13.71312374077493,0
SAT-1875,1221.803249336142,7.249246880516714,45.48135815236384,109.81901668993778,43.49857924688092,12.341521824885437,0
SAT-1876,1303.591073779914,7.191036521048877,24.134965595648453,111.3122849968375,36.51711222158634,9.488815387792817,0
SAT-1877,1164.212929757676,7.2771933726897675,34.753009283411636,108.52433325557284,17.990963556112742,14.705662584504424,0
SAT-1878,805.8323672419949,7.466143465632011,174.77759734264924,100.86791673630728,17.36335830424123,2.7813427324204567,0
SAT-1879,1260.5373878603273,7.2463301677539835,98.90540634338834,110.74718630844666,4.810900843538966,11.017852437943253,0
SAT-1880,1471.1050134851541,7.104869489753454,32.850400140103474,115.03553210345575,15.05258679874271,15.411410264669358,1
SAT-1881,1784.6489569633732,7.034938114975973,151.33430784362673,122.32092065210256,0.2108614056829809,5.029142536661742,2
SAT-1882,1381.6953017647218,7.185735481807494,71.13442397625988,113.23162193393252,0.7289670453959384,0.3431477936734015,2
SAT-1883,1593.9066129733685,7.07418540855615,161.85998735545093,117.95350277084773,4.182913504636595,11.784392724809216,0
SAT-1884,572.1217794227741,7.598689686374981,46.92188283020757,96.12795994660023,21.051546320795946,0.2109871588524203,0
SAT-1885,1084.6477065136428,7.3591400425513385,70.7799165847625,106.83555548830041,4.790472941520065,13.973285021996455,1
SAT-1886,315.8637537060586,7.691942879147804,90.89059730221523,90.73714556967815,16.44507578975329,0.9951899084467605,0
SAT-1887,719.3540696867592,7.493313284287278,160.67076013602568,99.05305173033545,1.3207437125353712,10.478959204962846,2
SAT-1888,1534.9849156921082,7.052963484282991,156.37633768891004,116.55035079851064,7.09383720067044,6.097227896328091,0
SAT-1889,1986.0769172939179,6.910093359466715,103.38391265469802,126.71603236423051,43.54240605110007,3.333116394096052,0
SAT-1890,468.60276929826705,7.641330587286929,39.91959176056032,93.7507433423105,0.1443562779318182,14.382308557675882,2
SAT-1891,982.54033696419,7.361637750880075,72.60425491281752,104.58898398151914,30.180892696834334,11.96530904563711,0
SAT-1892,1660.120646788571,7.031906317586341,175.61395176579097,119.1443128088274,1.8452781864696177,5.513005001677835,1
SAT-1893,646.860578869128,7.495454446084206,109.39918029793238,97.55687333980057,4.252301959181018,4.618034176429878,1
SAT-1894,1243.6444138138868,7.242562926698697,140.5975959223554,110.20116847545924,21.506860842591117,11.802595477162116,0
SAT-1895,1546.2212032504472,7.124600405583801,80.97564516505555,116.81373831946658,0.8470957873787587,13.401475125440655,2
SAT-1896,1347.1752654423044,7.174582642913621,95.76130958402514,112.49067849803265,0.9016702258072367,11.48202238230337,2
SAT-1897,619.6420488462074,7.559903505846713,77.21174020185794,96.80385657023064,1.9077238683318625,10.275828678068288,2
SAT-1898,904.153766765757,7.370615257709337,126.52577965115424,103.1184296280946,0.057052707323079876,3.7240031304995163,2
SAT-1899,1632.4460336251752,7.066310965352365,153.26478249963793,118.75111063474881,1.5451425318965664,13.659583334095908,2
SAT-1900,1242.185074024428,7.22791800622286,91.32543778042144,110.16707584296879,0.37344942863442415,12.01962553698816,2
SAT-1901,308.89034302295164,7.70949785718132,86.55614255452063,90.45873059370884,30.397127946845867,8.32466120728599,0
SAT-1902,1593.6842920477595,7.059111150659299,61.25156407771145,117.90206196166241,0.09165916584843628,8.234245420041812,2
SAT-1903,360.0293033984064,7.687473676165364,31.877404972935086,91.73584429137013,1.1937994937756602,9.149851142136807,1
SAT-1904,1567.7474306430947,7.093513999111598,169.0645901175196,117.42782061042215,34.783598981018265,13.269594667440737,0
SAT-1905,644.2169522809036,7.511621362115842,56.894349362310905,97.54431811023959,25.239209892073482,11.901926826517164,0
SAT-1906,1928.7249162029464,6.922118378295808,144.12446344337138,125.47131376004297,6.353533606941459,13.714295403739545,1
SAT-1907,925.4992772135436,7.390313736776055,128.76246383174535,103.34296005575888,2.9312520266256414,8.165796069373686,2
SAT-1908,855.7837477747345,7.404727359583604,142.36516805006323,101.75571947207867,0.34766647616223423,10.03192003839029,2
SAT-1909,553.1096855651559,7.623227383305282,168.61826400697842,95.54638703753491,0.6307268838667689,13.687691729646074,1
SAT-1910,819.5271663333652,7.428338426141613,112.2067368397615,101.11126135135761,0.09319113445129257,3.7938889568097744,2
SAT-1911,1790.306295107941,6.975192987147788,161.63106180876804,122.39721718275524,11.410243107052409,7.159928816073961,0
SAT-1912,1993.7683739663205,6.883498274064779,30.18551812421286,126.92479962581042,0.4683594723402527,9.968370567972253,2
SAT-1913,926.1262018616421,7.426795266252222,112.80826367222177,103.55336940950055,5.038667512464919,14.650825491993812,1
SAT-1914,1062.6380726227223,7.33370648528868,139.00961032463027,106.42674574097464,0.5912271046135269,0.3517925756333872,1
SAT-1915,1527.5205949446529,7.085154584830533,48.89540353395133,116.38796058300478,1.2358373841931636,3.4799132149543177,0
SAT-1916,1806.5328267906266,7.003769254926188,133.3356842325537,122.47772348442369,2.311944591369201,3.8277630734045176,1
SAT-1917,1308.175368117533,7.2086425127083436,140.12582924092263,111.75588237739882,12.721175071380596,5.293141616162528,0
SAT-1918,965.5936869023099,7.3760643109764015,149.61383208296007,104.36802532492182,0.21500033517405193,4.5804072646887946,1
SAT-1919,1001.4571294426604,7.346079861714211,56.31892426726791,104.86067484585016,0.7857170272429334,9.483206690439594,2
SAT-1920,1482.5508490445716,7.109207642141166,122.68918623029565,115.5915893251022,0.1228046240779681,14.181362201650451,2
SAT-1921,305.4710481272738,7.733479364796024,54.76559101375718,90.52396083262818,0.08438233115965735,10.227947673050991,2
SAT-1922,1353.3018736817291,7.172650717925155,133.02726974972197,112.61871256223627,3.25831503827569,3.940272287374311,1
SAT-1923,904.3381177503076,7.438219476006694,83.3352597262282,103.09089314703307,0.1846048630257607,13.833670316114343,2
SAT-1924,1650.1354631710433,7.023994817437721,107.5579874148996,119.2898077499899,0.07557323796162677,10.149528047445461,2
SAT-1925,458.08408769932464,7.67062283077016,74.8511966575024,93.67107582690367,24.562004011289762,3.5814977873076352,0
SAT-1926,1299.943853812264,7.206266686397399,29.156926847368375,111.48522625135718,2.0040717387370144,5.850497940947401,1
SAT-1927,1117.6539128064105,7.301682375557284,32.04531532896546,107.5509732678561,0.12672276097374488,12.660440427162543,2
SAT-1928,1391.9533940388865,7.182309952156775,13.96240330718421,113.40887074733922,0.07231832966273538,11.849005785645117,1
SAT-1929,410.2511106210462,7.654192178512787,111.25308234989913,92.61869008891135,0.11443270513495048,9.267659675139717,2
SAT-1930,1285.972438627823,7.232351578921571,152.75491163155067,111.04336162979483,1.297124688052238,2.4018032935749334,0
SAT-1931,1254.5237995311904,7.175778356525397,3.7506287271745697,110.41632272572623,5.0625085516958555,12.872299827300616,1
SAT-1932,1253.1221605074907,7.216193997197118,11.92311037590363,110.38251228080816,4.195756048307104,4.989926203988695,0
SAT-1933,1325.929033213973,7.177833421067189,82.34405861452386,111.94109400839064,0.13559362240362996,12.368407230086682,2
SAT-1934,1449.995493284816,7.113937886910336,132.7897325102741,114.73727939024877,3.9759128823630734,10.396305215619915,1
SAT-1935,1668.4812994573085,7.037033719638033,28.387376048151236,119.53197061050477,0.8195338134411255,4.300307478131939,1
SAT-1936,758.6952242179643,7.484818704745431,48.897237518854894,99.9043872467757,1.2393710780323393,3.4766707273092416,1
SAT-1937,1702.5839973061054,7.040499036976323,41.761116230725285,120.16371348045175,12.684145730456212,2.1814677797977287,2
SAT-1938,1147.0346598478711,7.286248311638951,71.82921936080774,108.11119877605593,0.4971278827300036,3.946945161751041,2
SAT-1939,430.99907452836294,7.641781447130255,40.4997618631628,93.06277087293408,0.1380279843130283,2.609481456941326,2
SAT-1940,399.5365797147646,7.680241537012396,63.46776213805554,92.3737015325329,20.86072534004601,9.911114839825245,0
SAT-1941,868.2051417833034,7.4228195618949,131.13766775914993,102.14632981432287,0.21645206425331434,9.620651591738332,1
SAT-1942,1634.3248610894948,7.075059630148582,109.98166472175404,118.64468449950503,0.38111813623761404,9.420135756111476,2
SAT-1943,1503.0575890595567,7.130451726102267,14.612706970504721,115.92875609373222,6.587796589361142,10.30604796667493,0
SAT-1944,1640.6454399430909,7.0541640286936715,114.79421992422918,119.00869851310331,5.61850737813358,13.055074090036603,1
SAT-1945,1179.357395950736,7.247883263367365,85.87389088065842,108.86992343839816,12.594184990849461,14.625488113641875,0
SAT-1946,1048.338296524334,7.316642690307217,168.22180344728497,106.10426972878834,0.1780614594522201,3.7629710526380182,2
SAT-1947,550.6692954006827,7.577635709780529,52.07477707872958,95.5361249672209,0.5699144706899404,9.445614393685918,1
SAT-1948,857.9276811358296,7.419301440484811,130.7099555458488,101.99395283317062,0.11929430770764478,1.3455459178316165,2
SAT-1949,1037.8329224955878,7.340257446000464,131.5549481480226,105.79094973238115,2.0993625508512963,2.0102647698539626,1
SAT-1950,450.6207304553493,7.65838134807671,39.87014058165372,93.52128989306046,0.37729563600064464,10.503995076086108,2
SAT-1951,675.0403196090591,7.520336738810084,162.5802524947685,97.94417667706747,5.831454983051594,7.836630930878168,1
SAT-1952,1316.9829999083559,7.200822910203227,88.41297607732855,111.72005107973652,0.05011908206879575,12.157480180667497,2
SAT-1953,1550.6272942066228,7.096384274632199,122.19900604007444,117.10360404478863,0.0755125262510136,6.868271947750084,2
SAT-1954,1997.1907693680143,6.891334586038896,26.254000599030817,126.7257017709436,0.9923180837393027,2.128814668643716,2
SAT-1955,1886.292663284048,6.92933598575729,46.40470505855446,124.44209934130186,37.45609279266286,13.965653095910124,0
SAT-1956,1392.3608392098256,7.130349998765383,105.49928122870011,113.57503579415611,23.524703934880627,1.4179266912106243,0
SAT-1957,1016.1216905999224,7.3317644111918705,57.42490830720291,105.3014009957894,47.97302325499713,3.1045378163125745,0
SAT-1958,1381.5015200039957,7.1799384190123074,89.94472534277521,113.17933481774114,0.8901448405463862,4.503932168793431,2
SAT-1959,1635.6077507363943,7.041714940838568,67.32093588719206,118.84471054266942,0.06897241984639303,15.924961652340285,2
SAT-1960,501.17152456975845,7.611155408961825,115.29968339592864,94.45792290154326,0.4138456840929102,6.728071140798144,0
SAT-1961,996.8383124836901,7.3646024184477135,87.6861653005456,104.90172578714025,5.324545724124854,8.077165634602027,0
SAT-1962,1727.6638855805493,7.025971465513546,0.82978847517027,120.81871580025552,0.1271924795185518,12.33817834048451,1
SAT-1963,952.5160182861748,7.355906808613277,116.94255083016913,104.0643838776096,0.3970877967756184,10.219007806887138,2
SAT-1964,1272.1828610862171,7.241513457542001,75.98188026903271,110.97584135243254,0.07370017141665489,13.478589001867201,2
SAT-1965,1299.207913465737,7.231385876753679,61.50570128824011,111.40852908642304,1.3300596531610895,7.834291991547511,0
SAT-1966,613.6096303271869,7.531765447815501,16.94641541098024,96.68310344582092,0.2117054495507907,15.557625231142229,2
SAT-1967,915.8002508088903,7.379583754730031,39.666544301968464,103.12037078459193,0.09391048533939503,12.769316549222296,2
SAT-1968,868.6691908612846,7.44391784317972,40.27901248455362,102.15499374218615,0.856283218525064,6.481709674180916,2
SAT-1969,344.5344045045101,7.701281541948638,168.3665098928512,91.33159791308627,0.5657782101822508,6.162221984829443,2
SAT-1970,341.1259986153039,7.661778899557501,77.85233545437843,91.11075827732341,2.048911571414143,14.878909953503063,2
SAT-1971,1713.8849742488148,6.993539739375405,7.571852498730607,120.50175656277241,8.83254726812745,10.982208609454004,1
SAT-1972,764.2203769537812,7.469220807314734,24.98700280379776,100.02132675342057,0.1088118548741751,9.980794788957654,2
SAT-1973,1180.7339026059863,7.241905243970262,14.225881631924171,108.9442205871456,11.812634731038948,12.149507135197592,1
SAT-1974,807.8334751009143,7.443201352095706,105.99649023729803,100.82608156803659,0.05995700683918382,9.017257866976212,2
SAT-1975,1899.1547166960788,6.9430868798255645,33.59186848202881,124.61369908641619,1.0672734646913584,2.6307516920630545,1
SAT-1976,740.8044900718154,7.51574773767541,89.74037525071967,99.80696140662346,2.8924167308391153,5.175525847047054,0
SAT-1977,1030.4165816561895,7.3327612823035215,66.6111713165956,105.69488703914345,37.150616384635185,8.97132333297262,0
SAT-1978,1783.641425823823,7.012887896672831,144.6977478859559,122.11586427671584,2.63474800866284,0.38886835274195464,1
SAT-1979,1731.2870635460747,7.042564096080043,57.68813470776521,121.05508972818316,0.1496985466980703,7.053876208915322,2
SAT-1980,616.3724103386714,7.581555007849863,82.4877868314255,96.86675953908183,1.7848240954412544,12.117265780487394,1
SAT-1981,1664.4936266527077,7.048774848157031,129.83139874760863,119.56213751658977,0.7697006368775733,2.7113206718087306,2
SAT-1982,1078.9177074544175,7.27537745982953,78.00321724751508,106.67234511996892,1.3709976397787718,1.126487307494801,1
SAT-1983,1121.0470825451039,7.3032648491409455,142.77879648237402,107.57152573519205,0.19510169762750595,13.392863337570406,2
SAT-1984,526.9159531071044,7.622654194843329,119.10318412259969,95.01335747720579,1.5901977376931808,9.914654508567455,2
SAT-1985,437.02257338711195,7.6500867454179895,73.89524051040888,93.02850483137058,0.1409578598315361,2.907605662582477,2
SAT-1986,1537.4968218554009,7.134296065600538,90.71674662354528,116.84808149139599,8.532950895491405,12.920249191272777,2
SAT-1987,1143.9839590040096,7.300105242833959,174.09662205159484,107.96257589102152,3.0247451219910344,10.564258596646676,2
SAT-1988,1042.6461944458051,7.343880446355274,119.09006937151062,105.7424331136215,0.08601081821738137,5.412496387410167,2
SAT-1989,1540.1639887090744,7.11993515627505,162.8991406750185,116.69200405025624,23.324557221246877,6.081520724191654,0
SAT-1990,1601.3719282848865,7.077574169366366,32.17653062479159,117.9742591940427,3.5327167555866237,2.578621794674069,1
SAT-1991,570.1438850379011,7.5281221949359285,86.98250812412735,95.91419521309466,0.4439061579881694,13.38056394791897,2
SAT-1992,1337.3827541119902,7.180983485720175,163.55910057210912,112.32350331025455,0.06853259912564671,8.193205761135498,2
SAT-1993,530.1019398720654,7.623874644596827,58.07017105945518,95.19008811071747,3.9413961828804776,8.956603318634203,2
SAT-1994,1577.3376462493777,7.065437424015704,174.17955566635575,117.61836238376709,0.6596154028003115,14.147521451644188,2
SAT-1995,1416.823765654137,7.149726470858496,17.473948285258338,113.9639382960353,26.413400649328562,0.3517068016041933,0
SAT-1996,1926.2448558418785,6.910199584630471,162.48081064950662,125.3654231694113,0.06362144114661084,1.1640766941203438,2
SAT-1997,417.228627805916,7.6985343110295235,80.13818197185456,92.80798236478373,0.065505431284961,2.669105811571059,2
SAT-1998,396.9930259571323,7.7079327330653875,13.27394972540892,92.17691870131783,35.22636778254015,0.5776012281015146,0
SAT-1999,779.7180269784403,7.448427055889338,158.31388666549574,100.35319648352495,39.22760931993208,10.564682890327953,0
SAT-2000,744.8996623510402,7.487294069156551,45.34923823364042,99.41875574589616,0.060561508552544246,10.1786835441943,2
SAT-2001,719.8639584223997,7.4839390753545985,4.005022589140537,99.24353965543825,7.031851799740891,3.4517502565708713,1
SAT-2002,1840.6327868857625,6.979432305269456,24.445279002454612,123.38479725077582,0.2309162846834976,2.4755624736984467,2
SAT-2003,724.2285397441603,7.505436230122954,118.6406535419571,99.11247300848312,6.3554792216541385,2.416386752047047,0
SAT-2004,762.3145344186727,7.491440704950019,176.00606804487506,99.85323749109175,20.191491212963793,15.256538471766413,0
SAT-2005,1590.9770461105384,7.082159401535917,20.063185125033026,117.77656317869042,0.10033776914255145,11.12672200513339,2
SAT-2006,1064.557732165918,7.380411189122854,83.15064866245716,106.57558791296869,0.2601772114281777,9.40831837259476,2
SAT-2007,1620.407946823808,7.041921611380903,32.51457917055585,118.58757931964274,0.059047703192922386,5.227541261700999,1
SAT-2008,411.1224678594549,7.632092572025028,134.10657613828658,92.48713319048777,0.06767987387004423,6.985386846749755,2
SAT-2009,1128.8710292447533,7.282380939920502,21.25060195712655,107.8813549774248,0.06135127307032223,1.521553511067402,2
SAT-2010,357.14312031158045,7.66563650838594,43.171514726560126,91.65756523937087,12.618771423619872,15.970615020074522,0
SAT-2011,406.5104458741027,7.639063368487606,35.35307417683285,92.5194496998264,0.39250757230770206,12.105858870788992,2
SAT-2012,1840.9436706854985,6.946975238969777,99.45356046605602,123.46292764536892,1.508704977118843,9.981105193568823,1
SAT-2013,536.7171308999118,7.57784758854739,157.17313656011382,95.22582264297763,11.547894169109217,9.445498404123327,0
SAT-2014,1205.1151598678691,7.234374029902547,91.99623620815534,109.57515835283168,1.5268662392396748,8.118598515327443,1
SAT-2015,998.8625244212011,7.364627999847184,10.483821498864824,104.86224396973529,0.9695231694448977,4.193096100027663,2
SAT-2016,890.4836546400326,7.3988183868368225,101.41000750742963,102.65014239340238,0.05416136783058721,3.6996074150097664,1
SAT-2017,1829.7166876683632,6.968178607753357,143.55377987724168,123.13640378990387,2.5298135358155296,8.837566069308668,1
SAT-2018,337.09977451833214,7.726371403031038,23.788115514778088,90.98619889730875,0.11835844173150796,1.2161929514714318,2
SAT-2019,1428.4424664985015,7.133538740600415,13.088018582026509,114.46886406868154,9.83817915123217,1.2840857020097176,1
SAT-2020,1937.7705381630358,6.92099641807916,33.80539996036243,125.5036048842082,0.2966082153406793,9.016936290249566,2
SAT-2021,1252.2859118851313,7.238305562521752,134.29553810789295,110.42302216454897,5.266623064735201,14.725011566542804,1
SAT-2022,1892.598185456256,6.9063611998252235,106.50247551576028,124.4246320532268,4.341507821917563,14.636922432964687,1
SAT-2023,388.8383947862404,7.631232269528921,97.3070377131148,92.14592955961373,3.5399474344334907,0.2721699805065979,1
SAT-2024,1011.9486424260743,7.35466543954894,44.906381033718304,105.26370015370928,0.3161011144145677,1.8075680287944516,2
SAT-2025,742.268244635487,7.4955726125674005,59.8025871444347,99.42678984357688,0.31640208438088196,9.37093533076325,1
SAT-2026,1542.3956404672406,7.138490993637566,173.8593023298016,116.82135899627264,19.413960186839056,13.59076397671801,0
SAT-2027,1968.2050538453193,6.916798694240503,43.31254081128942,126.2857062878769,0.05462506946118893,15.275740477843577,2
SAT-2028,736.1011061552213,7.5053742636015945,162.29617618591593,99.49588911518534,0.17520153413188136,13.78325739412789,2
SAT-2029,1412.0968225059266,7.152458633303458,104.4956708023926,114.02690718717322,3.3844083452658302,10.874048851213647,2
SAT-2030,636.7659756915582,7.547815406784026,22.193363946824604,97.24497209968048,14.12891354051118,3.288348733668849,0
SAT-2031,1261.0614327717367,7.260177123898316,84.11622806791223,110.59936902879659,0.5943010948739612,1.2546814362655014,2
SAT-2032,1088.6852273701716,7.267373014976499,170.73876912495766,106.88457433716336,4.5635244339859256,0.855500944701751,1
SAT-2033,1952.409060373613,6.928466290756011,75.34180766472456,126.01582623596055,2.346601063688435,9.83202087554404,2
SAT-2034,1334.4963635839931,7.23502469997653,155.4095816620852,112.19312064650676,0.0780890820727039,0.6753988038441878,2
SAT-2035,894.1608325475919,7.4127076395418,46.15716503730739,102.7325334612533,3.6662374988147883,11.853915307802255,2
SAT-2036,493.96283430948677,7.652920579238223,102.76598732406714,94.32025265351629,13.825486457909001,11.42828472388041,0
SAT-2037,557.1196088493887,7.572513795181571,151.89337047635527,95.66104429972047,47.458604653968735,1.3658121139491948,0
SAT-2038,683.0387809170996,7.516452779167413,165.7239194105452,98.3987847181711,0.06136068826047983,14.515295604085034,2
SAT-2039,726.6433242785066,7.494637925602903,87.44820608723413,99.24618038639699,4.776882096208399,8.398675689142307,1
SAT-2040,1746.0472983299342,6.963256966124445,115.14385838617723,121.3690209683758,0.8762311005751248,14.480573220669934,2
SAT-2041,1254.0787400802924,7.206776671709157,0.5364235408195706,110.51226438035246,0.0534975225476153,14.435599893394322,1
SAT-2042,1189.764549336423,7.2388885084312795,45.58019535241013,109.03025814887239,3.4837969568591833,3.232841615805181,0
SAT-2043,495.10708217766967,7.635715479979309,50.16817867445024,94.4000649381674,0.11648014430354858,6.151184284186928,2
SAT-2044,1762.2374786940395,7.018073634328985,16.828742097797544,121.55347126490764,0.6833930454758375,2.2405587027106786,2
SAT-2045,1528.7843154544223,7.109798930319628,50.3451024042558,116.58843514761647,0.3041384174435032,12.4221503611675,2
SAT-2046,415.0362152300027,7.680575663539652,57.801965950465046,92.44396013752903,0.6059826795386614,8.115586157052014,2
SAT-2047,1503.3196652906067,7.111511602125584,174.37788712227479,115.89017958536428,1.503338393026496,14.868040448780214,2
SAT-2048,1224.0149694824984,7.2684744621587765,120.34842850095077,109.9015356505869,0.5978587665646352,3.4106219165328104,1
SAT-2049,438.933087769523,7.65081044467184,76.68091429494197,93.07607930261277,2.2759651936450584,11.045045818155694,1
SAT-2050,1079.1110905987161,7.315705589721653,177.84980292519168,106.70053666030083,0.25996751033610443,15.82886556158607,2
SAT-2051,1123.98368812108,7.287307420567952,27.581817642230014,107.55756882495791,4.027683228811509,10.679562062953762,1
SAT-2052,581.8167182775687,7.585303545012148,85.68921490748723,96.12454742710952,18.20786466490343,1.1935055320083312,0
SAT-2053,1907.68684990048,6.930436568495796,116.47119726882889,125.03471272694048,0.2350558937487349,9.45594716015353,2
SAT-2054,1744.9581315171254,7.027607612289136,10.004514207133862,121.29428760751924,1.6695585419534984,2.9594997199316637,0
SAT-2055,1437.3379734594841,7.122148940555594,129.05979445496138,114.2417783875532,4.4161046653751885,0.5849941609671149,0
SAT-2056,1085.9024537010323,7.289238367804109,17.97612352595818,106.70879359792337,2.470861474632294,5.425875087152905,1
SAT-2057,1000.0014206936645,7.36744397893837,25.250815547941848,105.0637331743621,0.6250551573605919,4.331054920559645,2
SAT-2058,1406.654894156622,7.157100374950648,28.74411224317513,113.81619793506027,4.222494848062006,12.641457291170491,1
SAT-2059,1227.2341779917392,7.233823181983799,167.2001687979932,110.0320684512294,0.06077271279322508,6.041520603141797,2
SAT-2060,405.86427999920556,7.687079370628921,122.9823981248702,92.70260083317187,0.6437076943023688,11.754044608124623,2
SAT-2061,1171.2545029095638,7.257585007136804,117.97695019855874,108.61121610413223,1.980645028814509,0.3581999719943697,2
SAT-2062,1670.8861492958272,7.036275890669358,99.98882936369858,119.86834441770026,0.05765134991811225,0.3355129215909177,2
SAT-2063,1080.7077919148287,7.3417491699339426,52.705079765118505,106.69729756962866,1.6669266632787698,0.5660839750061579,1
SAT-2064,388.3261818422563,7.71000417078924,111.76014682788326,92.07909216843296,4.589161977050126,3.5877992243430294,0
SAT-2065,1636.6729389528562,7.086751835392513,73.82694957995517,118.79211900260232,9.475302799295777,6.04640578195413,0
SAT-2066,642.3184296311565,7.53324230086517,26.17490701667068,97.19364167359547,0.10941887584091181,9.764748269557987,2
SAT-2067,739.655419309666,7.511721582800698,124.12751225899196,99.61514299089407,46.845149470933585,15.776030784648867,0
SAT-2068,580.000800834903,7.553624439301363,23.32479022738609,96.28323364880336,3.292100679054309,5.735112115527888,2
SAT-2069,861.3656102815459,7.405703606394338,34.320344583811185,101.91726780508587,0.6145417349594293,0.984976617438943,2
SAT-2070,1586.4775596706795,7.030512028730795,147.18587613256906,117.71689531839816,0.2794142606424657,3.198912570486994,2
SAT-2071,1182.9559611566933,7.297554828108142,118.82107730252773,108.90793696008899,2.6161376404242525,14.375844157656308,1
SAT-2072,648.2981660562114,7.518393349219,113.57840775845563,97.4478987679729,22.08538354584945,11.22012912334857,0
SAT-2073,1792.3111328584694,6.985192853883484,75.27650118169034,122.16189226111106,1.8224943589999372,12.664193102213101,2
SAT-2074,1795.2891534175997,6.968242787383391,71.33049328308681,122.38331683938561,4.823765323055236,2.0742744701974027,1
SAT-2075,1779.9833225782118,7.006909043236969,124.24726965337221,122.02827774407353,0.5916424447410452,2.246293120449376,0
SAT-2076,705.9535593486167,7.497401224640806,133.20099694962823,98.70937288805541,0.7301748474544839,1.8847115199638464,2
SAT-2077,1067.1068851076798,7.294351989886273,91.8383764255759,106.4251443122269,0.3609901248733299,13.728989712521447,2
SAT-2078,1974.4824154394876,6.919869385748724,174.46846398273473,126.5982124935713,6.544581606596911,3.4384849782283107,2
SAT-2079,1612.4212097269835,7.0373373098150775,172.02592060539695,118.28564104219865,0.5977680029156669,10.326112751537574,2
SAT-2080,346.1846160834517,7.6865240915662225,74.23730820229656,91.33173619603718,0.18668920936640096,8.30704522231382,2
SAT-2081,410.8478051428365,7.6243220967204515,147.71200577096764,92.70911281096004,0.6414631577275834,8.755799598794272,2
SAT-2082,1088.6833405809657,7.281374633541178,97.78821148771476,106.92160266242023,18.215941707615784,3.207422198421165,0
SAT-2083,1845.6743499646523,6.968566231214322,92.1160597602914,123.4774899504941,8.19834395923825,10.200412885918434,0
SAT-2084,1215.7930565196143,7.209069492907341,9.893531048157332,109.61885795001108,0.5045364391011873,0.7852984978874656,2
SAT-2085,1146.2812636582935,7.252172732263896,103.31544788429584,108.16103590529006,26.26617895512531,15.896209192496297,0
SAT-2086,479.305289926272,7.628009515372511,162.10402750136961,93.9297634536968,0.08384321240189312,0.5254666132343919,2
SAT-2087,1416.5261780312999,7.143460474705072,140.42409285511658,114.11432154352042,0.07050686075203852,0.8974889973822086,1
SAT-2088,1697.5753730203833,7.0684670889486325,141.53708604586717,120.35715155472748,0.12060937548478218,5.261893976277733,1
SAT-2089,946.714012762856,7.417099520132587,28.78722694374106,103.75772818607048,0.11177232166310222,13.32284315673566,2
SAT-2090,1618.5401465730567,7.045947124935826,64.52090048404145,118.47136923786532,0.09172188033804063,4.189308467250212,2
SAT-2091,1939.6103116313798,6.936663387510431,41.97688499704244,125.72771546482677,4.8194540098953205,7.603766719282118,1
SAT-2092,646.4029805170715,7.551676105832091,56.864750842014466,97.44987055131669,3.173197791140188,0.3858395657014677,2
SAT-2093,1189.6603730310603,7.248926455170329,104.31708182887057,109.09154668425803,4.383152046400541,1.354181132089943,1
SAT-2094,788.1345287437784,7.431803619854133,65.66108640664463,100.4895907463516,5.808555814054529,9.766660171797243,2
SAT-2095,1647.8525123575268,7.050138071227861,100.92560714356789,118.95768059750866,9.324150220412868,3.1902996642459147,1
SAT-2096,1281.9087219979679,7.213525054102482,78.93022468942387,111.09104980641305,0.2091706696567077,11.138647552010454,2
SAT-2097,1378.7901098355164,7.163014473328344,51.59080052095098,113.05042951733512,3.6802773092744188,12.587719682773116,2
SAT-2098,1656.4540713470199,7.055452059585757,17.17261815692855,119.39008324980045,2.7486281015682175,13.620313771609304,1
SAT-2099,973.1498035261733,7.352111845253564,160.53092232206086,104.32603347223083,33.8805211282291,2.2274094741892303,1
SAT-2100,1855.6531162919734,6.937730214645819,2.04720588083676,123.74792044797772,0.24892767171030597,7.342585929607607,2
SAT-2101,1206.149074318438,7.2551531607576525,0.2974478655548096,109.53751926433867,0.07501339258160766,15.158595053471146,2
SAT-2102,568.5231988200917,7.586582652017564,148.82359315743827,95.93541232896482,4.565151697509299,12.376128324864494,0
SAT-2103,1483.0285008869641,7.100446426593005,179.4259692586422,115.3432497184908,8.30784767368883,1.9596700713537585,0
SAT-2104,1648.5442957450325,7.068641755120975,130.87850898845812,119.01839373759537,0.3536372638958912,8.08975389579247,2
SAT-2105,838.4948510147954,7.400198084136666,2.7492908513192527,101.47535306252709,2.579379816325617,14.765851251237535,2
SAT-2106,1757.2047368978801,6.991235258426642,40.8042408003324,121.58854622250118,0.07543592167947233,7.096617007818655,2
SAT-2107,1840.4435331018028,6.962053529034652,174.92808604715302,123.45681188637269,37.94062911032142,13.414939980571404,0
SAT-2108,770.7376285422752,7.458072622004342,145.54876539129026,100.02294819908873,0.10684271716653398,7.98391516689806,1
SAT-2109,1971.9865036158774,6.9007686104072645,102.02397188484798,126.28181471331723,0.07974098808699147,1.7983056682074838,1
SAT-2110,539.2095976828894,7.632342766781537,42.634927699264615,95.30702042343633,0.06781105213714354,2.450893324346167,2
SAT-2111,643.4266362842329,7.521271578296352,2.5866370668148164,97.42421959951575,0.9567219186817749,0.8421444696500573,2
SAT-2112,613.1822267046443,7.603418024042633,3.755065074733621,97.02858700867989,0.09782485992473954,3.205504375151476,1
SAT-2113,1819.7825070133797,6.984738004424066,110.1565554354408,122.95912130387279,8.56869584192797,14.308464187939903,0
SAT-2114,1412.2973389524352,7.158117005706629,3.9297377434361613,114.07655766879563,24.865230312805842,10.438148930497782,0
SAT-2115,558.5772814778638,7.593825020866264,178.85342554656708,95.56267045220126,0.30173577249360356,11.847825264638285,2
SAT-2116,1048.5498112261932,7.380195770997385,33.00909002887286,105.84760864030233,3.8484811356409203,9.98441718845391,2
SAT-2117,1346.0066426186634,7.167075266853803,127.92732513646992,112.33115150992982,0.06698620055270231,6.245974744999728,2
SAT-2118,441.8889444819516,7.626566475819809,27.910749854234417,93.39207407337888,0.7222098700770363,3.5480920114564256,2
SAT-2119,1800.107826292476,6.969291618993434,97.21681579758861,122.68831923317926,0.3782651617841957,14.817271885756309,2
SAT-2120,1666.1260102506099,7.043007339183631,14.510031923919161,119.43361227844139,0.24256452943457918,8.285793526772542,2
SAT-2121,1158.851515080285,7.241199610632824,138.02011641598378,108.33149847664967,4.296753834583744,7.749488111206236,0
SAT-2122,1944.1152459405898,6.92409112348159,105.28579705046934,125.64878104418759,0.12292885696260032,15.938055008637377,2
SAT-2123,1010.1936647676695,7.382487495893586,15.510004812254705,105.00282370423666,19.10299993590454,6.204486815376778,0
SAT-2124,1972.9875423620463,6.9146833303719335,152.74551405600099,126.49312653171289,4.937165930642467,13.680592506786601,0
SAT-2125,1435.463997966166,7.13979573185381,98.46335065980637,114.42631876292252,6.779154634400241,13.811270559038013,0
SAT-2126,1378.9411645317005,7.159296661586749,165.88661580239724,113.16480106613827,31.989166936240043,3.7994563446889495,0
SAT-2127,582.1233220028345,7.589417829406585,164.99220726206028,96.02778292708621,33.5806129308456,1.6079511083675775,0
SAT-2128,1799.2771891178947,6.9682273149284395,165.69140210758482,122.65802410083899,2.2590558905770304,15.612359839882242,2
SAT-2129,1026.7324694650456,7.377325376157069,14.001336036084236,105.48737357186226,1.5314733936558296,6.871760139755514,2
SAT-2130,575.796789830215,7.613561710282771,21.77239711581422,96.08992885801953,0.5071247761573524,0.1353031199621086,0
SAT-2131,321.43278395879037,7.722639275953321,177.78704574891563,90.66497929067746,7.009464409251794,8.034383557880442,0
SAT-2132,1251.5846621852504,7.231092665622614,87.76814785176708,110.3667237495355,2.058717068840544,9.94687578358446,2
SAT-2133,1196.5793576085498,7.278169185506877,42.878529509246576,109.22224023961327,31.448160228980107,12.439803134423743,0
SAT-2134,1522.9011580275696,7.127860654852481,138.53960792975843,116.3641885907672,0.2599248790012322,15.092779679755854,1
SAT-2135,1813.4386901302637,6.962578682477419,47.571339818246756,122.82810869076181,0.4263124962818831,14.651213000232861,2
SAT-2136,434.9911938931502,7.642318799686884,130.89882384335561,93.18099674117616,0.44385523511509595,15.04815953887241,0
SAT-2137,1543.5440335786159,7.070244724470212,150.71144001295698,116.67504461276735,13.090775289200517,0.610789857325617,0
SAT-2138,618.6003049658898,7.559846300693148,141.1674079131505,96.94528045315161,0.09910395805445141,11.417208727904436,1
SAT-2139,1758.9009903671788,7.015399502002561,49.32860547562837,121.59850820033847,1.1639045535993695,3.691141608610417,1
SAT-2140,1692.4079735648154,7.003879614879313,72.29134333426268,120.12169452101286,0.958765096369435,3.0820877265698985,2
SAT-2141,1219.3493834754254,7.23755798970695,74.38518058198974,109.69353315712388,0.08286838353098341,12.82506524072808,2
SAT-2142,1507.4127576596295,7.086001088004573,88.42912525880493,115.86195172119253,0.8538095339161711,6.732362057848789,2
SAT-2143,834.3951924123722,7.4197467312705845,30.12711327722449,101.31690905731352,1.7342190565837463,14.673941204939139,1
SAT-2144,1100.9854281857847,7.314854083316717,81.44460907458163,106.90922701677681,0.07839422694703635,0.7747179436517353,2
SAT-2145,1696.7827261078019,7.014301982135712,91.94093829278634,120.27803203826895,1.6926080018004108,12.854675188845894,2
SAT-2146,1080.7508351944637,7.307726968663979,95.70761938458944,106.77853980671027,37.72973182917961,2.275667139393271,0
SAT-2147,908.2570510532511,7.367345384529827,147.58207739720248,103.09694698019474,43.22280761301282,2.9075775048832533,0
SAT-2148,1140.1611603255099,7.288501454913328,93.12020972630914,108.00496766716944,1.9679286122872088,7.689892276839533,1
SAT-2149,1708.023729143271,7.023194464874218,41.54110605246154,120.2342619669128,1.7549340569450425,6.3898800598775125,2
SAT-2150,869.8536805304836,7.40490991424622,119.3631728839537,102.09579762427865,0.35933084904875395,7.830139667445869,2
SAT-2151,595.3947083307644,7.560451847654438,143.51654593559252,96.46029381610691,49.01357937994196,15.046421700293777,0
SAT-2152,1510.4238345623273,7.115193193133473,57.486899958887115,116.06932664384352,0.3323973229433672,10.552484075460812,2
SAT-2153,1704.1629616037392,7.009461487922828,116.15506722316894,120.33897096525813,1.1420205152825964,4.715919171287809,2
SAT-2154,471.08371349000663,7.603113275178253,26.448839270282278,93.91023951983709,0.051023726942514905,2.8492485258537354,1
SAT-2155,707.785991685106,7.540053953199163,61.546734824051526,98.78773491009927,0.5580419878239712,6.778735774581844,2
SAT-2156,541.3523825936896,7.5810785433513574,163.66030731893414,95.33526005739999,0.08190132091283611,7.2810923335570275,2
SAT-2157,891.5003996896833,7.406488324443655,164.03546936926276,102.59319192913094,8.52009261179879,9.660581117402307,1
SAT-2158,1065.5966641392015,7.3414084014672785,103.55842417375146,106.46866965355898,2.409979583641908,4.32944298628231,1
SAT-2159,1573.004772837621,7.1541013357226015,126.42326295571921,117.3977160094884,2.603068736382813,12.303397028839386,2
SAT-2160,1406.950894298846,7.133845308821904,153.72277473706944,113.64473363860236,0.36182940834566296,1.6655179031221674,2
SAT-2161,1355.578564713333,7.191490586551475,172.5395733562728,112.57533119674505,13.920629509452667,9.011208481250407,0
SAT-2162,899.0374092364125,7.3904312462131445,88.1795592521585,102.78209931944347,0.05114259732792502,10.01415328658137,1
SAT-2163,1730.460840244092,7.0035707366477,101.08363259268617,121.0490839211516,0.5009259630765509,3.3886221389358107,1
SAT-2164,1101.1881845768798,7.289330406957002,74.81548199660945,107.13078763799707,4.758416751286838,13.233580472943974,1
SAT-2165,1964.4783946257628,6.89266901294348,12.956748670157175,126.20933436513715,26.46900503669449,9.885370790802073,0
SAT-2166,1378.0416351027527,7.171250283952076,76.10462504078733,113.01918425874067,0.25282375373349253,10.366983212902769,2
SAT-2167,514.6500606596546,7.578963839717655,142.31292108895389,94.84991682992023,2.1002459674414764,8.014121741638673,2
SAT-2168,1449.501855528238,7.158169465530499,144.87938963847515,114.64754818168079,2.0556267754871893,14.562548053103782,1
SAT-2169,852.6768262338883,7.429405154010406,160.62788062679394,101.82502668623182,20.964915266680837,11.133448545653229,0
SAT-2170,1466.7562343663656,7.139819373995437,9.264006931674434,115.24060723746967,0.07087950452686345,6.171185481842624,2
SAT-2171,418.38995187608975,7.652876693721879,94.88782612451409,92.84187760367647,0.9384187736999184,3.8938336157669706,1
SAT-2172,597.2984431991309,7.555854712548041,19.336407828673728,96.31996272694516,0.17634657479128557,1.2298806296934472,1
SAT-2173,1754.7533401398368,7.0096050364262545,36.1335929698338,121.31714769751765,0.0580186748451646,2.729237311167717,2
SAT-2174,686.2052469399753,7.492126121523783,162.03897042850917,98.32873458140277,0.13805839681612164,15.883658938130191,2
SAT-2175,1722.969912912998,7.010431854129468,89.42242651734526,120.6606961573114,42.49932407067116,6.5675936462670785,0
SAT-2176,774.7693503724977,7.451496975586255,136.53808576139045,100.25689532325997,0.22055430180293586,14.389126913710767,2
SAT-2177,1392.899247099803,7.1473989224573575,11.589139067162549,113.4738376703123,31.919958963212288,2.8120527744757045,0
SAT-2178,1480.0559749667127,7.083131055003731,75.02877070647335,115.40219930821817,0.2064110923710271,6.863237854319509,1
SAT-2179,1171.51308034659,7.296392153282804,121.36325051958079,108.58035352101687,31.106825037857835,15.372243625831834,0
SAT-2180,819.0281503844432,7.431935926361016,24.013166630078395,101.2984590482835,4.600794230097997,1.549002797566869,0
SAT-2181,661.4954398308635,7.551866375249012,58.64721823902297,98.10341730730558,0.10930140305631883,9.544350112618794,2
SAT-2182,356.42190275612455,7.718784689764996,11.618604904298984,91.4956643885762,2.7842964246938484,14.714833221071203,1
SAT-2183,816.7088821092304,7.421147862353292,117.24118935651188,101.11069944841688,0.4513486179380655,15.199965629972585,2
SAT-2184,1410.376743903181,7.135390777763681,174.76042663046135,113.86271982705622,0.7053902821184607,13.551518886077234,2
SAT-2185,1895.1181913624205,6.995343879838158,148.86818840570933,124.62973282323327,1.0458824554958297,13.709357474526376,1
SAT-2186,1781.0476198471883,7.02756775340628,175.4321610253618,122.00108608255142,0.9270242007716653,10.469708970467702,2
SAT-2187,1602.3101201100144,7.069860385264275,152.20886311771136,117.9827520467274,4.9124334031810495,3.6047274187103815,0
SAT-2188,1640.3604835306078,7.058827405514066,153.93524511545615,118.8240323876645,10.094253569886286,11.717788857310223,0
SAT-2189,1430.474335909192,7.135317252705926,103.89189516684166,114.33487274280878,0.485850967544461,15.656312984893699,2
SAT-2190,742.4876578622051,7.494263932853233,93.28541605437779,99.4618999677979,29.652539246885322,8.462342883297692,0
SAT-2191,1842.2315521999108,6.952111639851997,73.12576795700896,123.20346667996185,32.686539636780765,4.245088009322728,0
SAT-2192,1440.244930239918,7.102815256307944,147.2570811082584,114.55361575148028,0.0662279505421192,9.218189977463465,2
SAT-2193,1252.749072666748,7.204339593852829,32.77217021004443,110.40724456513351,0.05542380920864423,11.0807046642258,2
SAT-2194,488.68209766291784,7.623263398880465,10.120484848354776,94.37042247448225,0.9422561805201832,3.4116569198481685,1
SAT-2195,1059.9944244709231,7.30132947167773,170.6208880832415,106.28760473006083,2.9573706420491863,11.535110626989818,2
SAT-2196,1082.6090610432748,7.311486203362675,0.6800733366258704,106.58781890118183,0.34094493786007546,9.44018245626183,2
SAT-2197,1769.7581361885389,6.975902916178213,175.82927793765333,121.60780793062847,0.3000621782252409,9.83636355545403,2
SAT-2198,1229.3019743192403,7.22626858528918,131.19360657727785,109.83015581577789,5.419653153213656,4.965208082863362,2
SAT-2199,946.6809332496964,7.397501576887387,59.129805545608974,103.76679142956066,3.1921468212491586,2.5687422807680984,2
SAT-2200,1960.560558468121,6.921757431069694,125.60757175553586,126.23328119680951,0.1586392431804362,10.012853335359946,2
SAT-2201,488.22500865473665,7.622902238930511,147.2175282933229,94.22544926045325,22.515048879040947,9.421104527525891,0
SAT-2202,1018.3323281303059,7.362147808390141,44.165170077558464,105.47137168574474,5.481484808319028,5.474393784649498,1
SAT-2203,371.441947791389,7.6984425291807295,138.76122299032474,91.69772192318861,0.6119257824542702,4.804709313979606,2
SAT-2204,1557.8370053037816,7.119223604083671,144.78653250148324,117.20112946007161,5.62139462803444,5.6211869404303165,1
SAT-2205,1860.730138738556,6.949426078268781,44.88383342256218,123.95073578012727,0.10887527491728811,7.8891450821312405,2
SAT-2206,776.063460235832,7.4594203425605246,7.546743788037036,100.0174358695008,1.2698089332445124,15.599633788267464,2
SAT-2207,1759.1808505585054,6.975924244056755,36.74201122045758,121.7256724643424,0.16066572311368915,12.240677490216681,2
SAT-2208,796.7709917852262,7.448638163234684,36.116353600091,100.66447560414008,0.06656772926773126,13.642661852731266,2
SAT-2209,1848.309274794656,6.983174546105822,11.743281751586974,123.637566252699,0.5175458317729712,8.139828145566144,2
SAT-2210,1581.7352361145327,7.105630789515311,130.68132923793524,117.54795793390666,0.14163691368793352,8.465365427282554,2
SAT-2211,1668.3415206304458,7.060600132794774,68.39548640251347,119.68877519298208,3.976709577048483,3.34876211684874,1
SAT-2212,330.61114452077265,7.676333760608691,159.1895101416945,90.87872767340305,5.26227677333,11.564628797187146,1
SAT-2213,1936.7776070258442,6.948364136850598,45.39079901973347,125.68245296626205,0.13965192387603384,6.803185692071114,2
SAT-2214,1535.3406865195495,7.063601987757792,81.58178971798692,116.68862989362076,0.059266464591688925,11.904905055201608,1
SAT-2215,818.0768621564266,7.464121652236831,115.02313720681731,101.00683548015635,11.950929631874672,6.603980562870744,0
SAT-2216,1709.9709302600397,7.015877924100979,157.94369094092005,120.68945916782945,0.05071554145635862,1.8254232767011394,2
SAT-2217,778.5860373053808,7.480746128598012,94.43179829148747,100.29547583372351,0.5379095711922994,2.8515536357955473,2
SAT-2218,1783.6815272624176,6.964770903166887,67.23443300622891,122.20885489134872,1.5230701213023314,13.003964241387465,2
SAT-2219,491.38666370029296,7.644762612381711,156.0627141249616,94.13878006758281,14.28553698662995,4.212002183987027,0
SAT-2220,1496.2661616833527,7.088683813430571,55.8443564437699,115.9549758462392,16.392527940320765,4.303235318816402,0
SAT-2221,1219.1874102963475,7.233370190378917,14.296265933863761,109.56033200739002,7.4780493378405195,14.876952631037069,1
SAT-2222,464.10859933224936,7.616570130507387,80.1075793518432,93.832325246683,0.27578006648128994,10.556406403582907,2
SAT-2223,711.2195080400263,7.467037561471387,141.31679516963854,98.75897489943614,7.236537338610565,1.9174901067612655,0
SAT-2224,321.08686167143514,7.719594272447862,5.540549715634155,90.74149584943623,0.2745286016694171,2.3830057950977546,1
SAT-2225,1096.90554128966,7.34195037741529,105.45880409812658,107.12179728043017,0.22018847293896668,4.430642180252442,2
SAT-2226,812.1509432920006,7.50256822406956,107.0035287349025,101.08202369100715,2.189544958124874,9.544531436443462,0
SAT-2227,1317.20772330619,7.202338295468924,167.1375174169287,111.68718315072135,5.4391788049535945,12.069924971500198,2
SAT-2228,805.3042731046492,7.4751164277251,51.563667086103926,100.94397640865073,0.07213155621780855,4.464493450905832,1
SAT-2229,809.862489561874,7.45505890744549,50.19059037792532,101.03551439027709,0.07568987843316421,13.943208394897935,2
SAT-2230,1563.4284378437258,7.097771279116787,79.28705724114207,117.13470313585941,11.258539731430984,1.8359648442579621,0
SAT-2231,381.8428211632009,7.676063851797672,64.24468226487274,92.20263746476812,18.943566952153844,3.4008267718865555,0
SAT-2232,1834.9214918263783,6.973459080537211,132.54225528407883,123.15081964274974,3.2530650920371946,15.530392246171752,1
SAT-2233,1748.8485864650086,7.017149470744059,115.51537388367892,121.29921606865588,0.9670613656425414,2.242443332093157,2
SAT-2234,1435.267961484891,7.1341699691751055,136.60578682312794,114.44760763933554,17.175897635319586,14.220969792808592,0
SAT-2235,1308.4766691825535,7.202937316140059,147.60752241576404,111.53853743650838,7.681059028676085,11.292567698925117,1
SAT-2236,1816.9142468374089,6.976048619474044,166.13660389214658,122.91726341701951,2.74001285043024,1.2620847412031369,1
SAT-2237,615.0613051988146,7.57010558777018,77.56861172123658,96.87604658069634,0.4552410015965513,7.790938579509107,2
SAT-2238,434.24757572440865,7.631947365879008,177.24553010487892,93.09757424398282,0.19631577069195555,8.351771715002421,2
SAT-2239,707.1672888462148,7.503239573137442,38.81894641265749,98.85685880222269,0.901548556079647,14.921020139511818,2
SAT-2240,1650.7830737903234,7.087336189626584,128.58572915051914,119.14693399444482,0.3626082928756909,6.795563029926983,2
SAT-2241,358.9394534350216,7.719250179831972,96.12167711529406,91.59805697618846,0.5208896972414937,7.203541485881987,2
SAT-2242,1290.7716196419324,7.239790151288099,147.042107043279,111.35274015065798,1.7614210019942338,1.8884917011034148,2
SAT-2243,1992.243777525227,6.904182246064193,85.81869370915668,126.93823850271116,0.16078734914920176,10.262843758658834,2
SAT-2244,1754.683359523817,7.01030386908744,141.10895436523762,121.57113095632839,13.10690176839506,3.4532619166366363,0
SAT-2245,1186.4576713741021,7.2824591008029795,167.43036863658205,108.8591883822633,0.13663387631440138,1.3327788057569385,0
SAT-2246,408.189545787292,7.6991679304162215,131.81296790521571,92.63444474506,1.386599127533072,15.951012101125626,1
SAT-2247,1713.3349744557067,6.9827401543721646,139.6969715192984,120.47851900817211,8.647369537979076,4.387111084608603,0
SAT-2248,1318.263463901258,7.173592027278058,12.091577627854102,111.7092022909868,1.425713058369296,2.342745325547983,1
SAT-2249,495.3860950012636,7.645308235811221,36.89237920181051,94.36676381076602,0.6053913273583931,11.221896956095103,2
SAT-2250,459.55738419970555,7.633537931187817,175.37467329064685,93.5458064581998,1.3293640250090895,13.164746279158239,2
SAT-2251,1846.3655930422071,6.951268278884178,124.77366068173099,123.63358381784657,17.57851164271345,1.1188321407089126,0
SAT-2252,1437.6404469947333,7.119570322857138,101.06082311598082,114.53331752390035,46.8020740260818,1.7757535887696139,0
SAT-2253,1709.7875588384843,7.01221296670986,66.05574721136101,120.29675797478433,3.912009242723877,1.533763794954529,1
SAT-2254,1794.2641304798544,6.9588403952516344,7.990020217245224,122.29847699506007,12.003340675016267,0.8466529228279279,0
SAT-2255,1272.0129984821479,7.263474403556289,66.4444634335443,110.68384145655766,0.055263204301736715,10.585358010285113,1
SAT-2256,1179.6587979835701,7.265234584821389,89.80431719212366,108.78082284404074,21.88080183384529,9.454179716855888,0
SAT-2257,1031.7265975456835,7.336761989789674,38.06271168963961,105.69011587306782,36.40150034271581,10.638625839302934,0
SAT-2258,838.8091992449027,7.447207142097533,31.164622429289853,101.51769531262175,2.6575291052231718,8.140107896059478,1
SAT-2259,1038.8131334598102,7.353658174503186,91.51497924435303,105.73735702415168,9.128188304413799,13.098372197948747,1
SAT-2260,1615.5954147412658,7.0835253704655665,105.4627624129579,118.51653854072045,1.726649682903798,8.79202600972735,2
SAT-2261,1323.2698327257235,7.21903056029014,43.18522539381447,111.71609937673558,0.36106153628329973,14.708076263314036,2
SAT-2262,1817.2895929232384,6.96444039336353,105.73010540211834,123.02301904399506,18.018304429010357,7.821811666813494,0
SAT-2263,1053.7460244446193,7.321074619377628,162.0611934973731,106.0618799612219,3.08659849664629,12.671472713264421,2
SAT-2264,1332.052283821882,7.208834522352051,85.17118644384368,112.13049724078583,2.736019924441919,6.577029623569782,2
SAT-2265,1373.2228402563808,7.1637593729842,154.33023052569266,112.98579156742629,4.746424923957373,7.020059926945441,1
SAT-2266,1305.8851759207532,7.2056009796114875,166.90886001599733,111.72168524369869,18.491813377822574,13.598973519282877,0
SAT-2267,1494.4774142453778,7.126767914717497,16.63092520867543,115.58063316741755,7.846724083257233,1.811791382186847,0
SAT-2268,703.6368962371707,7.521846279809202,17.246084338223458,98.70090330767854,0.21495254278767179,9.082192304233008,2
SAT-2269,1171.0184218278441,7.234290394224387,85.68795291976825,108.69308343481016,1.2573049852821154,11.64874983768269,2
SAT-2270,477.18216477419105,7.6435341689614,105.85843997718648,93.83778155791094,43.638016311915784,12.031687785131153,0
SAT-2271,953.6692569961814,7.372242183491618,76.65902360370526,103.8860820243936,2.304900306315134,9.50474708200261,1
SAT-2272,1129.0340166561496,7.3043126835611805,58.76113867515055,107.71962767067747,32.63668687420388,7.22422529813627,0
SAT-2273,1408.781241227303,7.173431505347739,115.37894090270805,113.72929656071555,13.774583095589408,4.246440857481448,0
SAT-2274,1915.902789396546,6.967578272585671,0.37467222298564806,125.04459531521358,4.977833083394283,14.559877142130544,0
SAT-2275,1321.106813132205,7.22563909951029,174.25319055547365,111.86439636852987,0.55855457363663,5.979628365589074,2
SAT-2276,1564.1096575001516,7.114420802648987,41.774235873843985,117.30855411922632,0.40919285981525233,12.803974207680199,2
SAT-2277,1160.6523011418446,7.30371859124088,165.07777834494127,108.38216384127021,4.25827005259436,0.6034832461059165,0
SAT-2278,1377.9768533397632,7.177933670246041,19.62265401621108,113.25047440216466,0.9923245294112355,3.7914905135170853,2
SAT-2279,420.5847674274148,7.661605982784503,42.85569276802306,92.73622414294908,12.451763768936072,5.594798206857549,0
SAT-2280,732.4656874311399,7.508351924468837,42.27726619575007,99.17844631300717,9.55741012985378,10.778027606632246,1
SAT-2281,915.1502584487358,7.411032002481885,179.3075227561163,103.35158522775397,0.43187838090583636,5.177359833874067,2
SAT-2282,1103.238703511073,7.296551382906598,0.8280982306591955,107.11332165904895,6.414404646769332,0.7576844330269833,0
SAT-2283,377.60286735405236,7.693416389143286,115.13487767462924,91.8250078214162,1.522721832548264,2.8644935052588556,2
SAT-2284,538.0409658406401,7.594861643278905,156.54358459095351,95.08048784058391,0.4664942626412847,4.2207291026722835,1
SAT-2285,770.5843232452198,7.453798623840376,121.00925772445261,100.211545422701,0.8667019678454985,2.899154930979523,2
SAT-2286,1951.605574531786,6.946337219071197,65.29208727904995,125.90152318479623,24.267531720647064,3.339220506244021,0
SAT-2287,863.2899120751863,7.423958222045135,172.49568528652827,102.03416621383049,0.5991327788470353,12.326415356706335,2
SAT-2288,1119.4697987905402,7.335790438004923,160.83373582602738,107.51251285872416,0.36405569088701917,6.651334938812316,2
SAT-2289,633.366111655268,7.51119117718924,78.1118856449132,97.33413819150323,0.5680566737500433,6.542349990220011,2
SAT-2290,1338.326120828806,7.179390707531144,103.19912867000943,112.25738149675247,0.2202040554226598,15.46904075288583,2
SAT-2291,777.1614663771563,7.468092228079519,174.15345380494333,100.47676063125029,2.1521620376084467,7.202559223312784,0
SAT-2292,651.8873833453256,7.55649467764621,176.8608651467646,97.63213622815809,0.13844564957234104,14.84976430726508,2
SAT-2293,1178.1734683581644,7.274387434067217,80.9681896292314,108.90115390892552,14.167765620661298,4.855103261645216,0
SAT-2294,309.3598585727154,7.730684207443262,152.52300506575594,90.64534177967846,0.23752577625206597,6.469957532476352,2
SAT-2295,313.0288555036831,7.6998091262613,54.35644085170854,90.63579351618775,3.112684384557886,6.400905361472647,1
SAT-2296,672.4169754731582,7.499620831967521,66.92631712751964,97.98842047817045,0.11858957184613039,8.782653433802846,2
SAT-2297,362.4263162513959,7.700426157183766,29.667938938240727,91.67927757257296,43.08533251272116,9.38953192457784,0
SAT-2298,483.64378202217534,7.5983603884898345,37.653226699811455,94.18296236084015,1.1553042767061108,4.045187961772075,0
SAT-2299,876.0631038758777,7.405672282451203,118.23719440668461,102.27269931329255,14.638076975903854,12.717989581632187,0
SAT-2300,1664.3956552856819,7.053141039029885,91.94069124127456,119.48987069579283,10.11378020673638,7.994762679361001,0
SAT-2301,1272.4826937278115,7.201784142445797,41.603734912608516,110.96365721535079,6.919092645495731,0.21199250094903888,1
SAT-2302,1171.535134125908,7.301702112855223,72.52373094509747,108.85849914541558,15.172761036401326,9.502316069735215,0
SAT-2303,798.9309994538069,7.480573142128111,67.17302277546271,100.7860687470834,0.10008311877499755,12.78914512031327,2
SAT-2304,1883.981323035788,6.917388038059155,177.72483681636015,124.59014105494269,5.4257727086483385,4.082421131265779,0
SAT-2305,974.9255701032258,7.34758851292729,153.64185069804827,104.36808180294622,0.31365463535628213,0.7021490488546234,2
SAT-2306,448.0577035528115,7.599798740871977,69.83394000908837,93.47005985878837,11.391607072031134,12.93414062484649,0
SAT-2307,1349.013077400262,7.169895742994059,164.50498420128596,112.64272773001595,37.11729203369247,15.62279978394887,0
SAT-2308,493.5252689102224,7.635479743549132,61.6743704930708,94.24593997600842,25.318536239637115,1.3173614731719476,0
SAT-2309,886.8793427628765,7.402503706220156,120.2222722922747,102.51057549933573,0.1106182215195665,15.014785236478966,2
SAT-2310,1162.600295820275,7.283120525280776,173.99699940278026,108.63229023057472,0.6421363666146592,5.8124631504193855,2
SAT-2311,1786.178291964799,6.9599031283020345,70.2501955179394,122.10205606598147,0.6193530433156138,15.068889776550591,2
SAT-2312,1139.0291865782017,7.301270144904271,122.37929371888808,107.8157680988796,0.11637476135884972,10.416545251638905,2
SAT-2313,1493.8399022538292,7.107978968290025,53.266285991273975,115.8424624463849,0.0984800282208443,14.254884567929771,2
SAT-2314,1987.7886262984196,6.905776557848151,47.93621680763543,126.87749171908199,0.7139049763152936,12.594745098317473,2
SAT-2315,523.5315038265687,7.601694269991361,103.34819995767936,94.99800072484021,47.33524789098739,0.5451641108479667,0
SAT-2316,767.0435933831832,7.447298995623553,176.26762764597927,100.02502728141549,2.5456456918573807,1.140535786968357,0
SAT-2317,970.7793285159989,7.345253984248808,81.56409276963059,104.29876365950338,3.6670336071895075,8.45933922138485,2
SAT-2318,1017.1079035160133,7.364532997531065,168.77465465698452,105.36001181460794,1.294275512284965,2.160942415534111,1
SAT-2319,998.7358279514278,7.362306678956645,164.5854336440571,105.09714758755419,4.852456616389778,7.430444402598708,0
SAT-2320,1842.9387043461434,6.98715637516949,45.677270222099054,123.50109778729424,37.06433790655542,15.278621747175034,0
SAT-2321,1513.8554955936559,7.116532732888711,72.32749327517894,116.34827701495573,2.9178560678051255,4.786640872116299,0
SAT-2322,1333.4388639541964,7.1956663641361605,115.79444612895296,112.07879331977442,0.07835836823485233,7.873712149670279,1
SAT-2323,825.9336203667295,7.4075735668917115,93.2482591940505,101.26807079952462,1.505364644530338,6.209728118082303,1
SAT-2324,1700.443653176201,7.02197005979675,17.27253537537138,120.24079440669412,47.5580264505641,10.11424873154715,0
SAT-2325,1923.602869524481,6.931652378590345,178.8656454228885,125.19207918792578,0.7264038981765868,3.1821343973597855,2
SAT-2326,1696.037080335385,7.068358608006186,135.4777202180304,120.16430731306359,3.0242223313991117,4.233034713135104,2
SAT-2327,302.66067882550396,7.742089918519246,78.78492688044811,90.47035494812724,0.10444323007691955,13.75440883668776,2
SAT-2328,1381.8823293117919,7.201020630215269,111.27033893993243,113.28060122376229,0.13259022284928773,13.000245959379379,2
SAT-2329,386.9301484515712,7.691965212542074,15.763107107921421,92.3638496402941,21.038480210053137,12.648116053043182,0
SAT-2330,737.9322745673271,7.4737888107856705,89.1542976641298,99.46473842373123,0.3981107356042922,12.357621788154548,2
SAT-2331,401.19199059121183,7.674265848951525,167.5498348471478,92.55366995627973,0.4124049072891123,7.405056146039106,2
SAT-2332,1326.4522700139592,7.200794560077437,161.3881724498961,112.02265526613664,0.7254525178178978,11.68936328326211,2
SAT-2333,1467.2028529374315,7.11238438851054,60.72855218696621,115.27023210501864,39.664868886444914,6.256556604166673,0
SAT-2334,494.6289847120387,7.61185169555761,95.64621548784099,94.59817083414215,0.08956565214804414,1.701282325012735,0
SAT-2335,952.5261011764651,7.3733770471827915,125.52903433577643,104.00683963089291,14.297572649767226,6.354656802217388,0
SAT-2336,1075.6020652244215,7.348383901613684,61.20166804342296,106.48594546122858,0.5292289995908974,2.622742403224101,2
SAT-2337,927.3901369935581,7.348570854733845,11.678259256908927,103.36412174395515,17.675596638374554,6.314541722056903,0
SAT-2338,505.7425008248282,7.63749634611293,90.97949820920485,94.61572128480383,47.23206710695976,4.829060924269896,0
SAT-2339,1012.2112433187082,7.328876517418747,108.29443244820055,105.2727669919123,0.5558687187016407,9.626654606380006,2
SAT-2340,1577.0026812743108,7.054296890686681,1.0514880218718448,117.59930190796844,0.12219096734211013,5.848492606424932,2
SAT-2341,420.71302970653426,7.684488784227562,17.203567236935513,92.88464957917098,0.13554905628123914,11.318875647728936,2
SAT-2342,436.30602393923584,7.666748754688873,37.31231584694741,93.15923201354924,9.4447980711413,8.243132228657625,1
SAT-2343,903.1111961211732,7.427598947683461,62.64941165836815,102.83975886778647,0.1360613141708755,14.719927228394857,2
SAT-2344,1900.9337097521725,6.957706420893898,97.38922010950446,124.82738828164561,0.3021584263034173,1.5473044220711532,2
SAT-2345,1436.573499428954,7.186338603921206,52.89172537673975,114.613906012013,0.20519417847208168,11.034576099397183,2
SAT-2346,1453.7389263433602,7.148474593326751,49.71308659317067,114.90797423402609,0.5834527570888911,10.79111035336363,1
SAT-2347,915.2639844243704,7.393203113276421,156.48288188635473,103.21483632840213,0.0835737192389901,15.214962103861941,2
SAT-2348,1309.2233450545154,7.210995508911077,26.10911534425673,111.74313094765488,18.58649296093109,6.007674685994075,0
SAT-2349,317.2230128471638,7.7448020765012595,89.18282397102485,90.68765815902555,19.028692135467168,4.956463718423381,0
SAT-2350,1381.3632788962218,7.154951935563033,171.50844904850447,113.16598105245193,0.8665002648298915,2.841055762997139,2
SAT-2351,1852.5878108796026,6.949029570982932,112.50238484088825,123.62010396890655,3.4295150370530445,4.318087394149169,1
SAT-2352,1341.3748961861927,7.182925700399084,129.09698638099894,112.32941399625857,4.2152633941262865,8.080063286806704,0
SAT-2353,1785.2876088927865,6.948639828428472,77.62265845030927,122.13735143493582,8.8459473540804,13.419636095163636,1
SAT-2354,1530.7541942923594,7.105194298632741,3.5877900815495223,116.62594559968758,1.824064818341363,4.620156995342196,1
SAT-2355,504.94930788627346,7.576096521537628,116.30346630609696,94.52363078864857,1.6981581769355907,2.60809965485251,0
SAT-2356,1834.170622385931,6.970937619160777,113.74637065706233,123.19931055313297,3.9163485483531155,4.426842690079282,1
SAT-2357,412.9545354048173,7.68257518729944,19.876974563399955,92.87385204702102,6.428582050505699,1.704738902952905,0
SAT-2358,1207.7447033311983,7.242670411586454,83.18874845243367,109.3897126529869,0.5483288989757066,14.834457119297138,2
SAT-2359,541.633110448878,7.627132119112674,164.75921003981708,95.34434288352605,0.48987065465697516,13.974724017153731,2
SAT-2360,319.9012382425369,7.68917745890554,36.915269754955524,90.82439690168927,0.32219976299538183,5.005018300063922,2
SAT-2361,1017.4582422169863,7.368828176500044,82.99777583413986,105.22563984132627,2.2156934317880257,4.027106273316686,2
SAT-2362,801.5692030120656,7.468225785569466,82.99857333609367,100.87976507883134,0.6017790619468044,14.49581729363216,2
SAT-2363,1126.2008394559252,7.257220203373997,145.9370642665749,107.737117315461,2.0888622792413525,0.12817402600320005,1
SAT-2364,1281.2398074487364,7.271513280099572,148.42365665930004,111.186413281744,0.8258939824639101,9.649182695062413,2
SAT-2365,374.3564229252105,7.685894210554023,136.66849553941054,91.82183099370943,16.187230538953564,14.66445979903616,0
SAT-2366,509.1056017103676,7.593969301496991,65.78174865388927,94.66683658062018,0.08286301354322541,8.186064073611009,2
SAT-2367,1249.692073965723,7.204079112217783,12.96664650333362,110.34860337604576,2.6037650015883074,0.14717465763417886,1
SAT-2368,883.384500393519,7.408166123366239,62.90693590032254,102.51145526645574,2.665884048892444,3.5800557272239755,1
SAT-2369,1539.5949288340616,7.0959147098293744,122.36241622884113,116.55523579174573,0.7081445807458446,14.766821342881752,2
SAT-2370,1408.8958026062974,7.159893080780979,126.49438340803376,113.8315607555466,0.9162894538484005,0.370656544459285,1
SAT-2371,1737.5274170828416,7.0053334539624625,173.70003770580942,120.96532103535074,12.570833869443561,6.376998280404902,0
SAT-2372,1477.237805337683,7.13927150362814,81.65542165986753,115.35937256013877,0.34752906755625496,12.656941148694353,2
SAT-2373,1030.8828315632518,7.330586629430361,113.83840492925226,105.41367178274405,20.567493968256255,13.425646799591554,0
SAT-2374,1444.043258070535,7.103026877832017,97.0543567300557,114.40750391376459,24.434300842565975,7.693966128795854,0
SAT-2375,768.1479962342115,7.46916471032737,27.11134082038273,100.13466909541464,4.475359398598709,3.7964916525523553,0
SAT-2376,820.7329479229616,7.397434599832857,83.0164449837845,101.1056047169211,10.412215437783674,9.635305011209928,0
SAT-2377,1641.2747718653486,7.0603528934406965,98.07032784401896,118.85916733462493,3.4499483198442444,4.294070701761093,2
SAT-2378,1058.9131778826895,7.30489770554271,171.13492908760654,106.35418797830836,1.8825535796691208,4.15870170213507,1
SAT-2379,1657.2465788811992,7.04952511825798,65.97702979361209,119.34659222896072,39.71945374514819,12.940836238012508,0
SAT-2380,1698.1180352360734,7.054671508215461,176.417838559436,120.31332960327373,0.3523180527914388,2.5528267812161483,1
SAT-2381,1757.8559740241824,6.98354203617283,97.61401332433519,121.54706578847285,0.14501831153018682,0.1877915065916537,2
SAT-2382,1858.2799009300525,6.980884263819292,43.644463794550354,124.09129370622351,0.3642722546175787,5.454725950393001,2
SAT-2383,1032.6748748726036,7.328783266522621,34.4995896628454,105.60444692384102,3.4901719953202752,7.9064858844209756,1
SAT-2384,842.073591145936,7.468826799271802,25.505085106841715,101.78534432757318,0.1796885146190631,11.310778231135647,2
SAT-2385,1289.7378692099935,7.20599015461538,81.52791670322154,111.20944422590617,26.632512161799543,12.519732595908188,0
SAT-2386,930.9931198439668,7.371552330957173,3.9467573620061813,103.33014266074629,0.8551517845026124,10.649955457024719,2
SAT-2387,1321.826083560396,7.211978258672667,80.10815099667576,111.96336303996706,17.73612084626758,10.061491197039134,0
SAT-2388,1499.4959664945018,7.107806865290288,177.91284458807033,115.8459617390249,0.2796917381768417,10.685404684879018,2
SAT-2389,1470.2885314366326,7.112935254574766,120.61922323000799,115.0652699012147,0.43498578981412944,4.417271629539474,1
SAT-2390,936.7399079342063,7.375899727664556,136.76150181607284,103.52557489769464,0.07527316824414876,6.179545035136628,1
SAT-2391,583.6623428878797,7.569717662623588,21.420970329287258,96.19724959447116,0.2966696238001547,9.901340365893075,2
SAT-2392,1031.8998753857527,7.3646787242994485,85.15815506821635,105.68328239147313,1.4788068759439978,1.1425734996281685,1
SAT-2393,542.4100449392448,7.554481347996444,51.52015818462851,95.09799568819841,34.46519638733402,4.795673066078905,0
SAT-2394,1813.164959812474,6.979276835243822,160.93755503802527,122.91179479015179,0.7339710426009893,6.562061221646683,2
SAT-2395,887.9916832543576,7.422711855102045,32.63264496250425,102.53326289149035,4.15146750394399,8.581706857377581,0
SAT-2396,562.5815702796504,7.585978822773363,82.57199888461355,95.62947949745121,0.9596223553723137,7.835065507039281,2
SAT-2397,343.2611918397765,7.731146349346415,105.84858930221479,91.3491926557168,0.0690789227959661,11.5182968626485,2
SAT-2398,1397.8980566870232,7.161417834379514,92.52739648413588,113.57685382278157,1.6201972176482244,7.627484139121732,1
SAT-2399,1382.7339396730636,7.166214601719762,149.44383503467333,113.36845151011309,0.07883352467312121,14.475666742817323,2
SAT-2400,879.0270831881959,7.426640293643176,41.661570837535265,102.43653752007357,22.39080862967768,6.147061640223435,0
SAT-2401,421.91021104100673,7.662201111212423,67.93039987626442,92.8630265650112,9.079896334394341,8.453410128200886,0
SAT-2402,996.3691213218945,7.347699824640234,142.57517338331147,104.87334793056822,0.6837926339141511,0.1510451946722261,2
SAT-2403,829.0697416077691,7.450795713924635,95.05285411262487,101.38451120264648,4.1651054671029,5.036599507494411,1
SAT-2404,1451.105087549516,7.12545107611478,72.38112941663232,114.70666688876894,0.10840628713114422,13.878510339292477,2
SAT-2405,1329.8247240695737,7.182270669176712,5.299652654069671,112.0044123602317,6.4067085121929965,5.403864674081037,1
SAT-2406,919.809337935818,7.383466850629091,135.60937632280968,103.31890385503618,14.694920176618869,4.125662699986146,0
SAT-2407,670.4173422334832,7.5508891301015995,174.99277403401686,97.99091824170246,14.595095799128945,8.742237702831323,0
SAT-2408,1979.6611424645062,6.844472508771106,111.65166170793181,126.57634185777768,0.35628919129485975,1.3518085652289522,2
SAT-2409,1071.8027560333953,7.326050602959309,154.17741972398304,106.61258895553459,0.30917800474265267,8.552521593241348,2
SAT-2410,1470.066200826403,7.13055076137446,93.0376337750867,115.15411617252141,1.833002545392175,4.928286192050794,0
SAT-2411,538.9400448832133,7.561452003268382,41.702573776205625,95.27479058664473,40.020866751071665,6.191335949002762,0
SAT-2412,1125.5024894209764,7.298075024248759,2.5995787623261846,107.59839645045497,28.876126597047342,12.682703568960603,0
SAT-2413,346.81242377809133,7.7124272859806,117.61168816619805,91.37056799542468,0.5996328950030976,10.625227895964482,2
SAT-2414,1159.273700447765,7.287303858139208,88.75959268468404,108.42165280347425,10.925932745371757,7.193086880669101,0
SAT-2415,1938.829592100094,6.872809397173241,140.77766647576826,125.73585785443973,29.035098026529162,9.282509378050538,0
SAT-2416,953.1514120758604,7.404505236086829,125.04283513835482,103.9091324739314,0.30321410599465176,12.293054209591643,2
SAT-2417,366.2932213773497,7.677013013815027,177.83142627718166,91.67925725833211,15.483065574853985,11.957961548619394,0
SAT-2418,352.624844562884,7.7133133849620235,91.85626501416716,91.52526165436484,0.3181682835710412,3.046615197763737,1
SAT-2419,959.5774919096781,7.388764749546755,76.89146214114169,104.12912491350026,0.535570172671364,4.884615629787355,1
SAT-2420,572.0423919874299,7.559408330384315,51.61314409907309,95.8681004481937,0.19743860637592145,5.636967202359801,2
SAT-2421,339.6985637579161,7.72020320540244,85.8350325224294,91.3131202820646,1.6603872949318128,3.081922411079571,2
SAT-2422,1585.5631437153006,7.070217964869225,157.11686606212598,117.54954457993833,16.939581906958534,0.2933671187002367,0
SAT-2423,1079.4891150992141,7.27293519927902,7.639150642513428,106.74710530788813,1.919227317800532,2.866079573742114,1
SAT-2424,791.7161123535127,7.483203509731234,176.02200851151397,100.42215080512655,0.11729784502687098,12.951084800595646,2
SAT-2425,1830.1414111280171,6.956087469501088,178.79529497540364,123.37736666408891,0.2846412257972574,8.780135177140291,2
SAT-2426,497.4362323408935,7.600892296503603,107.60784814582232,94.2617442997088,2.4409315799378537,5.532362629096175,1
SAT-2427,1925.0620092240426,6.923529091326334,59.677956665172246,125.4488831207285,2.8088747303192134,9.77267668550849,1
SAT-2428,833.7434195414997,7.4435038789771255,40.148814297964286,101.42676090918138,2.6896001168949377,11.863362593013989,1
SAT-2429,1810.286242924758,6.978897509940418,49.76827122327818,122.70503373666168,0.08510997870540842,5.735401750031715,2
SAT-2430,1325.0028900150846,7.207709007839933,9.018976770894934,112.00294916153159,9.121319790993233,7.510589980406094,1
SAT-2431,1705.4025115605286,6.998429893237816,85.51997252700458,120.4521503389971,26.745738944719292,1.120990145054838,0
SAT-2432,1972.8223774577893,6.89687586248056,10.31836875559305,126.32709166464952,1.700305061063259,9.59373952577842,1
SAT-2433,790.2892442918677,7.458271870380303,129.32535865966653,100.43704963099542,7.168988185215092,5.766872819279736,0
SAT-2434,1933.930325192908,6.965846259962374,66.94730199591373,125.59964081065966,27.606826155910365,6.9930259968525235,0
SAT-2435,962.1192213341146,7.3703889726928775,35.88565171448937,103.98731789418933,4.2348523121516255,6.8193498253561025,0
SAT-2436,955.370238052768,7.397764701939213,98.07364041048692,103.95587070379112,5.271657394069112,10.15530769100643,1
SAT-2437,878.6580772326597,7.415753509338139,175.27667530374248,102.68899383544087,7.297653595995037,9.202199048376245,1
SAT-2438,1220.392932490895,7.23649069760833,125.12358882331529,109.6121182271051,0.3023272952529819,6.811486159647432,2
SAT-2439,562.046573403428,7.577467898460178,88.51443301874883,95.86635113359047,2.799004704938079,0.3695848417025862,1
SAT-2440,1241.309525108619,7.232833367010591,139.84457386581113,110.1040587110733,16.807199222508736,9.97330557263893,0
SAT-2441,1220.8981810970067,7.257995661307803,132.74576494181795,109.77077681076548,0.3867748221684292,14.0852818371458,2
SAT-2442,1595.233081428279,7.101122923423812,160.51238299040287,117.99949420469714,24.57431965422969,12.335869988342973,0
SAT-2443,1717.2049352938955,7.0272857760392435,36.84041056691055,120.76584737094095,3.6317492342598623,15.707688552776307,1
SAT-2444,1048.7502955311209,7.353239744750006,154.59796372657175,105.98920113333799,0.9300248622083406,2.311297874529343,1
SAT-2445,813.9665238975393,7.428993086509369,54.18469566750579,101.21644389440856,3.7027030901783533,3.638068839326874,2
SAT-2446,740.8693254390606,7.478175909984425,169.37980700851747,99.4209762900554,0.8026934541892758,8.674352697029468,2
SAT-2447,630.8605223982822,7.53056459359407,50.59172681041233,97.20409767322032,16.33340797104201,3.850519067266523,0
SAT-2448,398.00088973834227,7.680020425547028,166.83273776928172,92.39785512361847,1.3993480422633915,0.6493415223788684,0
SAT-2449,882.1615640190126,7.40601219648518,173.4823286035344,102.34695546304114,25.270281721086285,6.496383591006743,0
SAT-2450,759.4210766223316,7.49131858268343,26.188444342262564,99.84082570659305,1.6919761886622133,4.6735512730483215,2
SAT-2451,1942.9095559728926,6.9055263225465255,175.40997898730095,125.75447748106902,4.787129469163547,4.293797445976236,0
SAT-2452,1248.1050046250748,7.233834676796988,15.430134317270811,110.26698726750374,49.22698839571739,15.255447790685553,0
SAT-2453,890.3709663518629,7.422736815269131,39.34220159025395,102.8772445935396,0.13799632708610704,3.891420448620648,2
SAT-2454,1286.7949216892832,7.173373079339235,79.95038055710482,111.0676377850657,8.112551196193925,2.1579778818796256,0
SAT-2455,536.6343922876824,7.638769486287663,178.84752582810782,95.34354859549573,0.13049284150866303,2.0925762007348334,2
SAT-2456,1054.874373643745,7.320812231502029,87.94134920976828,106.22614566012999,16.427410193167777,12.920552768467614,0
SAT-2457,1364.5983464158085,7.137804594250575,99.07369977212745,112.84836316951147,3.0784361324560945,11.46608438497517,2
SAT-2458,1131.1263140471674,7.29230874529537,124.99649091425674,107.69301005805261,32.61735092515797,2.158830509516289,0
SAT-2459,983.0239611123512,7.3628477703862085,174.29284048913124,104.52693358666335,19.80796272926108,3.5940745898865023,0
SAT-2460,1989.5422611294869,6.903171016259083,141.003252022364,126.74591055562072,0.08386603610436896,11.982753834252131,2
SAT-2461,1796.5350956531759,7.005740191257388,40.34772079626575,122.25379264670279,0.12908554995833987,4.466400725570364,2
SAT-2462,1359.7901288710482,7.195486242913401,54.53836751958384,112.6442031270079,3.180407655407597,15.706518995001899,1
SAT-2463,1267.9415140098808,7.229534322218072,17.573083129534393,110.5930245805205,1.794377951366043,8.695064059272449,2
SAT-2464,1355.122815701793,7.1917089925338304,116.00142554965316,112.77705161038277,0.1602010639944572,3.1529267295204026,2
SAT-2465,642.2305832981365,7.536844862553993,32.533255177059885,97.4793300695577,0.1221933831309268,13.755054426752457,2
SAT-2466,971.7341635493416,7.403346391491018,46.33287992628583,104.44156959852788,2.4600410531123655,5.179661179766039,1
SAT-2467,367.0812059145288,7.661734057712836,159.86045793246788,91.80001467232336,0.07010268436741401,4.692036945523607,1
SAT-2468,1108.4282637276053,7.302991821025014,58.81602155976274,107.30745952202501,20.901425823328292,5.3063156118788255,0
SAT-2469,1223.1417927280274,7.246152793148287,101.99640930375007,109.91458171580078,13.189209409286258,12.314336246746299,0
SAT-2470,687.1745513754563,7.531156676309155,71.56188158205187,98.2943495024394,11.352197011464705,2.8540859004835757,0
SAT-2471,1938.8490401813733,6.908960776376565,13.325631733064444,125.65688839360027,0.055842061868271176,6.170393906148914,2
SAT-2472,1846.0728385933114,6.929953309279862,65.3154893814069,123.62262529920922,0.06948528362755303,0.5902410872721259,2
SAT-2473,1527.64350027504,7.106967615729849,73.45227654646754,116.30420688798715,2.2309373158388186,13.243363215858762,1
SAT-2474,1206.7572689011163,7.258305041797177,161.22619834407328,109.72312236712797,48.111297676448075,5.517428384281383,0
SAT-2475,1778.9475714010644,7.023242071883226,58.401117656341114,122.03997755396074,0.5320085442160242,4.045949424953153,0
SAT-2476,522.1089844998869,7.578929044724169,68.26340155717222,94.93960173557731,0.5396279720063749,9.320302553770437,2
SAT-2477,1643.8666502673045,7.075230805941799,140.92141836102022,119.14136790006859,0.1264165415533505,11.309370951646867,2
SAT-2478,512.1953837436421,7.657158718677933,136.61219721808763,94.81219081533119,5.272024448081565,13.025046991208795,1
SAT-2479,1650.1581263339892,7.041815383044755,143.69134979672833,119.15965203270598,4.355119452035253,5.629780633435179,0
SAT-2480,768.8048660273068,7.445989364902181,171.67873321368072,100.0796362067987,0.10067861986621164,13.015583517370207,2
SAT-2481,1791.053987730921,6.980122132964925,143.20034971106116,122.15872886680822,1.2624287184042657,7.491607905906185,1
SAT-2482,1904.8715595031763,6.940320776458429,73.36947657922036,124.82074585766928,5.014120084739544,1.7081620539690765,0
SAT-2483,552.9531479886966,7.598655603521697,147.87153304165653,95.6149711596153,1.51188379914493,13.556288975180891,2
SAT-2484,1086.5485286111689,7.29907209262043,91.5614337761889,106.86470649171787,5.273036164874524,8.807393035463368,1
SAT-2485,1967.6785428765647,6.944959030295776,49.988525853341756,126.42276469424162,14.053393169957447,9.679266193963429,0
SAT-2486,1121.7926411543492,7.271394805070185,54.52507226358223,107.56640467887811,5.70711079361033,15.006111188146292,1
SAT-2487,1768.0307882747268,6.963354523827836,40.2916299414117,121.65327297988959,3.5262468550317183,8.990508610534159,1
SAT-2488,1300.8435876232438,7.230204562830324,26.098732407555612,111.56318418238023,18.186150264961448,0.1887781377800251,0
SAT-2489,938.0608434633232,7.339296702800908,33.20827413365706,103.78950171363672,25.161452491167342,13.942791871949332,0
SAT-2490,785.8320443939793,7.458832043994205,11.372048991687487,100.51462298942756,0.7338872047139103,4.627542177143013,2
SAT-2491,645.4792548463483,7.5995401669181115,159.92115568782955,97.46881695156225,0.1654701526349148,8.07809404046566,2
SAT-2492,1595.0569253420854,7.073468037363702,167.58140573684219,118.0345854759161,14.208597650113587,3.3576969807265815,0
SAT-2493,957.1188615991474,7.352764819526665,105.61867064890119,104.39442534544636,0.2188917161590332,4.8220387384340775,2
SAT-2494,1169.168285741277,7.269587912711461,151.2881201895633,108.61188133359552,30.60708809785069,11.017716684265839,0
SAT-2495,1136.9533160020092,7.285301710535108,33.042798477566485,107.77395238132554,0.0585603737694086,6.930216281502831,2
SAT-2496,1281.374349696323,7.220446946233549,162.3012885408573,110.97487461016979,29.02575680698107,10.071377026244054,0
SAT-2497,1771.481147561739,7.009901006132479,91.1450807334915,121.93200391377864,2.927648830443521,13.19485349187592,1
SAT-2498,1967.25688409183,6.893247648014157,12.089698668999915,126.13058791404032,10.548637151633322,5.519070152762888,0
SAT-2499,992.8931545754888,7.3909947600555626,25.436294008948835,104.83133941500108,0.7842377895474387,9.136606609384051,2
SAT-2500,1706.7821675807152,7.029521999562271,55.61576294162709,120.4578435556943,47.21922774563494,12.463647504632867,0
SAT-2501,1599.69725091302,7.0861854280400784,7.840364463855258,118.18671767826585,0.24078214943633625,11.470458765033056,2
SAT-2502,1274.9992174744746,7.207679149242573,55.67280804313985,111.02579981015607,0.3104566681251996,8.68351063211143,2
SAT-2503,1925.2801441402862,6.957226924331099,10.787477961400523,125.42505981262711,0.07132919725305971,6.1957978205649455,2
SAT-2504,640.8066763982847,7.534556420357613,42.48496893470853,97.17154920477289,33.142868486490684,6.579281501604978,0
SAT-2505,485.7491575263564,7.630022736051119,47.82055605415949,94.26742949062933,1.1669652267724375,6.986849870740623,0
SAT-2506,1751.7353438242176,6.986492654286964,178.9864157460229,121.49696992993653,5.2908719214425375,5.646643910243814,1
SAT-2507,1046.554688277372,7.3106442495851525,42.3984012774596,105.98777002928534,5.7715463366272255,11.215302594746197,1
SAT-2508,1739.8470521520028,7.0240508261817265,43.05356080894446,120.98691760622222,21.012430073833492,2.094102511122092,0
SAT-2509,1818.2533488322053,6.967774606655398,123.62201430450929,122.84335284916129,4.940213933937741,15.4825205194047,2
SAT-2510,406.1779091524214,7.652024295625366,154.68434613296134,92.42407752024697,2.4267975691279164,12.485869481347489,2
SAT-2511,1801.8900970763032,6.97076368802166,69.66997426837558,122.35129387094008,6.759671280215598,4.840792529451704,0
SAT-2512,1062.1423941280177,7.3368715931860224,157.61124358932463,106.29607264800306,8.951223506865938,0.7765063514031065,1
SAT-2513,1167.7352313071947,7.258846126853286,61.225563734596285,108.48962512978375,0.18061501149146944,11.409720440824925,1
SAT-2514,1365.2072688584574,7.175669783540605,35.462858330703476,113.12560497951411,0.10665251994880275,11.776308815020347,2
SAT-2515,1874.8504314411475,6.952963250922865,59.33498837899023,124.18063902397095,0.08385260435657152,15.421599507388468,2
SAT-2516,332.4973605305988,7.672785520087357,109.68414730703863,91.16510868414693,0.6624155028365828,4.1339183654451235,2
SAT-2517,1110.633896140289,7.269700108008745,66.08576867617327,107.18131532779421,1.5594473756443765,1.4153289342471587,1
SAT-2518,1469.1274721319533,7.137017713233654,121.12088471807198,115.09181415516008,3.5149544321868076,14.65064264772308,2
SAT-2519,1528.6018280869885,7.088659660045557,42.64845829604683,116.46720874807268,37.41739627351538,4.2125196503431255,0
SAT-2520,1477.3051336130836,7.147710927065013,126.17872091804678,115.23420776358398,0.4912849554017453,11.572350012449721,2
SAT-2521,528.5397199938071,7.620127780031069,62.538905384723996,95.01605074492149,9.585000956829601,1.064488241460079,0
SAT-2522,808.972500231858,7.465262129767271,82.0563068883482,100.89045788896952,1.9635540621707275,12.193298399121055,2
SAT-2523,909.8163932089229,7.435494590074154,100.39412527972127,103.0223035306187,0.22868611710181186,2.119711764480533,1
SAT-2524,1667.5432530551584,7.040081857032273,123.52050057347886,119.72895501365095,3.5066005107106326,11.159822933861495,1
SAT-2525,773.8917831047402,7.482125539052273,42.96846453277207,100.21140706508714,39.85644316980332,8.564254460869137,0
SAT-2526,658.1984385742453,7.5186762485621355,150.47019673394587,97.7983271295749,0.11800350362974994,15.29226127442944,2
SAT-2527,1927.6616323647636,6.979552033416235,129.93169495594316,125.4465392812949,1.6626823935427175,0.686990524929754,1
SAT-2528,315.0675846928971,7.760849627470844,42.1376254243199,90.74217363298465,0.07141592518277909,4.743575058220924,2
SAT-2529,1996.295454659363,6.902259535347065,175.49542126852387,126.94308009423618,0.45985286969179207,1.2051917856144765,1
SAT-2530,1450.5962080575725,7.1464655811986635,119.66345838548251,114.70474788710426,3.6372909088645202,14.07924240031153,2
SAT-2531,1708.397809063499,7.051103272273186,81.436839564007,120.47262114782107,16.67787876092386,9.543028343211613,0
SAT-2532,800.8529737885284,7.452152484312647,28.354918599632942,100.85680569578612,7.761671705920592,8.606016836490593,1
SAT-2533,324.33597203400194,7.702698390120581,95.97978041546365,90.98215622678018,1.2233207406228652,2.1901804846493254,0
SAT-2534,1554.378181554601,7.109319150709874,29.659659628881275,117.00394411786516,26.707809855935245,7.875612891277509,0
SAT-2535,1718.0458149011488,7.02129605512595,77.30850216561188,120.74855184448818,0.4046821041123069,6.439388117295465,1
SAT-2536,1558.8094243209825,7.093517478689279,73.5682540931134,117.10668836452766,9.13945365663155,5.120454703410469,0
SAT-2537,542.8454884114255,7.576238558365565,129.58913598254284,95.3574572247861,1.321286718716626,12.37780439242765,2
SAT-2538,1580.8274678368475,7.045681687414554,34.62897262036496,117.56695463220436,24.824314708823156,1.0742890333517718,0
SAT-2539,1607.1687295829897,7.073060353639004,147.93684387675225,118.18104074789632,12.338673414954336,10.382303065059007,0
SAT-2540,1419.5188766390934,7.171057566442082,58.70381886290984,114.18781427832032,25.315061585406003,13.185589196115167,0
SAT-2541,1602.3970857524967,7.06593606161131,79.91795285437951,118.10242301399435,0.21964107021116938,14.526185797479158,2
SAT-2542,1738.0664474521448,7.039784934444434,139.02137559969165,121.13357221491604,5.0515109727048815,11.960073856611022,0
SAT-2543,1343.1269942036793,7.174210102548076,112.57063194843266,112.23550583364347,8.21032272906852,4.591045293845627,0
SAT-2544,450.6280137484544,7.62297969047193,55.44456332434872,93.42176009617495,8.437480850650086,9.648068622326884,0
SAT-2545,1128.9672764342586,7.288851359744773,69.51652641825858,107.70887599921437,1.625441544835225,2.3483174135382487,2
SAT-2546,432.00386894172857,7.652878120464896,55.04162651812983,92.98732011944465,0.054040775343193445,1.9612639175419384,2
SAT-2547,992.8231527551325,7.372678143132346,107.05863010988828,104.81507108979419,0.30427225698162674,10.254123860002382,2
SAT-2548,992.0810315135669,7.342150270899642,59.87241597723115,104.7541422556976,0.46652253769672375,13.632611707888824,2
SAT-2549,412.21673503841066,7.693048135537194,130.62558506096536,92.67247503840188,17.992017141043515,1.1692451986239407,0
SAT-2550,892.9949077481149,7.446999715016073,104.36168854507069,102.70093821161825,16.65817636010818,1.78545934091945,0
SAT-2551,488.69676794523525,7.622050512200362,26.227190114551618,94.14048204102497,0.10304105970420337,9.093156188126775,2
SAT-2552,1673.9998570156777,7.063911570037474,55.848351362378835,119.64762886192165,35.357182455914625,3.5695685902075094,0
SAT-2553,1911.0696441396003,6.916313377056488,39.86053954382803,125.02444245984496,0.17633660061653494,9.8279081521646,2
SAT-2554,422.9380079384956,7.681139819558693,70.25637825926736,93.00268466048831,0.8750812091850839,3.5112468215599044,2
SAT-2555,1923.6958523958924,6.953106738358949,92.87713551768536,125.32837220336087,0.22102474727963553,1.9520633914663452,2
SAT-2556,1188.3802188724667,7.278759553676243,91.21731431113977,108.94949847967649,19.053177387928983,8.774642216420755,0
SAT-2557,809.2616525215856,7.450417468072665,135.81426178139202,100.95824943348664,8.85474583740771,13.80890269471864,1
SAT-2558,430.665527969478,7.596198034233461,34.05093544830768,93.21352643373525,0.5748525007638293,10.993439357193425,1
SAT-2559,1151.0612557197103,7.266647080134522,170.3651092735404,108.30108080696225,5.554000089519215,13.117729686821837,1
SAT-2560,1650.6764256342728,7.036624618588213,61.71211923879035,119.2221462238227,0.1786778248254022,4.334729272801767,2
SAT-2561,1502.0470113533868,7.095804510760032,54.044792444904935,115.94335706734482,0.701231281496831,14.187060555622708,2
SAT-2562,385.3842194887554,7.6833379007069,123.33214407243956,92.25918269002868,0.6765388943911644,6.094922875762704,2
SAT-2563,423.93312012543595,7.650695225738215,144.99299316295125,93.01222536301552,0.25869024343265123,13.653917918926197,2
SAT-2564,984.8845804754831,7.344755496211169,68.12491766645762,104.70013588883448,21.276792250178573,7.591691883364745,0
SAT-2565,801.9938398815036,7.43332638067714,134.43245548091588,100.8720286460158,5.438851619988551,4.358936593031889,0
SAT-2566,695.0533491952813,7.49639000929566,159.07247210448986,98.41199278347683,0.3457704984741602,4.238115413326007,0
SAT-2567,777.7076481448131,7.4895841632378986,138.02465973725234,100.10361803056799,0.2662761605582076,9.125919361397981,2
SAT-2568,1665.9206636047038,7.029233942239173,6.155367402749938,119.52295987017098,0.056601822792167834,1.3562632962888486,2
SAT-2569,1879.6876911741517,6.940325499812844,148.92640404591387,124.3136872192531,0.5479195111318365,14.887893493957288,2
SAT-2570,988.6745806968629,7.350218134851218,139.40657252178613,104.66995302983784,1.9023212282486914,4.416269581606717,1
SAT-2571,1840.388703625245,6.974016830901884,120.47224286757348,123.50233101347351,0.3404887993813138,5.436434603749099,2
SAT-2572,846.5426921213993,7.440586044376603,136.8040354358226,101.51905768217236,6.314585290883614,3.809494704485601,0
SAT-2573,1109.9428767844456,7.238566609800343,176.296571249749,107.26987737354213,0.8594459935112421,0.1478265729154701,2
SAT-2574,684.2492962871995,7.53688152713991,77.60031980730294,98.24579155194607,0.4445529692961322,11.111548765259885,2
SAT-2575,1388.8092716989347,7.195825700176063,12.100182291827606,113.21633033215706,32.82033281491855,9.489791126444153,1
SAT-2576,1964.2678957971752,6.894265698994376,82.960194532989,126.37264079836741,0.307165642081601,12.97334818913414,2
SAT-2577,1325.9382632737436,7.176864397458505,8.358057970388629,111.8689058903367,0.7829659301052195,0.7520712978705896,2
SAT-2578,908.2839429930331,7.3908728825695515,52.965073455923005,102.95432878882727,0.7012007467024385,14.865624751259793,2
SAT-2579,1401.2896581838982,7.146221648245772,105.63836252341662,113.74439817609242,0.2645848915966161,5.361102346959812,2
SAT-2580,508.9651533911589,7.616075210189851,55.73212072670813,94.71863010534247,0.2245950724659444,14.617810813842121,2
SAT-2581,1810.7204364511776,6.940927198960063,123.37114426371694,122.64064779121459,0.4037476994827747,1.8033905648738786,2
SAT-2582,1155.2427163257219,7.255100607859761,147.9575389834298,108.36790088661745,19.573951780915795,11.928337245367294,0
SAT-2583,1063.8945614673917,7.352813538892568,75.67905227031665,106.3629296737419,10.005036239029092,9.311795879773992,0
SAT-2584,1295.9701403709828,7.191796466735763,162.02483123274064,111.58462847895203,5.520374572751867,5.795240322516086,1
SAT-2585,1362.1325667419842,7.204318300863195,14.371007643072037,112.83619017557331,1.1756525285663422,1.3583640953350071,1
SAT-2586,422.01887058507214,7.667260333076064,151.22036955608095,92.85128200432652,1.6681379330890491,9.715310506563174,2
SAT-2587,1460.449276079784,7.098056321765532,149.1431661790738,114.86804602899177,0.31650934765617633,0.5203941408752182,1
SAT-2588,711.2838565364003,7.514795760809791,57.95890133881768,98.78537506791993,0.08354447723504597,8.07038537642152,2
SAT-2589,1513.7194752612027,7.107747549984066,53.76873368243069,116.04599914172091,0.4921434104489478,9.706916355119114,2
SAT-2590,1698.3091504531344,7.019197436032694,54.917096607632274,120.3675017826984,1.5336323904813227,11.7471275818716,2
SAT-2591,1666.7294628392845,7.046999251605955,146.05086822199397,119.52708745167666,0.0742863711642408,15.86222068417505,2
SAT-2592,1239.2516445934116,7.24667273186232,149.69762776983512,110.17451013999067,0.09197502414383714,4.235490044773462,2
SAT-2593,1184.288816928277,7.277608529421258,59.350042588980166,109.07862405499905,0.3076420544892829,5.225998159838253,2
SAT-2594,542.8891342769999,7.616465075908239,106.66626254000313,95.1191266867411,0.6312641485760938,5.524211014262972,2
SAT-2595,1618.0884556853305,7.071667963891321,25.00798129928181,118.56984467884178,0.7566942567030942,11.732165118555477,1
SAT-2596,761.3959467594144,7.4481752655187075,84.38017289058398,99.91644584817156,0.11288291173233919,14.91592636527221,2
SAT-2597,1144.3822187905091,7.273242689695476,179.7827131539969,108.10882400283691,0.2379217074653887,15.591747618346785,2
SAT-2598,783.2659579767784,7.523113882225076,28.591046587124435,100.28795199416288,0.30472757845972165,15.138400728274254,2
SAT-2599,527.5082170994783,7.615849694000272,170.56127519281063,94.96144190451174,0.07977643647239993,14.082189822672369,2
SAT-2600,1370.2480847159522,7.223071215450853,148.3658499537014,113.02228722836182,0.47562985379462,15.856540243748032,0
SAT-2601,392.3644591989365,7.704837104095428,174.99863717032858,92.496434711908,0.08234452384637315,6.0775370566685005,2
SAT-2602,1572.69689801454,7.088493540498211,32.32417690989594,117.53429733181699,6.446790149695504,15.178308987979431,1
SAT-2603,839.8975519438983,7.440912606761063,38.433328279805565,101.69146958845967,0.7196367010592425,12.200217402094994,2
SAT-2604,300.22897810762504,7.72902757055007,3.036092712274563,90.36000179225086,0.4777791268957033,2.7785117664948547,0
SAT-2605,1168.9195367032908,7.236099702888771,130.446326324809,108.53497165896107,0.11982198745700653,0.8228964872475171,1
SAT-2606,379.6482444969253,7.684516491276787,115.93704481851341,91.91982699250983,0.23904571912238842,3.5102949301381243,2
SAT-2607,769.488248295529,7.495664146122488,32.05177889845178,100.03216296221734,0.2495086642206799,12.482142876173256,2
SAT-2608,1501.8600286747176,7.103461305155344,142.40609379757294,115.66139198210716,45.14219255825925,10.143980411491558,0
SAT-2609,406.572356757172,7.677116647298136,53.855191103710574,92.47634711344746,16.03312368438697,3.6672644918122947,0
SAT-2610,1726.875437005204,7.032931022614528,24.29920247951433,120.81336550868437,0.05555931456840898,11.896551126094613,2
SAT-2611,306.4938685195913,7.707938643625602,76.06127970348267,90.48900741525148,3.5438862743454966,2.3470236070674275,0
SAT-2612,719.6005776432338,7.488662146180351,16.37457271683409,99.04716202029641,0.2928871335071619,13.167278162353242,2
SAT-2613,1559.5368954585215,7.06917417477529,47.3838581291844,117.17850980417532,0.10282549072002205,12.72715951793464,2
SAT-2614,837.6592545398215,7.4195953339475995,66.8400045169223,101.51613906816532,6.542885100023413,15.563957934226169,1
SAT-2615,473.217059712223,7.605696778861547,153.33555141254698,93.85911115924013,0.1241042495423007,2.4894450776061583,2
SAT-2616,912.3976619607274,7.379778931972103,142.65877343277984,102.90416252600225,1.0719939711892692,14.515146611192145,0
SAT-2617,759.6685868536933,7.504982475425843,79.69577143511128,99.81708209711364,3.9397212853847647,5.523532353177232,2
SAT-2618,1732.6102336729434,6.9951067013538735,130.42351039542976,120.90057539657614,2.3038503891109325,6.7153518502454554,0
SAT-2619,832.6914598947433,7.44113140128063,102.3569345122209,101.45931616532143,42.84077307849924,7.548276499899634,0
SAT-2620,1641.1852020192123,7.043259530650219,61.351533914052254,119.0468871268436,11.38145652228671,10.067774445920637,0
SAT-2621,1816.1826461782491,7.001106273147302,130.65738182915126,122.96826829582196,10.508727552034143,15.916737584876879,0
SAT-2622,1037.4896132801002,7.361289630866742,123.02984780394804,105.84368391822336,0.583117649447531,9.639344968578207,1
SAT-2623,1846.9033445524665,6.9817562174129195,111.43699959484836,123.55329794298336,0.052985432124385785,14.834782254142475,2
SAT-2624,941.4406917374279,7.38920497318803,111.2319937877851,103.66559727093224,7.983673970529736,4.154948413147095,0
SAT-2625,1938.933308033184,6.9211815469643305,122.93675861885582,125.57342237225555,49.907550768060055,6.434745422860879,0
SAT-2626,451.79219169347397,7.619584100758653,69.21819227565688,93.32585854618593,0.8252914152526143,8.121542518073435,1
SAT-2627,1467.9327530555126,7.169706070523554,156.43364671218643,115.21768994313588,45.24030260701404,5.234141637608064,0
SAT-2628,1139.4838687767788,7.269896650976805,29.215412189362947,107.94221361514762,0.13307434368633586,15.632186937132849,2
SAT-2629,959.0029692746,7.387505178540483,159.09938338304772,103.96703135075752,0.38771005049799684,11.638368506965913,2
SAT-2630,1375.6101938726215,7.194392889972367,61.61073174575899,113.0081532928253,0.16261132911436355,7.714213499702706,2
SAT-2631,1496.557055778363,7.106746107474847,22.505690809552053,115.66292500958491,1.3319806724985412,12.045744749235723,2
SAT-2632,307.4175584055254,7.746358184990095,108.00493248224339,90.52962582638905,12.300257657929217,7.532335735414154,0
SAT-2633,583.8202508702378,7.585808112157851,67.67760043267295,96.30974253368085,0.5259628608502867,0.373882705150024,2
SAT-2634,1512.1782860783417,7.145355163680979,146.78995087863348,116.05973009699463,26.16114908843561,8.736775184184344,0
SAT-2635,1432.855203082951,7.137456791681047,77.54138433517812,114.12142019530056,2.155069320394647,10.040444978303105,2
SAT-2636,1942.2807587187513,6.898690934658778,120.34125460117977,125.70514361374462,1.2452118516873454,15.70119795762513,2
SAT-2637,1593.7642434263312,7.064173121804006,55.4864381108686,117.88582319484544,11.4835860995205,0.7486062873438212,0
SAT-2638,1916.3136031432746,6.939425140840974,37.70142750456122,125.11296706398197,0.1007628622445817,8.242341623536628,2
SAT-2639,1494.318852609172,7.1200286495944125,69.84882557078829,115.63748617822212,10.476770196924083,1.660660631662953,0
SAT-2640,806.6887546870533,7.444195237834845,109.22541022843802,100.88585472939589,0.26780951614861315,2.469034834978271,2
SAT-2641,479.120367826456,7.58997590524498,118.25041305804334,94.04540474368856,0.34786252570151094,9.80636708959877,2
SAT-2642,1629.1005676863906,7.06805178564765,104.0771997536433,118.68444817417155,3.142905509602464,3.781926625037307,0
SAT-2643,1395.0536765090571,7.203663246462818,177.8500293523396,113.55810934825638,25.396465539522485,12.01186836959089,0
SAT-2644,381.9162210686036,7.692150095313256,124.39623356912975,92.0012901131029,2.717633288796714,8.275759212264836,2
SAT-2645,912.0857920316631,7.410129000686377,167.6735329674452,103.04521785877428,4.424029871626218,3.569584874135222,0
SAT-2646,1926.5596863232865,6.942413724088532,21.22797508113141,125.50561139543373,10.6844894150466,7.951287673856934,0
SAT-2647,1150.681947707342,7.287606101183835,11.047127366426196,108.25716094038309,0.29987777600652527,0.1140194578391194,2
SAT-2648,1035.639531233498,7.354615749075217,55.979046362151664,105.81106642255727,15.159016397995245,13.817566694159671,1
SAT-2649,1078.0893287707997,7.322957418882367,24.58600890775631,106.76122758499055,0.8971198198363858,0.30158619518662855,2
SAT-2650,655.1006308087783,7.525770610561712,94.65633508108819,97.73835889055914,0.16824303138076901,0.2114572906257023,1
SAT-2651,926.8021904701518,7.374563575739062,93.41662563419017,103.49934446411501,0.5614670088656323,9.822912696556388,2
SAT-2652,928.6825351782003,7.384551952360569,103.50848995991103,103.28853908572277,0.2737558064607965,15.578982720062317,2
SAT-2653,389.0035343187031,7.685119175106298,134.1410185495931,92.2096301034476,0.24272293767704384,13.709342401228263,2
SAT-2654,1604.8649684804611,7.0630365872534515,174.83934603821757,118.12974063898453,0.35209479137588184,4.107100710172281,2
SAT-2655,1008.0575342365943,7.355966909074059,158.08656445904637,105.306098753024,0.17448674800489858,3.2270022972482026,0
SAT-2656,1697.7058075879195,7.037352548086078,21.306103123604686,120.30967225308785,5.035878873253957,10.05518367207194,0
SAT-2657,1745.5916019038223,7.024469090525468,60.9324639787183,121.22563632789895,2.7475479183999423,13.17994017765103,2
SAT-2658,660.3898929877187,7.554846591813638,46.04814450864754,97.83337169495675,4.4085491121561144,5.857050867310473,0
SAT-2659,1417.5009196892186,7.155445059679696,31.827124400362703,114.02613775147235,0.5372101082220508,6.974437986836507,2
SAT-2660,1102.879067077069,7.276752874736291,98.05047779804121,107.21681503426538,10.18990680524501,1.9362832674762438,0
SAT-2661,1796.2664544665247,6.979129177977417,99.5875923658915,122.32444213043685,0.12240417389626577,2.529940097960211,1
SAT-2662,666.759154599972,7.526664165885377,40.904069019851036,97.96500433370404,2.584521401284446,9.13679036091373,1
SAT-2663,1452.282440527075,7.101249097677662,128.1415050552034,114.7511129962131,0.33521922761242046,1.7322327174001477,1
SAT-2664,1333.1786078296284,7.220701331506535,131.92457385051094,112.19114895648732,1.9133732871540505,3.3125333842548264,1
SAT-2665,802.0125118721157,7.4573402395190795,3.7763990701079964,100.69311935987504,0.4676075665637542,3.8313646817889566,1
SAT-2666,532.2215362069935,7.606391492545905,71.23638667001698,95.07586387038474,11.762653383310687,7.158400078096722,0
SAT-2667,1407.7875928113701,7.1856605543699406,160.22531541629178,113.91354239331837,23.593127834850236,0.8252302295658158,0
SAT-2668,1555.615678824962,7.078682891169109,93.65734948389088,116.95024003981504,8.44721745830446,8.046358449917724,0
SAT-2669,836.566484397695,7.4480831682286714,62.57300425901897,101.3967732531128,0.1681593975909461,14.865923061665896,2
SAT-2670,1396.2154268379334,7.161483274811704,45.66170728712342,113.53716009423793,0.33386485114142106,0.48897221179325456,1
SAT-2671,971.7225429395555,7.364160667341248,43.80381358529081,104.28553540398885,28.644694902157493,10.1326593567987,0
SAT-2672,1512.4517015804502,7.095228729101395,17.958246093145142,116.01206607226786,1.0247794014747182,13.389893605909522,1
SAT-2673,638.6659673198903,7.574160733649093,147.10075543675657,97.35372926253535,33.30513760781281,5.068127396531916,0
SAT-2674,1813.3655044814964,6.971219718437107,15.59833297095082,122.66048995948017,0.7521856969594803,2.191144865805676,2
SAT-2675,788.5963139914855,7.475463095891815,52.61305785512684,100.38219034896386,35.833892468236094,0.7891026229872824,0
SAT-2676,925.23617918546,7.353776283544796,8.221632941943577,103.57863244906635,29.935531097806642,10.33805864502926,0
SAT-2677,398.7563185365946,7.696903141236966,140.64958255026608,92.43473883261072,4.792373679622507,8.880526645642187,0
SAT-2678,489.57076094616986,7.643392050192255,7.071062800822283,94.1794116194824,0.053143621917549934,3.7457903154327616,1
SAT-2679,1176.9652346109579,7.268928286615363,55.494198696277515,108.81067927929438,0.7942807738580305,13.322715191344793,2
SAT-2680,754.9075504375515,7.474551765591277,103.19352661559952,99.83133561757703,27.081666986449804,11.79455099922226,0
SAT-2681,1720.3163837617305,7.026742270365547,73.72104485281989,120.82202074148276,22.610016103392983,4.495217681289851,0
SAT-2682,324.97876071342154,7.761236330550084,50.80879210483808,90.86990307329943,0.18244560444501096,12.078472063547679,2
SAT-2683,944.4598827422915,7.346293841067938,49.534033036957496,103.87968437991158,0.7879841687489739,3.995407994662284,2
SAT-2684,873.4874295074576,7.433268649736035,143.6022550811249,102.0715645692957,16.050914744799538,10.836752643675139,0
SAT-2685,332.85697255992176,7.692693326558773,175.31605711570413,90.9374281309791,2.7077188234363274,1.984866153074683,1
SAT-2686,511.42627830086735,7.6098372466033215,62.647392680782815,94.7212072007749,17.412763628213714,11.106607466997994,0
SAT-2687,1003.19254736168,7.3471465409298995,7.046192449622975,105.06733483555371,15.089406477083921,3.896513261817938,1
SAT-2688,1137.8697935606592,7.277306690339784,6.581840023639516,107.83370599824495,26.38858025719673,9.202262732443254,0
SAT-2689,987.2925703332775,7.359833856802701,136.65841473792926,104.72078948540523,0.11236518442108445,2.842175482944932,2
SAT-2690,1202.5940533005596,7.23199013963766,99.42656788964285,109.26092429492194,0.1363375321943246,11.642874466330442,2
SAT-2691,1311.7238473396587,7.223548126561543,141.04667833511948,111.66700395378773,0.08859252733268264,1.067985232849522,2
SAT-2692,316.87049591732057,7.684253279437658,125.54946185194346,90.82006927579432,31.97249496321722,2.730142810163229,0
SAT-2693,1088.9617710709567,7.320512670787314,163.3511428677714,106.96306529893309,1.3318556501749532,3.0277700299463,1
SAT-2694,1937.9487095089,6.919682357348332,159.44837238839224,125.52609623686587,0.07797328920689113,0.7573630150785771,2
SAT-2695,1182.3548762202327,7.240967993571321,141.89893121181194,108.77965339208424,0.4608501273929919,11.945699006947907,2
SAT-2696,1451.8218546802204,7.142222268801184,85.53404880758588,114.72267518625432,0.5665104530562466,15.697144825364932,2
SAT-2697,830.1685584587015,7.408766123754345,55.46275336869344,101.35676386682029,13.416816337434582,12.47652483574575,0
SAT-2698,1615.7853428596964,7.065317884039958,91.26482174003519,118.32495406445139,8.042677988751839,13.78404819774609,1
SAT-2699,1613.9665191893957,7.036870605768481,90.37288931756825,118.45436892860063,5.849667121539136,0.19552179937860675,1
SAT-2700,1186.2032810120363,7.271762051719826,109.84959880008078,109.00334313326896,0.058151465241098675,1.9741324240160327,2
SAT-2701,1959.223499574663,6.8988757490878845,33.49756220092274,126.14921060588868,26.980959722043565,8.988423394788311,0
SAT-2702,513.4353650965107,7.600105204513409,118.01157848009798,94.61963790892528,0.22163370426749365,15.648115268227263,2
SAT-2703,328.8110303122877,7.7191325805961775,82.18816635704684,91.07738037118752,3.8561526573091136,10.605335603666438,2
SAT-2704,1609.2689599870632,7.051956486899357,111.63686974935466,117.96386486193849,0.07663499499428088,6.048773430435435,2
SAT-2705,1672.1644135203003,7.038561173399398,43.12886812551822,119.72994738550409,0.0878108699871717,2.4237739571552015,2
SAT-2706,504.3522895049796,7.583873049836768,78.1910808979239,94.65227756915488,0.053419755104453896,2.530087540684147,1
SAT-2707,751.4908160296303,7.493501811456714,37.83621860145365,99.65961107467814,2.493176002126517,5.8677759168368615,1
SAT-2708,329.83901772326914,7.747960194405871,157.55492821622428,91.10887798429434,3.864639720282554,11.449582137769715,2
SAT-2709,798.6246383269599,7.512097891951299,87.83298810747677,100.68786793289647,0.07085278310220255,0.6059267272960794,2
SAT-2710,1614.3411856617415,7.066985754853127,40.496654803286184,118.36487771011241,0.37189869860904756,13.649623704240053,2
SAT-2711,1180.532897111384,7.28102687066294,7.4175652334783315,108.87993668628619,17.919803656116766,15.070667827467911,0
SAT-2712,891.7625083860897,7.3726773290859615,121.63295963763753,102.98131345298563,0.10066884939003792,14.232181722440215,2
SAT-2713,931.9568013407614,7.417929385412377,38.63604851815603,103.65052603378382,0.22315750542941298,14.6171278594106,2
SAT-2714,302.3011637162959,7.744083530411077,178.1247946173801,90.491428049845,0.9378721284574271,0.3438945427503935,1
SAT-2715,809.660896860901,7.440842928024092,96.0660672147309,100.83548567562438,16.81869567160277,15.646897823603343,0
SAT-2716,1398.9798607844818,7.187149698710302,52.015859324645774,113.61729895977938,0.2907482890645826,5.925078126756547,1
SAT-2717,1956.130554487807,6.913557912588284,118.38193808267346,125.95706153850878,49.0208740388363,13.921569782006278,0
SAT-2718,1740.0034058726292,7.001058648322266,49.5395862188554,121.24565434134811,0.5817755209864569,3.0702610441238654,1
SAT-2719,340.1114398973995,7.71626362916472,147.64937290375437,91.20492671238748,0.7216323265102589,7.199759308329567,2
SAT-2720,1827.5530279472268,6.9514216996544755,55.48248916738954,123.01802035455329,0.11622207287806872,0.8022137791212287,1
SAT-2721,1631.4373026076642,7.078043973774556,177.88459183126366,118.74704803789147,5.489890812226227,0.7372083498009534,2
SAT-2722,1626.6394100706666,7.038608343347051,108.92606138015285,118.54722425129343,0.268760569504132,15.098090002237248,2
SAT-2723,1078.5927903060715,7.293801660883852,151.9940068096794,106.66455000618453,3.8509935410827834,12.988645139211721,2
SAT-2724,976.6089980226548,7.34719824589261,13.106784524116,104.38101142701358,0.23358405288143816,8.524234106179314,2
SAT-2725,814.9567390164275,7.462965682265489,62.693895129513876,101.04118791476594,0.7287638239850593,8.454784959676152,2
SAT-2726,411.6812602224218,7.653653330465335,132.74767550990694,92.72855009756722,18.5774576610214,12.005198433771362,0
SAT-2727,688.0001179392884,7.487491697613282,117.91062312130488,98.3673774370006,8.235457660262968,5.532533626970792,1
SAT-2728,719.2261794626419,7.485772557926841,34.963761858076396,98.98705449122197,0.1454597055704364,12.213721486205039,2
SAT-2729,1122.9310185073427,7.292490603548944,64.11652749174777,107.62329987322809,3.3273195093757955,7.8116332418930305,1
SAT-2730,1570.6554912143797,7.06094841987299,47.41981334775736,117.45841911137089,3.8449611798106926,10.242886706292293,1
SAT-2731,1105.4767082765093,7.278606005492075,110.40663055713173,107.11654157245708,0.09347068487360198,15.44078825664005,2
SAT-2732,398.33556406017306,7.715767764346359,62.02228130257949,92.40624384187234,1.2484954597469986,7.5939173645721585,1
SAT-2733,1928.2426616799467,6.913050720798606,55.62976356006297,125.53749712432655,0.3026740523475681,6.752634089968557,2
SAT-2734,1902.6313424599907,6.934519329242566,37.328036478541506,124.88305689357715,1.2599706614038004,14.5014118656676,1
SAT-2735,1634.8222233522943,7.048774575609093,73.6248817646367,118.8200563614897,10.719708562085527,14.451029869169869,1
SAT-2736,1985.257432659175,6.898151826258962,35.190466235379645,126.7642166389383,0.14919308136665033,15.879457359942496,2
SAT-2737,1225.619965760447,7.2560974293262746,173.2625257279738,109.86749834571626,0.11718785933667489,8.858721689002115,2
SAT-2738,1936.7061954304504,6.94569386190149,27.810326069154613,125.67298444890781,0.3213064839284052,5.573758502322984,2
SAT-2739,428.52856904847636,7.650366782834167,164.39484869257973,92.79653332208508,35.95806849712853,3.9222020045254875,0
SAT-2740,921.6572720443312,7.368360295589644,77.12515766818476,103.1418275612043,8.75876023291497,0.6421320755314226,1
SAT-2741,683.1481556115019,7.5425242570448345,68.01587848110998,98.3717591517727,0.05719230403507761,11.654985124953079,2
SAT-2742,632.916243028259,7.542036466653904,41.63756416287279,97.07294869159318,0.7979662656942005,3.812271162393603,2
SAT-2743,539.3650131175493,7.629442307334143,114.43614018615344,95.32223029668998,0.29591292957789295,9.74559007508795,2
SAT-2744,1358.1031906621943,7.136409187457355,123.39504270195054,112.67244368036228,4.105855959020545,14.673818609293889,2
SAT-2745,1628.2471547704185,7.062926711564746,84.16277320543514,118.56832134624463,1.1935685448483877,15.208396357572976,2
SAT-2746,1283.1072790146131,7.25478901838226,10.027241224816343,111.10618660086516,39.12601156197964,0.17012113028693404,0
SAT-2747,549.8366062999564,7.5820227183722775,165.33182712393898,95.518839763979,0.22693702502559585,5.1414929988840665,1
SAT-2748,1678.9104088869005,7.032260249288214,176.45924391774858,120.00813331024595,2.9009433794348993,13.414310668497107,2
SAT-2749,1381.1230021783383,7.176560800319243,77.58781473813029,113.14906292543904,6.303765503979243,8.629478765089411,0
SAT-2750,959.8817004158924,7.362614358255188,110.45894533367888,104.2543949375882,14.985232045917243,12.93938886236623,2
SAT-2751,1446.021502411307,7.134580990280041,81.05375272387441,114.67141839661971,0.8315399051639044,13.667840197123214,2
SAT-2752,741.8384647128158,7.47920217732351,57.93833715950171,99.43414274364675,5.7508988269046055,7.137756897067032,0
SAT-2753,886.8267544401579,7.398260038625359,13.917382714405374,102.63794449121443,0.4060452351325805,5.8078287145940894,2
SAT-2754,1859.7259333243833,6.983624881622869,82.0921914715138,123.91254309826576,1.0125075758878002,7.341388930203355,1
SAT-2755,793.8576596414147,7.467955289086894,147.30922014470127,100.59735358067702,24.313719269315268,10.479443721725833,0
SAT-2756,1098.9800558684922,7.309826625510191,3.0656629958406434,107.1141577986599,35.37470544717853,5.937830530900412,0
SAT-2757,1813.2399335732248,6.9949546765451265,104.77938297244002,122.74847146000475,7.168396929199026,12.422313790294268,1
SAT-2758,1503.1262954547967,7.1095948344061215,158.538979570804,115.81204654085218,0.6637823138477906,14.473485419591857,2
SAT-2759,405.7454844799947,7.65386136007216,39.158897402584444,92.6078471710835,14.425915177279931,4.588748114323751,0
SAT-2760,550.4151752742496,7.576718318106936,32.9860556440312,95.48831799462509,0.059782111401904404,15.443335342370409,2
SAT-2761,313.3307043122586,7.722215699195245,139.00979262634976,90.63756989390355,0.10167349110919194,10.001331422932438,2
SAT-2762,1372.5670433895777,7.153426706955344,45.91555760147279,113.052151858965,4.820490301890457,14.062883462393883,0
SAT-2763,1061.0448231977111,7.313428017069553,34.557168160916724,106.2993504325315,0.37386579224354033,1.7522713208264773,1
SAT-2764,528.2672465338684,7.5906193930436645,68.03806510246231,94.90970722541336,35.73786957427447,4.098836279194195,0
SAT-2765,1928.4880057965097,6.972650718744177,70.65036220863924,125.53992920221029,1.0166040618864243,5.204203362978216,0
SAT-2766,1200.4215307075538,7.200238006999787,157.33819134298187,109.2883900179235,0.970654037824376,4.9148722036747605,2
SAT-2767,711.2185999919116,7.4985313450428475,111.31982494806184,98.83816773221498,5.410140389583002,2.8325923899166567,0
SAT-2768,1151.026070963003,7.314012523963742,73.07306214112609,108.25173553003296,10.038658749951923,13.904395065644835,1
SAT-2769,1455.3545656496833,7.139000270926268,96.18983357143803,114.8651948553686,1.3355071537960221,6.755933046503846,1
SAT-2770,429.6066705550596,7.670947304776719,171.71374199854935,93.0977518422815,0.21926671465261166,15.413770378221932,2
SAT-2771,766.9964855814164,7.474751150754323,20.378641789781167,100.0824065017771,10.444699089189621,9.37721063196334,0
SAT-2772,1671.841334502789,7.026515176294065,37.388793910444456,119.71111756563471,0.45711326990956064,2.3004747067533233,1
SAT-2773,1081.430279684524,7.2685717613471335,173.25516718557995,106.84546642784946,0.16761092089968008,8.779884886359918,2
SAT-2774,1229.1811414549013,7.246082345708821,172.31847273489674,109.9878446132868,3.925460160937122,15.897367848815453,2
SAT-2775,1035.7872037560978,7.320397166853665,31.889775827659076,105.71548520598755,0.0933965868386844,9.086229824878469,2
SAT-2776,374.6299024931087,7.671006580958854,26.11958708255368,91.78305141063001,41.02305786294368,0.12972258756004543,0
SAT-2777,581.7746256942651,7.5616577098468225,75.79532418095157,96.32733430153502,3.946042855775137,14.935970467087664,2
SAT-2778,1057.4207858612144,7.3601166567062535,8.94929264783444,106.17132710047615,45.35827890182187,3.834821057438211,0
SAT-2779,655.6152911934773,7.5798450603660585,117.88263581132522,97.64918712007967,0.5195774268209312,11.04761194379641,2
SAT-2780,384.96434872145386,7.6854758723510885,13.949283899113594,91.93292808677498,40.98127707238189,8.289774463791538,0
SAT-2781,1734.2044288881004,7.003431136665683,10.44533287697053,121.06737475098707,0.136664824353078,5.274396733770089,0
SAT-2782,1968.027299578997,6.89016595334023,87.33364851759286,126.3234604556527,0.06622993386529957,4.5939684264545795,2
SAT-2783,1648.342885794457,7.0595392787810365,172.40159449981826,118.96388640549463,0.06279458371358229,14.867281813862965,2
SAT-2784,1751.4343668979338,7.040942674686916,76.82326849136872,121.46499712152371,1.2404552917534961,14.599621745125411,2
SAT-2785,711.3611215389772,7.49710144704093,64.1666085588992,98.81159800074268,0.08871204622674146,8.258843956855088,2
SAT-2786,1933.0658583724396,6.8806691861652824,179.63220879041145,125.78411182746689,1.719783020558977,4.210073609008713,1
SAT-2787,634.7736975708283,7.556344145366019,95.75441294025302,97.20521888532424,0.4802545795717251,1.7272383115347647,1
SAT-2788,1917.430677615115,6.954488698928685,67.54345324024473,125.11724174144757,0.507992127276238,2.589564487459461,1
SAT-2789,1991.1927997421167,6.872410518108143,69.45494640148833,126.74778012950358,4.034567575992066,8.403802439275612,1
SAT-2790,1509.9287697682828,7.115340343809739,35.092709286031884,116.17262775331388,0.15426379914781002,4.994496373206245,2
SAT-2791,1967.9443440460973,6.9227693906040635,92.200150340557,126.2694094692244,9.968506935397786,0.7688834619333115,1
SAT-2792,1268.217625264076,7.2219841069946495,78.99390507024104,110.67478502311621,2.786523844322535,7.3371614264464915,1
SAT-2793,741.2210313993536,7.470467993066771,48.74315334253441,99.557984965088,27.784583495187604,11.964409750182586,1
SAT-2794,1042.8930056315555,7.352711671226823,28.89721558831676,105.74568749497939,0.6215727486741139,14.277952343763802,2
SAT-2795,1309.0535901439362,7.1961490037849885,56.02299636015966,111.69898397943635,44.37261059647394,9.40601632636112,0
SAT-2796,424.2386554459255,7.629198581409535,91.56299898379127,93.08906893659154,2.6696414975556895,11.60034476909489,2
SAT-2797,1357.9835498493183,7.140386997114232,10.4999890112643,112.76169249255152,41.607907272564994,5.888720486752424,0
SAT-2798,1968.0023224959007,6.938937826097144,27.673925145112076,126.37179414750871,0.06027704680543869,7.990187049549338,2
SAT-2799,623.183004632337,7.561523890716732,170.57830805443717,97.10788802482655,7.636581157608548,11.701067018509464,0
SAT-2800,1647.4116976902517,7.052337307016596,97.71396318564102,119.26562218512967,14.087521024816356,11.669765815219481,0
SAT-2801,1843.4279494253528,6.957142449054678,11.420874658806817,123.60926270782613,0.07219213144247238,6.849967606655116,2
SAT-2802,1904.2927077943755,6.929703430401768,124.75579657852313,124.90725801129706,2.7282175378750058,8.74431073077733,1
SAT-2803,1932.2305274892603,6.907082866979189,11.124516614226252,125.58653103568791,12.729076164699181,14.789299898860413,0
SAT-2804,1186.4813858265024,7.25377387028468,132.99736086834713,108.8860257730796,2.4103836900477718,10.148761918597415,2
SAT-2805,1961.4234435855562,6.8740479228056435,134.99328990960484,126.23619113032466,0.07769816739319678,10.316936548416775,2
SAT-2806,1587.427352128546,7.06237752942406,117.19421563486549,117.66020862435545,6.0160540167597265,12.575462648927225,1
SAT-2807,574.8414416028352,7.569196681962256,131.79681803148296,95.98005371904716,0.07599075306243003,1.932044051423968,1
SAT-2808,1110.7301809955488,7.311273269499668,15.833840582350394,107.03204110265801,14.170223146622337,8.413860237214767,0
SAT-2809,1521.1629981324068,7.1059486167523405,130.82049942394818,116.33320356704934,0.06730890947368794,15.354964606708613,2
SAT-2810,720.4785368924418,7.51312252639596,24.60389755029893,98.98799398272664,0.12917014508084568,5.850400235599972,2
SAT-2811,1389.0458120331084,7.193971807653569,61.11106330893189,113.49625927135875,0.33442041070773704,4.789325728111247,2
SAT-2812,1433.2208143792527,7.167839713642837,169.69414563011392,114.39372862938734,3.9725043470226895,9.659206653115646,2
SAT-2813,576.5895644745619,7.583872522408686,90.51758597864522,96.16541594188982,42.46658159058003,3.6157988505883245,0
SAT-2814,1260.6450311696858,7.22726639495363,174.13675777494248,110.47428546722628,0.11283363052702247,8.939527988726018,1
SAT-2815,1611.765748663633,7.046686237611291,16.00604259961276,118.40521811457525,0.13399636340203014,2.5748669726364852,2
SAT-2816,1148.1226297111011,7.2957028497936225,85.96018792137241,108.35659111340804,0.6391182138703156,9.318716025096698,2
SAT-2817,320.5752985193826,7.751593667841045,11.232417649836716,90.86939883373522,16.129741882128922,9.677829019958322,0
SAT-2818,315.3653974347967,7.727847121519208,113.43784723187126,90.76600466634426,1.260848373654272,6.7525676162949795,0
SAT-2819,906.9498847490207,7.438901306130794,14.16726024633295,103.00180536846001,0.4611070954195479,6.185668164475147,2
SAT-2820,1874.5299163340294,6.922286390231343,31.566204457267915,124.13780809887565,2.4131343458953647,4.002786626567144,1
SAT-2821,688.750525326135,7.49096896535559,46.58945581247048,98.46448856030874,0.30237062434826123,5.3616646945541495,1
SAT-2822,1378.4182710818682,7.189005851180796,134.77389329960698,113.00169132471716,0.7988214647565438,8.023700878342678,2
SAT-2823,677.528980178645,7.525316997074677,29.513181387253457,98.1121030854866,0.4974912561430943,4.037776526362706,0
SAT-2824,846.8389824212327,7.457584166858618,152.3937695927522,101.53450114642952,12.923884603600541,12.547067967612614,0
SAT-2825,1741.6715523225228,7.009188953306965,23.742708989544155,121.13045809132882,29.630377437999012,11.37366033707977,0
SAT-2826,1539.0644518589097,7.08134135888266,6.34400083262814,116.75316321587927,9.499190140326407,4.3819632876213275,1
SAT-2827,462.17877143245806,7.633338437645802,71.10817541454021,93.74068315132058,1.0380558790554466,1.6492190933146131,1
SAT-2828,1028.7934356769372,7.3087214954215245,176.29949555483313,105.58690699557488,1.629202008530815,0.10286261984500843,2
SAT-2829,349.5885981969496,7.678749289548542,19.8616010019799,91.40115236399569,0.118629059179806,9.587829752865673,2
SAT-2830,1117.5132492251153,7.31521806141666,18.309319927133227,107.2977188426852,8.700899207218269,3.460683568613017,1
SAT-2831,1426.1378198918158,7.167377377723213,135.2099719432123,114.16180852420453,3.0789103427627498,0.3000612746144721,2
SAT-2832,501.45446011685766,7.62301486213921,56.18910491884176,94.4309354187503,25.485314230381665,5.80945580241316,0
SAT-2833,791.1043961455816,7.4257456872907595,129.11069110062905,100.46988560336831,0.19989569219655917,15.39577555084719,2
SAT-2834,976.3222633536668,7.358367688676058,36.0019060998054,104.52076197191217,9.509296088713544,11.070090641314096,1
SAT-2835,1863.2027419152846,6.933078404060218,82.81295895566933,123.84840532921369,5.66219718465865,13.738442876467083,2
SAT-2836,1988.5335262190388,6.928756153874713,47.752177994805216,126.71429187036497,0.3136942843752214,2.401351662345608,2
SAT-2837,376.34920829254696,7.674359412254818,81.27507867823564,91.72176985135033,5.02465124126964,1.2652816584490387,1
SAT-2838,1593.7134699421665,7.052590511243462,138.4374766653547,117.8709028779888,29.654468604486627,0.28332323980458707,0
SAT-2839,931.9309128839835,7.388483716965818,137.1617892859791,103.4067484530867,28.462822688901174,15.295030411309845,0
SAT-2840,967.178916590116,7.3573199592082625,92.83901178127026,104.2737913141312,7.208580088219923,4.87322349212142,1
SAT-2841,1582.2504546899386,7.109076604190386,167.10693186978918,117.55076836097199,0.06969302927144702,7.406128583219642,2
SAT-2842,1861.3249346471946,6.943675656349097,47.48113844068932,123.9025178847017,20.690120322626075,6.3729256152682145,0
SAT-2843,1916.5786106543324,6.90715262154251,43.25604320146196,125.12699283634804,4.702251193498725,11.714265272746463,1
SAT-2844,1281.1083962651453,7.174301095581315,110.48515221157807,111.19491899394701,0.42684752136255455,5.028441623048614,2
SAT-2845,907.1059708108547,7.399861036626303,111.83346615902202,103.03788040295723,0.18227247446968994,8.613700833563419,2
SAT-2846,1638.8334459599248,7.043113684736881,8.377207121695317,118.71962408065633,0.11157877609334664,15.929758012791934,2
SAT-2847,726.7023515459105,7.46535817797875,109.39998822964156,99.05632043981578,0.07074254864528864,7.160610466373356,2
SAT-2848,1258.9258490169802,7.2516278252777635,67.39850832282258,110.5508015662669,9.147022517208544,8.865217497126114,0
SAT-2849,909.5833845922843,7.412562457133563,134.53965455770063,102.94776290307703,0.25497582236019783,8.090196190742322,2
SAT-2850,1416.2728253033895,7.153884634362364,145.4590196181491,113.68556826383005,0.05911923592456703,12.870659914362912,2
SAT-2851,708.6781519189617,7.5307561621444785,99.38768751846658,98.94020050235629,0.7776460311829532,4.342750499133842,2
SAT-2852,625.7080077492038,7.561079016186054,0.30690567040771555,97.14544809823617,1.4021395710970253,2.809964456670472,1
SAT-2853,1861.006447348243,6.942049360854746,114.54584582999557,123.93697182314014,0.16093877711394577,12.090081216411306,2
SAT-2854,473.0662610142127,7.610748554536143,134.79863033986817,93.85341926078222,0.06778209890163782,6.708329163261602,2
SAT-2855,1160.1284431493837,7.291457826935657,44.81698792167256,108.44789226633047,0.18464878470976928,14.628243542729326,2
SAT-2856,675.4497310371152,7.529067946366312,83.63628020534199,98.04001407499611,5.4485167435885105,10.342132644115022,1
SAT-2857,366.18093765363466,7.695226799567035,173.83079221412189,91.74323166072246,0.08824722063734568,9.073055476216707,1
SAT-2858,361.23199109542486,7.67772854887514,53.66079961093862,91.52964068645315,2.312496563401414,1.220267171731447,1
SAT-2859,597.8770125799065,7.575043780505064,40.16758518751334,96.64643349977253,0.13746937813162902,11.713549291690988,2
SAT-2860,1773.5096026602005,6.980674428100991,37.953862286041826,121.75797566727793,0.19321352553400098,11.008041811656035,2
SAT-2861,780.2138647609454,7.463805860669143,100.58415018371933,100.42979852577497,0.7554463968361493,10.277143599345761,2
SAT-2862,1915.7805899780028,6.9644099900218635,170.96167823544116,125.12727840294224,0.10033351159850334,4.359761424773979,2
SAT-2863,1288.757898081629,7.200537933156786,109.56422325606384,111.14529455946489,0.16541714187252546,15.153155214623668,1
SAT-2864,1042.2441226069022,7.3012540376423285,54.59816164277879,105.886522560364,0.5569641458483652,5.214316519821839,2
SAT-2865,1286.1510189380729,7.193931531897554,114.94256005214173,111.21081605090855,0.4875026949261587,2.520472212387555,2
SAT-2866,1178.3872548846552,7.286181136057295,112.47161356760174,108.93627161804132,8.846764394363701,15.79649836346672,0
SAT-2867,1589.9196313874527,7.081085545243705,107.44652443133776,117.84740019860578,0.0838140679284406,11.965315838067912,1
SAT-2868,780.2433121538488,7.463252674740257,28.69671723989436,100.21812010114569,19.06874940060081,6.695111428986283,0
SAT-2869,900.1856657205141,7.393815731573068,114.22202388209895,102.84686884344323,14.049682711965827,14.981071251130437,1
SAT-2870,1819.9603143065262,6.985626949997684,77.42960145260993,123.14114399955665,9.929901108884506,1.5487662524225367,0
SAT-2871,1908.9760723556892,6.921338223839136,3.3465705521460065,125.10407256765887,0.4237279302803302,1.4938133411822687,2
SAT-2872,1817.3489867270066,6.983145311828018,97.15760768654913,122.99154538135365,14.710091053420786,10.950971196194509,0
SAT-2873,1013.0615897274331,7.332564244094159,178.06801413931518,105.32486539412929,0.17675684668148306,2.929755569223612,1
SAT-2874,1626.621355111699,7.041782920688829,62.953126351917035,118.70170928297232,0.11808578524401687,14.682518291573219,1
SAT-2875,1109.770746611868,7.2867939705374205,173.80065929735846,107.43552597438942,0.06820857945608927,13.461710871352047,2
SAT-2876,1145.8177486483737,7.274512005701109,17.31703349926702,108.05062046074255,32.87767464135207,4.971238863208864,0
SAT-2877,647.9561853973828,7.534879925425439,131.84102085611514,97.40129703330817,0.41976159116933287,14.232549358082986,2
SAT-2878,1304.921515539478,7.210864527768684,20.57939903931036,111.55329027407684,28.302424782334686,0.7819142234165211,0
SAT-2879,616.4310261806916,7.479069828987466,49.24288323994935,96.79866609993131,0.328708314067171,8.823341858526152,2
SAT-2880,863.6599884142294,7.406511372068821,102.75135035798239,101.9618666274102,26.40388802746493,14.975448101970448,0
SAT-2881,1753.5513427538897,6.996540436771804,106.7003449158148,121.39511394351379,25.748810015945384,13.700589365077601,0
SAT-2882,652.0288756584539,7.563772405231023,139.53803710215084,97.87024171169851,29.511965829365487,5.76156584843582,1
SAT-2883,420.9690847948358,7.639145481533087,110.75605330093907,92.85749250238139,1.539679481467562,3.0076399202306945,1
SAT-2884,417.31290744178773,7.666064222620605,106.85064678850094,92.80511288320476,19.80655137298347,3.447595355619539,2
SAT-2885,1899.3336848552835,6.972264444932137,164.2235556580449,124.62883386681676,35.58505921422813,8.280675261446643,0
SAT-2886,1161.764744535119,7.248048617588533,81.3889353976483,108.25608126750508,0.4707830628412029,9.588689806999938,2
SAT-2887,996.0005220889311,7.363571513730516,40.54784016510991,104.79884418431489,0.9028034735919219,0.6217476343158193,2
SAT-2888,1678.4935877134612,7.02090686873662,29.121945304253444,119.93161415447645,7.189365551028321,6.67546979183472,0
SAT-2889,1720.9040774478772,7.008394714394643,71.99902742570995,120.76915968472946,0.3981525206271302,13.303155138738083,2
SAT-2890,864.7247562965279,7.406056008027109,128.29549593486524,102.14976183249752,9.12846870629479,7.164830308749174,0
SAT-2891,1479.1506977054519,7.111101507245197,7.657827287382162,115.43956094705365,0.08330027592583042,2.7898887160956267,2
SAT-2892,1610.908786948207,7.121119560266177,23.229609571693103,118.22319534192692,1.859795348630852,15.282278659003639,1
SAT-2893,1412.9061676721226,7.172885146043028,19.100422818655098,114.04729294311714,0.1163886033102758,4.33378108483082,2
SAT-2894,557.711627160169,7.606808737120026,105.34502754926258,95.59849990951577,0.3792629629881855,12.795009423581563,2
SAT-2895,1789.0012419789969,6.998980425085052,43.715637095627926,122.40362897591785,0.29843254448059175,3.1813272447890646,1
SAT-2896,1216.4607396512147,7.215916149442524,29.92669709425137,109.66792017135103,16.434868178512424,6.8284463946232785,0
SAT-2897,780.2031248290064,7.473750359401988,106.69872955374402,100.12743966184593,0.19033636480533273,7.897718382419509,2
SAT-2898,1022.8879152440796,7.363764172587908,137.03578478142828,105.38064807872449,13.31415978931303,8.060101205577087,0
SAT-2899,363.87085367814257,7.67608290407795,59.787884961479584,91.49708047480974,12.046226979765699,8.311934502801206,0
SAT-2900,517.3735620781099,7.626256175950643,104.0768290217873,94.94393014102172,1.5689863706509137,3.6766658969672066,1
SAT-2901,1601.4294758769634,7.08496797643836,17.662394375902835,118.06921125081051,0.25147786876929923,8.30305679917728,2
SAT-2902,300.01977908412243,7.766921171509272,168.3343854823626,90.15211648874144,0.23969502725986283,7.759232786656292,2
SAT-2903,1008.1619084198967,7.34127249638743,60.64131335665911,105.17813575725968,1.2409204614816884,3.4186400043075857,1
SAT-2904,1188.2673078455005,7.23959281982856,179.55102477123023,108.95953310377627,0.05313699939760479,15.812245796109002,2
SAT-2905,392.8785140016529,7.669404131420755,176.14579605296078,92.12011275548578,1.9634609494518775,13.862457945306147,1
SAT-2906,1954.232877052966,6.948147337214208,140.18822088044607,126.16308848501947,36.083493798257805,14.21246398125748,0
SAT-2907,684.4130631244423,7.479793470652093,3.612077173254009,98.30843813155457,0.14557629090458166,11.000579701088029,1
SAT-2908,817.1378233816774,7.405278148561905,97.8254856691854,101.05510034069133,2.624260048119316,2.642362787998929,0
SAT-2909,816.7022708335464,7.44865918689005,15.63055567920207,101.03531359134153,38.39777595747418,9.132663816006007,0
SAT-2910,691.7083255994949,7.503626872857976,161.12484467307291,98.29888002545825,19.07815719339164,13.160890142875438,1
SAT-2911,302.50549754672943,7.728595198194821,142.13452547653253,90.29501306871612,17.787313251879926,0.7159101701497342,0
SAT-2912,1539.8861499495938,7.117238424691201,175.02126778722294,116.83563334408998,14.605613215944807,7.983905342273153,0
SAT-2913,1943.637349658785,6.9127919223474965,109.50893156696317,125.70744876996547,0.42270834583742184,6.398353791919198,2
SAT-2914,681.2989215845766,7.480560819238564,93.99110480718085,98.2348430449719,23.486618752381688,3.472783201582928,0
SAT-2915,1427.180226065818,7.190333368856864,93.41529406998977,114.01753352929661,33.34195477060763,6.114175059868551,0
SAT-2916,1561.2237558298157,7.068833971604078,69.56070740178208,117.04783252000544,1.5358445969851886,15.7376104228243,1
SAT-2917,1742.3231444538922,6.9880361668056405,84.36421210124537,121.27640715400742,0.5790061092557176,11.599568889152263,2
SAT-2918,1018.4696349231355,7.366574692652795,114.37426496436305,105.39871063112139,0.8742931004889726,4.862639572237568,1
SAT-2919,814.9825395887297,7.440072528824761,167.93056936012988,101.21432082679662,0.5030247221310773,9.72514531854519,2
SAT-2920,853.0017278391529,7.426870251266082,107.25918088608559,101.97619558220299,0.2168829093532187,4.021834220542308,0
SAT-2921,1511.4562662674718,7.1207773505025695,154.2808696171261,116.05550868383186,3.5835660630119537,9.812418153485954,2
SAT-2922,1688.5250930595812,7.054243237635757,155.3003840344501,120.05908408215078,2.4364677264434818,14.349050362810415,2
SAT-2923,608.7437451862245,7.550326010824707,93.38988165268665,96.68893217454672,1.2210268595693272,8.954341119086582,1
SAT-2924,930.5997138682009,7.418960268448575,62.54453546957189,103.6927108211772,0.09694070289986463,11.760105609697655,2
SAT-2925,1833.298334473555,6.927530947647211,115.12329719977458,123.37482602329793,12.292745727977838,7.308090079589118,0
SAT-2926,1671.3789834810566,7.055259944238069,80.25792154467169,119.64598521458227,0.16740587399088963,8.433570290857546,2
SAT-2927,1974.2592846962089,6.894337974341845,14.659356117947922,126.4702285436593,0.11032047790541426,11.15169375220257,2
SAT-2928,1582.2220414595372,7.1068597980419055,68.00563807783806,117.78973375468522,3.699850627081184,13.017239580317217,1
SAT-2929,968.4318417474678,7.372334828822299,178.93298484887848,104.35053357369391,0.7850604303872224,10.58527704575465,2
SAT-2930,1304.0843177908841,7.19309031801459,8.732136604731696,111.68400400340916,0.07557800613896289,15.642122702852479,2
SAT-2931,1423.7242322204445,7.164285329902854,125.4000441421668,113.92667894155758,0.5830087451232461,13.135179145992696,1
SAT-2932,433.3748877391107,7.671622541462988,151.4139669128245,93.14449357160063,10.33501380781129,12.456847253265215,1
SAT-2933,1225.6448304765706,7.256496522279655,116.77066262556818,109.77124440763826,3.5052388780517463,13.537115105798305,1
SAT-2934,1505.8454084034363,7.093059879950133,102.55468160939219,116.13029976635464,0.6128131461908027,4.57125387324715,2
SAT-2935,584.4462168018026,7.560502837565787,127.35979505617635,96.37062398018544,0.18809808723381488,6.9695497477792525,2
SAT-2936,1627.0739196234472,7.059454914111665,77.28169271393801,118.64511758998593,3.9296771064534424,9.074960402473993,2
SAT-2937,1292.4137268739896,7.211208560023838,16.445112715597816,111.42741959037347,22.99513201363657,7.4519424632387015,0
SAT-2938,1918.777035685911,6.949212446040045,173.2269157746087,125.36957010522303,4.342983290035143,13.574579309762868,1
SAT-2939,372.1179069517159,7.648146942281835,77.81413859715529,91.85145580888606,13.730348745483633,0.5303894310997891,0
SAT-2940,751.0544338442938,7.487800021161343,119.77006269024317,99.94088178979429,1.8346512452448271,3.4258891340018516,1
SAT-2941,1322.641594809701,7.192052352995656,95.63587864007314,111.92974058347818,7.126615442253691,14.119134001929492,0
SAT-2942,804.1518507500822,7.436611272607314,9.84115295595982,100.78918887883356,24.4146400441277,1.0396921890637785,0
SAT-2943,1514.5210789211117,7.094889762177079,171.49438817865692,116.23287315848938,10.435348060858296,3.7091140273798895,0
SAT-2944,1590.3089802872828,7.071527140940396,142.6567007005782,117.7893500691369,26.824514139754374,5.68488025298613,0
SAT-2945,474.2771389130066,7.558836245562788,26.837621004491087,93.94761011170492,0.9826272657488646,12.036774916905886,2
SAT-2946,1173.5525891515051,7.254597172283194,176.696797731888,108.83604340412806,25.800657269433405,9.00687306905289,0
SAT-2947,1165.113944504795,7.255175087982197,132.64224699090744,108.5147082942591,3.661606815423187,15.278214774207264,1
SAT-2948,927.7773093664198,7.400645316209424,85.0178970770956,103.25772998963335,20.375876636766023,3.7232127396602785,0
SAT-2949,1885.9722663684427,6.9318680952262826,110.04661018072318,124.48560548169978,0.06562957556838692,13.966714439320798,2
SAT-2950,1706.760743784476,7.020326753195692,19.212602762627554,120.34970146912845,4.704648160848187,4.5983244870130555,0
SAT-2951,1485.2559492463824,7.153814871773184,100.87407180280998,115.58684165906658,17.494246474919997,4.003422320112307,0
SAT-2952,1514.355280749496,7.1297012727389575,13.258992963070693,116.21224181449979,0.16656206836653584,8.024165649779677,2
SAT-2953,1084.9174444823025,7.329745051271884,98.07394628147435,106.93241421284374,4.834268910178356,1.2321516335782499,0
SAT-2954,1865.690685864179,6.946530083822985,99.48522397730137,124.08138326768271,14.922244341510877,6.210481506593203,0
SAT-2955,1480.8122263305852,7.135845317318341,157.3989813289339,115.51135741148354,0.36544170900607625,5.755247892944924,2
SAT-2956,1539.267804814888,7.093931665925253,130.5103500490129,116.6265488417714,0.8216918663396908,2.6456147356581994,2
SAT-2957,1764.874536438487,6.995574068869887,44.91943059872161,121.80156218554606,2.555778190660348,13.786638039871079,2
SAT-2958,765.9217018817246,7.481510989349946,159.91670559381424,100.20286182540944,1.804982813287794,6.235645334979194,1
SAT-2959,1672.020536573395,7.027843546088488,103.18367967264105,119.57446648946292,0.06554479106979583,15.712530854267552,1
SAT-2960,631.9090250260365,7.574345848139061,109.14830614332607,97.38247894647807,0.09885219076261717,14.40535638970061,2
SAT-2961,887.0813188163094,7.407475888877125,30.416646459992098,102.50848063486828,0.10008517255033747,3.197490123161815,2
SAT-2962,870.5377722587326,7.4315058511008765,154.3992472744405,102.12775494719655,0.30603684835020645,8.131442540173222,2
SAT-2963,1963.493296261539,6.9447027809996085,167.5737207029779,126.23519320210653,0.2732513666618927,9.668685800028191,2
SAT-2964,1756.1132803714756,7.023900818788952,139.49831690908346,121.59619123482422,8.426304627913677,13.121471996803576,0
SAT-2965,1491.9887647034416,7.09174072334079,169.33544147610112,115.73999710708947,2.6133836058887745,14.181719719457178,1
SAT-2966,1535.9964947461633,7.108975818706041,54.413982742022256,116.5249014742458,9.79260548158281,10.021886536372289,0
SAT-2967,1255.5237504843708,7.246469630234923,155.00145030529882,110.51480666255114,0.08103230197470775,0.6586338299612245,2
SAT-2968,1910.0541340844825,6.955705937046663,88.00076571547365,124.92515680183328,1.4276203065322277,7.752295547338256,1
SAT-2969,1143.6398799000146,7.260809407328102,29.505096529845286,107.90041595636913,0.4680548417615077,14.168376225362683,2
SAT-2970,946.8801067788207,7.367197127236105,120.38410782601221,103.74066762677228,17.7332336625971,11.454024680453733,0
SAT-2971,577.1600727837047,7.594042517029322,123.1416487270582,95.98974779263078,6.642590423937564,13.935256868410379,1
SAT-2972,1636.5496088437985,7.040122995503385,51.646412476204226,118.90489668818225,20.26494441357599,10.817868656591047,1
SAT-2973,1548.5546845285055,7.08845238139018,4.948799692962611,117.01424235482133,0.06890510066955154,0.8001566560580653,2
SAT-2974,953.4035654910293,7.408567977829825,35.9725066354014,103.82509375442599,7.2684276702791095,15.491305833685109,0
SAT-2975,342.8288037306899,7.704241166376023,71.95995858129962,91.28146721882734,2.0844671765375673,14.696494795057891,2
SAT-2976,1726.2954571206183,7.001614976138767,30.161323990776335,120.7387460135739,14.926916086427525,2.11261468461071,0
SAT-2977,319.4105718719252,7.701118153025243,34.925390683128754,90.83218761838772,1.6613141996822882,1.8917895528156061,1
SAT-2978,1496.2896253693866,7.124627080472425,70.45031958880853,115.68144758477175,2.0873594290056707,8.67134815758462,2
SAT-2979,1949.437086534297,6.894766805850059,173.12159057554086,125.78130438722113,0.07149441997950168,12.137108269454444,2
SAT-2980,1044.024257851946,7.3268868632406745,137.5638327733767,105.9879246381488,5.064523602517886,6.176554069818234,1
SAT-2981,699.4547884931196,7.515026767190586,57.55471222078154,98.55353216386668,0.32990555714794717,2.268476400337549,1
SAT-2982,1498.280717073749,7.143055135749761,171.28873240533866,115.75606649855314,0.057286431626015835,8.217841970623537,2
SAT-2983,1689.1178414264948,7.045663941584645,116.21642260657188,119.80302969748173,0.07911912795487175,5.467301565881662,2
SAT-2984,1228.9315373323404,7.227810852491085,81.98093603522523,109.98872338305854,37.22432499419988,5.693174093266062,0
SAT-2985,1943.9599679354485,6.947277372661526,84.29403581192648,125.84424714632662,0.5460116046513057,10.355270035762077,2
SAT-2986,387.8368268185339,7.673509014558502,73.93400421037053,92.16589515651208,20.100038542681943,14.181168777749113,0
SAT-2987,1158.1525171176977,7.251338699407034,41.93856945826914,108.20970626320148,37.844407179587776,8.981608520604745,0
SAT-2988,1521.371710448335,7.103212349903722,69.59379459846703,116.4186106942846,33.788706844325965,11.032879922191206,0
SAT-2989,1766.4888009536041,7.027565024395241,95.02134912781067,121.69076561389565,22.087457478365614,10.593157165187739,0
SAT-2990,604.7345402432431,7.562471351907221,95.04492313143977,96.59193384526581,24.182530362139893,8.863224461655186,0
SAT-2991,1660.0059189982585,7.045297747140558,137.11264239825323,119.60655225116648,0.3681240042183649,5.041054514771768,1
SAT-2992,1239.602028721527,7.269757697041132,64.58361428832346,110.05522679551693,0.14235727793754308,6.106927540072796,2
SAT-2993,974.1412593829375,7.338002111951847,129.02364527471144,104.48851581012319,4.13768753089851,5.119690395997617,0
SAT-2994,523.9155485844591,7.577628016996677,104.05653097836324,95.01893190954054,1.456420488865882,14.688219734064672,2
SAT-2995,1771.002790145151,6.964544347152424,173.1321728148302,121.89773424466654,0.09890315833768726,13.243236861116046,2
SAT-2996,567.364453905516,7.586949043338453,69.35128668611688,95.88995905676602,5.390064378584443,9.31162322833441,0
SAT-2997,826.6393606554687,7.445058778141496,162.21896356694225,101.3225740958349,2.4409002214435733,14.60467118848979,2
SAT-2998,793.0774043361428,7.489994618212153,147.7156585136921,100.604531716883,19.416556316898955,14.19389822105285,0
SAT-2999,1781.4038581244522,6.997265956577613,114.77957122610223,122.0871038669272,3.361409254359019,14.850340956054177,2
SAT-3000,1443.5950901551266,7.1338478034541,117.8126040135811,114.73393376293369,2.6351694287724197,3.6262043367229735,1
SAT-3001,1654.358375225333,7.0475616147531825,15.236988229153923,119.11818368180668,1.0500867397229672,11.508298300445926,2
SAT-3002,725.7954279472483,7.496769240969176,171.04042900681782,99.26594580898626,1.2227318191610324,9.786669548783678,2
SAT-3003,1362.285969331898,7.145943301317926,19.248491429233905,112.88138668540087,36.4849441070245,11.767907141570253,0
SAT-3004,1271.9681713443729,7.275880328986887,101.38199557383128,110.8986849931213,0.13010920778880972,4.287731886300766,1
SAT-3005,1715.8116405400608,7.031094307042786,59.41274408084781,120.73347500634313,1.090501984088844,11.147464235868934,2
SAT-3006,1840.348002818143,6.971454393854603,77.37335609217332,123.40956818927081,4.639291978267713,6.616273392544754,0
SAT-3007,320.6665115115576,7.730249398325113,109.83294195062706,90.60794200384362,0.9954098663902292,13.362059561270174,2
SAT-3008,1445.8338623999475,7.155096354330365,163.5932480188179,114.62481926882467,0.35368519867130643,12.746315030072191,2
SAT-3009,388.12085850353935,7.67652688999625,82.36208224301426,92.07203971208376,0.36395032926768545,3.4605860126567825,1
SAT-3010,1233.059730631505,7.227501223484346,177.7913199551594,109.91043422937435,0.2511528687106844,3.023298894812518,2
SAT-3011,788.975639374253,7.473265172897733,106.70617176326996,100.36673030367638,0.5378728289021044,11.51193436842937,2
SAT-3012,821.52021918764,7.452090916909357,28.899709675591406,101.12916539303227,20.606030157234567,8.852550826177751,0
SAT-3013,900.0294558690061,7.3878793385313415,34.201673069625414,102.77832940680106,1.6392441984577497,8.959573979844578,1
SAT-3014,1356.1971633843373,7.2105872524449355,128.89998640606518,112.4282030085202,0.2628368105857896,12.064993643003737,2
SAT-3015,867.8849416369077,7.426365000029444,9.071602963808715,102.22681309452666,0.7121150353596299,13.69403560904646,2
SAT-3016,1545.5883860034767,7.110371688679582,86.46148372000083,117.0553818830296,0.1038630903716688,3.8995260196785964,2
SAT-3017,987.6965554755785,7.3876795448297115,26.67943976463299,104.76409326223467,25.767793031891845,8.933078793969747,0
SAT-3018,416.20044052692964,7.663874033359088,77.9793543320121,92.72582621879441,0.8386166884655004,13.280379880924027,2
SAT-3019,1632.3917322229822,7.063529684905492,134.98513597290952,118.75470409341214,43.66602088111061,13.97742732200054,0
SAT-3020,785.7891518076002,7.47913754774817,82.58632708345814,100.38179714235496,0.5515518226925912,4.669809274582414,2
SAT-3021,1035.7036953187464,7.321453432278672,29.421199616566852,105.73874987301083,16.145003593514936,1.7560463199004492,0
SAT-3022,1465.2546014772327,7.133134954340408,45.346566664195635,115.05581388328827,0.2938501685853229,3.8018897366567006,2
SAT-3023,865.1754671528105,7.424398046616523,66.15712595739284,102.01533634726239,0.08461136170150621,15.133442272830983,2
SAT-3024,396.19561544941655,7.655633849177548,12.521013027554648,92.50466515715742,0.062254405383285014,7.453427427719906,2
SAT-3025,935.6657799217832,7.43235209588827,105.18077449460193,103.44623685147431,3.2921171733819885,6.755323269840795,1
SAT-3026,1905.5625905803158,6.911605081447016,109.35608243004903,124.9638665894002,0.4302204194498956,0.3080411448739416,1
SAT-3027,1390.9484754075488,7.1401485622647085,11.18734688386214,113.41672841075744,1.070359445179713,0.9111334584494831,0
SAT-3028,1441.5145527342518,7.169166392575314,72.41603781134916,114.72713233683972,14.286015307567196,10.732265278648105,0
SAT-3029,1374.8796611839878,7.187805156575828,74.52012291925048,113.10889197461803,0.2775199837603831,9.478250392727444,2
SAT-3030,638.2866362310426,7.520533419441951,60.087522339468215,97.29932956313239,0.42162604882841936,9.25089994607692,2
SAT-3031,1011.1675689738762,7.360277578571275,100.39315325960013,105.18003524965788,17.178235786083587,1.8541337287890978,0
SAT-3032,1576.597657217641,7.111275930180659,62.27234821082012,117.52446636319279,1.5040311269409448,5.69777259608912,1
SAT-3033,472.3339258403705,7.631336027644382,74.95367030600508,93.78479926435476,15.204267627047429,13.016494404378353,1
SAT-3034,772.3497193525109,7.521930512591768,143.554238539489,100.06446892046304,0.6643516450571421,2.881088460274533,0
SAT-3035,769.7424843919512,7.436836412422461,29.17968397743626,99.9078410400718,0.7835738731775267,14.134727290620738,1
SAT-3036,1034.4321769106602,7.35045689018868,111.44064515461577,105.61022304990597,0.15862991432427076,2.0315049755475605,2
SAT-3037,1966.6268596017146,6.93762165907033,91.00699230435221,126.28614575659981,28.054825071647315,2.7894743489714116,0
SAT-3038,414.7543293624973,7.682079668386556,54.91289474628283,92.74649634645534,24.508745740850664,7.696224382344282,0
SAT-3039,1181.7916904470117,7.260570212059163,130.95623816827393,108.6752678899886,44.83539993293614,15.130268480731745,0
SAT-3040,604.9199594207578,7.553257259694571,99.21390471740663,96.62740105980625,0.8059560984879318,5.339808082512236,2
SAT-3041,1950.150127196565,6.93001611388598,85.92507485292516,125.9589608603487,14.282848500343075,10.565666097572977,0
SAT-3042,492.6159580366891,7.636971816464845,120.180476658816,94.30053843652816,0.8786809266331977,9.459872970226312,2
SAT-3043,986.1217040147051,7.372678270439681,144.41225543664495,104.60648073363294,1.1530984041742591,2.4789999203588646,1
SAT-3044,1554.4044742188305,7.112628749846966,175.0803822060437,116.98735021683704,15.4514124380332,4.045853732167196,0
SAT-3045,1497.742527646657,7.096938125177429,113.28306630774722,115.7217084782128,0.1702434128663722,14.88942908503677,2
SAT-3046,1018.6386827196849,7.33986086471745,157.39919737206893,105.30088190966245,0.22903550288588065,3.0387910160842826,2
SAT-3047,889.091085519621,7.390852375582459,0.1964773841322498,102.62340074453307,0.43969823824889137,11.1506572471063,2
SAT-3048,975.94104353988,7.358004594516215,95.44242469066042,104.68344302886511,11.574629594456072,15.43864227334484,0
SAT-3049,749.2696473696867,7.502355457451076,38.63655877863566,99.58184591897886,0.6560314388004391,2.0001452760162217,2
SAT-3050,649.0659958015597,7.537420500849556,16.95464227496469,97.52812550888184,0.5935736715093153,6.4469936439783,2
SAT-3051,1121.1674858501128,7.3461269251503065,95.75478307159058,107.55982168501843,49.59284692536984,3.6605210966395223,0
SAT-3052,756.5073853149324,7.48211931966053,134.42877110683693,99.73946955114887,0.7085792553994866,3.622828126732232,1
SAT-3053,788.6848303253253,7.46262152472319,74.20905404538836,100.59467361256539,0.27687364188687275,1.9918749195949252,2
SAT-3054,1416.485307906747,7.15647504460373,120.61934088199828,113.7499817669408,3.703488828413702,10.427863825464307,2
SAT-3055,1946.5134638898166,6.909889933499191,88.14946569137099,125.76698652094379,12.72359568587957,11.966861807580317,0
SAT-3056,1326.1832409509377,7.195039110977731,78.67545587269667,112.09200475744403,0.0808711288867722,10.861023169366593,2
SAT-3057,430.8650940104427,7.677726470158145,52.24619527845491,93.01745706255032,3.5945679502509034,14.80203767614453,2
SAT-3058,428.49214355191384,7.658785793044761,68.86683261018082,92.91609528676734,0.06399946919080478,2.4162930586170615,2
SAT-3059,1917.419475437462,6.918916196436933,62.96321354299702,125.20458300980836,1.8965620550206226,5.185541436821598,1
SAT-3060,805.3943435224671,7.434234339992518,116.31369312267867,100.92746190316421,0.29508334345649884,5.57870767426905,1
SAT-3061,456.51387634020824,7.631774130072197,20.883332030245118,93.59472390932888,0.4158101605556543,3.790105451165784,2
SAT-3062,1318.3757981556487,7.201325530162931,16.67454636380508,111.7596725489349,1.2596732191388202,2.361058612095769,1
SAT-3063,1360.2029230934525,7.204217375442896,118.80233895752286,112.799200304848,30.21985572252357,7.838585267227593,0
SAT-3064,1402.4581942017699,7.133993675414927,98.33365257819854,113.63902735354274,6.775977014347296,13.367590085954111,1
SAT-3065,754.5834473578202,7.472864178497514,77.43601741367837,99.84231435914718,32.32263761737171,15.277181637092758,0
SAT-3066,325.68816316460754,7.7179380447002535,27.43971919342264,91.0453877243546,4.774006632258902,2.1565160522741134,0
SAT-3067,1940.5261280726022,6.888464960477565,73.98488013647608,125.42370241968125,0.052516194195290265,13.188199926356502,2
SAT-3068,726.5181776748742,7.477361534091349,142.15171739760208,99.1900556468907,0.31313066216123164,13.21083985514787,2
SAT-3069,1449.2446896893307,7.125752927957026,160.13182244206627,114.5335118071022,26.078808032826146,6.2847521326858145,0
SAT-3070,1501.2707787938064,7.099800993167604,126.46378259355963,116.09784114074685,4.258989479036313,1.849471023912721,0
SAT-3071,1337.0126090351257,7.194976711621295,10.784191658558548,112.19982911149978,44.04653140083494,15.841127307434679,0
SAT-3072,831.9425701632019,7.435777710287832,120.67375978820134,101.4715330551622,0.14684598001717913,10.523929185408218,2
SAT-3073,760.8636313989118,7.464861209073152,43.37740611833302,99.89618963537295,0.3883412316338776,15.716911551161129,2
SAT-3074,1316.0360805945952,7.209503146288492,56.74522374475291,111.7084442155468,0.61104470191721,7.790122699386069,2
SAT-3075,1772.3625771398756,7.030738575017576,35.257177432797214,121.79704023209217,0.4771373990657624,6.383568698993987,2
SAT-3076,1909.4473391697725,6.97090800735386,139.63604231163683,125.13854204132834,0.2850654571419262,4.030249067930216,2
SAT-3077,480.03986748638795,7.589192502114503,116.74838207471022,94.15331947867146,1.0699590380154531,15.738794828175111,2
SAT-3078,563.2086414161238,7.593308456280258,110.13030982785256,95.97000406899235,4.225366399529298,4.126790584450151,0
SAT-3079,1906.0516399312355,6.935985463997487,120.2350697404697,124.90864844930023,0.42928011630962953,0.4778278238670006,0
SAT-3080,1552.1098881691473,7.095957545094056,42.619007052702614,117.00653829826527,0.08671011740954675,8.248247776056797,2
SAT-3081,1801.0895022106142,6.97600376822729,80.0359945785651,122.50806857409236,6.676787972207387,6.095102839509555,0
SAT-3082,644.4754780300834,7.54007750935935,113.98566987881806,97.43555351640116,1.191295967409969,4.255981804525305,1
SAT-3083,1298.8959808859831,7.212013612154028,114.58692497129408,111.31088252539624,2.335699257103879,10.190269052050658,2
SAT-3084,1491.9373105097052,7.108363366191822,142.5333352959235,115.65608793338309,1.1619086257630136,5.891870976875373,2
SAT-3085,1456.1902052598534,7.1182550667610895,51.6787140038599,114.78100934875222,23.44458311823178,6.495789124238278,0
SAT-3086,993.8578744733868,7.34778800825116,138.66050190542805,104.87918776899348,2.372493306534467,0.4664251019153045,2
SAT-3087,326.1713158752244,7.719458731848794,79.23320651104842,90.92390009810147,29.430695399340888,9.466227763993615,0
SAT-3088,1290.9742965672472,7.224691098812617,120.63108457060827,111.27127507013304,1.7009675520060241,2.04092937456798,1
SAT-3089,730.2726166053349,7.509119171687011,82.02948841175161,99.42516768956773,0.3773414300940163,3.4994972564372064,1
SAT-3090,1065.4322184429136,7.311388754518353,170.7498305623698,106.36316851919267,0.5825024627742745,11.502173347740946,2
SAT-3091,1927.8877256424894,6.936087119203988,32.274407653496,125.4733709348734,1.8422895348375716,5.080559346324185,2
SAT-3092,978.360039992139,7.383764610370895,121.50091594482427,104.70941630665244,1.945083804421453,2.695042139270257,1
SAT-3093,1727.6627313295255,7.038870073429424,103.7763001382686,121.01768976694424,5.76744031647955,9.281043938293445,0
SAT-3094,620.519029773727,7.549452049214143,31.09158737059403,97.08077364788032,0.235751584803158,3.5169814695132557,1
SAT-3095,1443.182846642549,7.1377006988212575,11.881140446100227,114.54306986453386,4.7369489484939,4.408553601943409,0
SAT-3096,1960.911822546204,6.92048450081837,143.84599001489946,126.16990681907238,10.832632989885091,9.979295028648194,0
SAT-3097,473.21827148399257,7.608454059500987,28.34124005632773,93.78545278081225,5.354833512981606,11.863802323686247,1
SAT-3098,314.1439017862264,7.717838161308534,33.571202901439676,90.71201167827607,1.3946150056917892,11.860588994609676,1
SAT-3099,1037.0907474754445,7.350155577262711,176.1181603180271,105.78689311039615,47.207603903310414,7.767670248746203,0
SAT-3100,457.46332118732425,7.653085896566292,129.10695326579355,93.59551830705826,0.8192368550962486,7.323320885050024,1
SAT-3101,1572.2533944495933,7.078449898665841,45.08763148822005,117.52685095465212,0.10440994045289459,12.623558429276992,2
SAT-3102,1854.7327285425501,6.965513943462113,106.37081282728822,123.62250223754201,14.570774954106469,3.1692521292890214,0
SAT-3103,1037.83565360489,7.3184020787161375,96.14013091245239,105.93888543141468,0.21655771531482623,2.520018915702502,2
SAT-3104,739.8097916642496,7.501096096423237,152.00518815249256,99.54785631084896,6.899644634873275,10.668651549869205,1
SAT-3105,1038.4856423112365,7.333016927075958,131.2777346098724,105.78225581472336,0.1721467597167419,6.61116025678916,2
SAT-3106,1529.8612903450016,7.097315025464709,149.70980258877344,116.47049798062562,0.05618264442935367,11.388975523065875,2
SAT-3107,315.3920746866307,7.7137551214226425,38.07118583592524,90.73557362166959,0.15078766487630876,4.179943553065452,2
SAT-3108,1302.0717821239853,7.206235572025662,115.23945678606094,111.63636238058454,0.6759834978742493,5.265462908961593,0
SAT-3109,1342.5958643085444,7.179578351474516,7.243354515308457,112.37878224748904,0.10442987200893429,14.35717462204771,1
SAT-3110,1384.0700197230904,7.182450832094896,12.409310210259619,113.29051037501661,0.19588774059940037,6.8043387764632515,2
SAT-3111,711.4375359674913,7.494102112848125,128.4348658868275,98.86482902798302,9.836686657568547,9.496160168554113,0
SAT-3112,1513.8896297428155,7.141883460193628,4.395618475907643,116.31053761420942,10.200485157826325,1.796246886481121,1
SAT-3113,455.3655267640199,7.6707250270802225,104.35770160209165,93.51316519921508,14.172115591937668,2.943383837864864,0
SAT-3114,638.7595719935614,7.522967451129935,151.2729177200154,97.3422207440241,16.689207485443866,0.6706148882800433,0
SAT-3115,1791.6990793126192,6.989379561860843,68.38952551524515,122.46998770851839,0.9125941661561531,6.847495907010498,2
SAT-3116,1555.8293562351628,7.078177037547541,8.071278631184303,117.07482909615848,20.027142427676022,15.82382807147088,0
SAT-3117,323.3674418192869,7.709856057028761,128.49254093317083,90.9635215750482,1.8913880003086745,13.99458312715831,1
SAT-3118,722.2396426286604,7.536341852309621,167.34356144354715,98.9981536380998,1.290509943415607,10.16325174755406,2
SAT-3119,664.4910210883797,7.520844486457871,129.09085057048821,97.8611363172675,7.154495112350422,13.79143422212371,0
SAT-3120,760.3707576628534,7.483429792388737,104.12050374049954,100.03780899614377,0.21899048146529046,9.547292766003526,2
SAT-3121,720.8516094758069,7.507853288640677,41.40518937823081,98.99256382206134,11.68051885544356,5.963425197312789,0
SAT-3122,406.29470276283774,7.6490220885567215,2.767612328009459,92.52802208717733,0.9713315246601152,2.859387777507733,2
SAT-3123,1080.1988782145945,7.296912460679042,125.04097952622959,106.70958823989928,0.12046371334361308,10.483474993987565,1
SAT-3124,1545.6469071364806,7.071628627398865,41.58471165197273,116.73572973389639,0.11400023455249889,3.1695152946128515,2
SAT-3125,1331.4439320196418,7.176018544418336,154.46928189282434,112.08364313696497,0.15620331122038988,6.737111833480957,2
SAT-3126,1443.8818366167357,7.084799316102918,83.94554138987003,114.6003758783736,23.479465549066834,13.230249290268683,0
SAT-3127,437.95360351160656,7.662076585093111,95.51440482704211,93.19702463124341,46.965988898524984,2.1547459107314832,0
SAT-3128,1917.5342073005384,6.975821271218735,135.708577967946,125.29114133370857,0.5886964297130505,2.151440563003042,2
SAT-3129,1725.4361175331421,7.019479203907569,140.29750940460178,120.9913229155613,0.37618507488254976,3.667998407906398,2
SAT-3130,1668.6535414426266,7.01293201185556,115.67714995450227,119.48260264181803,0.22661200958818137,8.875485183244555,2
SAT-3131,1699.0724685710047,7.015118850950124,168.91772677429375,120.25857898819409,14.805375814252626,4.102403304332617,0
SAT-3132,1885.6078638256943,6.9389544136055274,176.81371853767547,124.50806006603163,0.212125291238345,8.100847202354512,2
SAT-3133,1225.231742393286,7.223503899063542,170.43937998743104,109.96546489633447,29.596502623186172,4.901523515849026,0
SAT-3134,640.4794303749641,7.55707706899223,148.35225336190985,97.45284847667953,5.023670439171411,8.149251058043648,0
SAT-3135,1348.53213334932,7.201976605457713,127.01253964396525,112.5274536076459,24.56707090818609,4.51434003912751,0
SAT-3136,1562.8985392354962,7.064921269368501,119.39865441870016,117.283409316757,2.296146361550005,15.682196772176187,2
SAT-3137,1554.4595687018432,7.106304563166275,18.6750318456961,117.09716352591279,5.90214114213368,7.934214628157288,0
SAT-3138,1186.4633410836962,7.292947906559989,48.86718242744025,108.88145754410921,3.6086462115961755,11.923930602321017,2
SAT-3139,416.3798228670827,7.701386152638716,1.0238802352878662,92.76907536884076,15.579602517049919,11.23869028648146,0
SAT-3140,930.8919953312173,7.445717591974751,24.733776642118535,103.63935985817935,16.089866395715628,7.899894059548343,0
SAT-3141,1865.3032343877076,6.938651301706439,79.06130589045391,123.96114574016173,2.940011328671765,3.897906780520011,1
SAT-3142,1293.5631465876243,7.267977363360514,26.376579142033204,111.31183670185438,3.9490529082500947,8.22042061881455,1
SAT-3143,1215.1643035347129,7.2415764573062935,162.29941464181644,109.57134313282096,29.147262070106457,10.92744881715491,0
SAT-3144,757.050974449729,7.46611672997337,145.02585336035077,99.58823727736745,30.801329043254704,7.412716401955067,0
SAT-3145,926.3631638581842,7.397247112564478,12.890144176113282,103.39923354605523,4.917216791773204,1.4026092070675917,0
SAT-3146,1822.0883515603878,6.96337251875148,44.80446878410789,123.0375648646525,0.05275126016282652,0.3859333499735349,2
SAT-3147,1432.9871807956208,7.1547641713760495,147.43293923007158,114.29832494248889,0.10284984667448702,5.3132412546386325,1
SAT-3148,1638.5579454789658,7.028072064607441,144.54830278077722,118.78198964210321,18.741208817030266,2.4885604248836595,0
SAT-3149,1072.3872192150138,7.313076254322266,170.181099021202,106.42813573794973,0.08976609923930384,14.508424910223331,2
SAT-3150,1371.4202730754685,7.200853900690627,179.55859709112485,113.07548220897232,0.2185382932094996,2.8957394543503057,2
SAT-3151,722.2521348634527,7.495145476101135,175.72861138340193,99.28679588733539,0.24581594203551702,6.369095152783901,2
SAT-3152,1499.2834114819266,7.119450673958072,73.82483742985946,115.9480372225677,3.1599070923823547,11.422032441936555,1
SAT-3153,1026.9222672956735,7.349808468235741,45.0591198843658,105.40733621881336,2.6845308428844694,13.06520439425537,1
SAT-3154,1052.3273751850675,7.3511452778857675,136.51383427687125,106.17135944463823,0.3691667469287403,7.695639135532281,2
SAT-3155,1403.8479517806988,7.127058926972458,53.869120693925545,113.64340317895777,0.20979933198696452,2.980046652773435,2
SAT-3156,1891.6770564971753,6.95727015352305,145.15206482363936,124.51964278631479,9.830284656207262,4.407234054856064,0
SAT-3157,408.81078923465554,7.662248715968913,96.1118514716264,92.54849450587115,32.01389167969441,6.76159831749424,0
SAT-3158,1702.0635034899128,7.030005098931796,142.9069095422917,120.38491653051956,0.07200904381223032,5.897053970276769,2
SAT-3159,797.0512877007283,7.478270977882901,49.65837834906188,100.75695933346543,0.12546176486655736,5.643896838997538,2
SAT-3160,1054.6630726608423,7.302695774701854,91.44491679968776,106.12616631075701,4.221453117432401,2.196475447930962,0
SAT-3161,337.25265891751525,7.688146018097045,101.52428284839276,91.12451128215379,12.95073328492979,14.621633009518101,1
SAT-3162,811.7783323183321,7.410714734583849,169.75945218962377,101.0178377624439,11.817782987273208,0.5731300420416693,0
SAT-3163,1154.4731124712218,7.266848091838702,47.987563829475114,108.3398404023021,7.211397974626703,7.096033833224444,0
SAT-3164,395.49933149064634,7.701758529425798,168.60388307128105,92.43974837347619,22.974912594185913,15.687111730799078,0
SAT-3165,1134.8627399513807,7.284920625447402,144.87460478382886,107.73162300908345,0.22439679155526923,10.589610627303223,2
SAT-3166,1876.0880690593265,6.925338486602145,131.56092973560516,124.2274816139056,0.10491627041694564,5.751029553356024,1
SAT-3167,479.16847078326884,7.6184194964188725,141.63664845332252,93.9329787359728,3.507994587422745,2.4229515928054015,1
SAT-3168,1599.5492377283574,7.041957973041298,108.97650825841025,118.0248235358606,14.648652575971216,15.425574429767599,1
SAT-3169,996.4407907391875,7.332968500615816,43.93440188324745,104.8675339273128,2.786767517580178,0.3223831537830806,1
SAT-3170,1413.7953146913746,7.163363731050283,34.10909439117349,113.92333945960884,38.722417817274184,10.934062372748981,0
SAT-3171,742.40221657489,7.462184367944828,155.94145845307028,99.43210021568926,12.18045154671802,14.094185795980703,1
SAT-3172,571.1368463203091,7.599689117539726,130.52509246724998,95.79122078230237,6.3291502702890705,0.5000517891912509,0
SAT-3173,572.7864442610849,7.5751139067793405,38.376770896970825,95.76470406964522,0.07581268481898978,11.630280339038968,2
SAT-3174,419.8363075933459,7.663096344375011,110.71680585739227,92.8075359802601,0.10524384844713308,15.981520403950285,2
SAT-3175,615.5993983321132,7.547719176174874,80.55836665456029,96.82002893727274,11.310528596440273,10.270315250316255,0
SAT-3176,1429.172954481246,7.163987393598475,28.557930593356907,114.19815762154415,0.19664539518926274,6.69339527071004,2
SAT-3177,1798.8740401339637,7.000579499918091,95.73427968428959,122.61721698912432,0.06102046777620995,14.002971437764883,2
SAT-3178,1684.013665504975,7.0412417775857215,50.67343664395511,119.82509169081092,26.99305636609695,8.911450018119789,0
SAT-3179,1464.728326786623,7.143589205918755,17.32394234836288,115.18960737991516,23.517227770342384,12.016109463960047,0
SAT-3180,487.7341677988745,7.619126500018422,84.05249373817395,94.37860676302422,0.22616296338787195,9.445685969914228,2
SAT-3181,791.6186587031148,7.470743480047729,106.21953937684113,100.35152991887426,10.954404626136926,0.7088283705583933,0
SAT-3182,826.6716880481972,7.434954648299169,8.44315386860709,101.29485575126152,0.06964805423051623,3.4890053124650264,1
SAT-3183,724.9268088759561,7.494918410204967,72.37669489397943,99.10562503422467,0.3582152046689449,1.3523408263893189,1
SAT-3184,1175.5096215065294,7.2621875435229,46.379145570603356,108.44621504184472,3.7151018894049783,1.7963354218932455,0
SAT-3185,1210.4414852954433,7.241773619867881,5.5171063273018355,109.34880235729074,9.738834662286742,0.3449473480503444,0
SAT-3186,906.7061577908873,7.386897806743206,22.619258930071044,103.05716605698775,0.05372390478128204,6.796523166325032,2
SAT-3187,901.4415698519413,7.412712070644097,25.026148587307958,103.0698715615422,0.47598782483153945,2.9405609448912253,2
SAT-3188,1708.5445164403384,7.050065668538733,32.91736466123481,120.54948826683713,0.21978937018280872,13.70557467585415,2
SAT-3189,1641.7978421434655,7.0764692997953205,144.60796285882583,119.0019655875514,49.580536468102565,12.0255968468965,0
SAT-3190,823.2529138572676,7.4183488716195045,79.10853596606506,101.21132946446836,5.151298322235287,9.213514217566386,0
SAT-3191,1853.4403545845407,6.987490551113944,26.47547860866964,123.88238454032616,0.8241084419762997,7.875439391071287,2
SAT-3192,1919.7855289042602,6.927432613698195,18.053454047020065,125.42892849097608,0.0843194587799805,4.168311385158015,1
SAT-3193,855.4623214510694,7.438887969076397,53.62928257122703,101.83525322386384,3.1259410007767867,7.651728307412269,2
SAT-3194,902.5224129481933,7.384683873158098,143.6427933668014,102.69088645697055,4.207987268293621,10.295545486244132,0
SAT-3195,1159.57806081733,7.278203644589498,65.60277262913583,108.18342252907345,14.066556237777792,12.53743887706513,2
SAT-3196,1899.905381307245,6.948398365340186,28.781524852908856,124.89619381488563,0.3670291543605506,1.398744853527535,0
SAT-3197,1789.7430363419296,6.959130803209325,72.74091267830879,122.27497195499114,43.97990083387965,11.364588551054245,0
SAT-3198,474.3655363921026,7.642974020360659,99.95608031167035,93.95921997487115,1.040799853151012,11.909405040504437,2
SAT-3199,967.6422635614076,7.396809077527011,5.3251530548424935,104.09668140443401,0.38619021727804903,8.987657994705216,2
SAT-3200,1240.731022574612,7.232983777997312,112.97552425923116,110.07477730884942,0.5550319789601654,3.5076752116809,2
SAT-3201,1155.325203337618,7.304622642782753,71.11813554266207,108.2718843223287,1.8102066802010206,8.673034941268684,2
SAT-3202,629.5672154927175,7.541953690470287,1.750657523614989,97.17453549023348,32.29049464560492,8.093007620863435,0
SAT-3203,1759.988510985863,7.018590355679007,121.30009181034856,121.57167074576822,8.025025075338013,7.663790532550059,1
SAT-3204,1450.7993310946235,7.094269764369436,128.22977440127667,114.63755942238383,2.693388197674126,7.424174655928227,1
SAT-3205,1724.4442372480662,7.065328175199039,113.1911619405629,120.7365158487889,0.15395761272300404,1.862126504035164,2
SAT-3206,1759.8992748941027,7.031546250902953,61.547439167716,121.730360287748,0.14029104073643534,3.0079905092321,0
SAT-3207,1572.2049512317576,7.078184341786356,95.328873731873,117.4475357442887,1.6053167817766691,1.6475802063763432,1
SAT-3208,1046.6580221245194,7.291090040991725,69.68838710401836,106.02560551628952,7.6753134075408695,3.9553974599209525,1
SAT-3209,1337.9294835262217,7.196471830270635,126.111911428745,112.1767825259876,8.953782129948811,4.2892808454177,0
SAT-3210,572.6211904035633,7.547747959539569,105.04443352206397,95.67533938833019,0.2380746507840509,3.996706197739422,2
SAT-3211,1445.197209707343,7.1500960237344975,14.723840488940956,114.56573384401635,0.0998317175274275,3.4537721841510947,2
SAT-3212,604.7305347567773,7.56740003553753,115.75684047941952,96.5505289007561,0.7117917861833257,11.793210523208144,2
SAT-3213,1479.7143038672666,7.10665480551889,123.70291458080428,115.4130299153442,28.41107287250296,13.115189853610074,0
SAT-3214,690.3168732817467,7.535638140233029,66.7263925106459,98.74968767496271,2.1630759184923014,5.30103654350386,1
SAT-3215,499.837210255374,7.6327625116194815,157.6414405727468,94.53523236921052,0.456319790903003,4.9515493777827375,0
SAT-3216,580.9836332430276,7.591584657602589,151.7425838720933,96.41774122426543,0.467609159334357,13.520114361064877,2
SAT-3217,303.38662987241946,7.728107634893447,31.529974301952816,90.50025442859219,0.1245177143036471,10.020390036486077,2
SAT-3218,1521.8573503510015,7.078124059628625,162.76793552745633,116.24541950388655,1.3141387231624737,4.765669364146015,1
SAT-3219,1545.0817833992444,7.1155597961203725,79.35702686911395,116.85692679013472,11.831996700503257,11.446435452126657,0
SAT-3220,1175.386694852541,7.262332183624421,130.27493747417282,108.91280243824214,40.23889804496408,5.5790256827073605,0
SAT-3221,574.3167617941523,7.547905964139858,146.53746125410248,96.18883295511729,1.5986559345649578,9.426234268040552,1
SAT-3222,442.0423737681726,7.675929493816767,90.92023579254418,93.21877820571699,0.1587138226629717,15.882881076806044,1
SAT-3223,332.5192429433879,7.753108062416336,71.83834908674683,91.06149749420683,5.5952720030791205,4.895350565934929,0
SAT-3224,581.7719008408752,7.570813976082839,164.7812463507177,96.01757129102526,9.318457580832913,14.895363411262498,2
SAT-3225,1814.4544094713494,7.021447939246843,41.55363952837617,122.91797366836506,0.08204823680310529,5.198373387126701,2
SAT-3226,710.612630892859,7.504271003160939,46.25461398944601,99.00108100541514,17.757727743805503,8.690558599559692,0
SAT-3227,902.2612562692666,7.395331964644454,65.09165652241867,102.8893236441322,15.379321446915586,7.413742254624736,0
SAT-3228,479.0873236182664,7.615569084098849,154.7038400347018,93.97137177877589,1.3079560963898758,12.552237041268585,2
SAT-3229,678.0142180718894,7.552514005768855,168.98188755835366,98.20002759545478,2.4001454456582096,1.0713739217637175,2
SAT-3230,1182.6817703263487,7.248626424855897,39.61218865587514,108.9341930303164,6.905485146821958,10.071244634691755,2
SAT-3231,1333.1795612626092,7.207632982222521,155.49662657362416,112.17103918439912,5.360612065511978,12.194604415146284,0
SAT-3232,717.0989340825588,7.487827911173907,46.476532704342475,98.99945268958794,0.05605029967589552,7.607103136975696,2
SAT-3233,398.14467068269926,7.664443900572526,174.71542441497985,92.35888912596,0.11648658567101375,1.7741524439511054,1
SAT-3234,964.7558775165777,7.3919451370955915,107.53342055668482,104.31382847976593,0.15372399826954353,3.9923997144085286,2
SAT-3235,698.1457305747681,7.501456583190544,1.275564140528831,98.6584621261274,9.24693216229479,10.906790684603733,1
SAT-3236,673.2416694906633,7.514223381537987,6.14338273281202,97.96602786075744,1.045251243800762,14.337454429455011,2
SAT-3237,1931.7667646128739,6.951447194538638,26.547215544847525,125.38456892047695,2.1650996185181177,6.803576851307769,1
SAT-3238,1347.710826073731,7.218101640267989,33.76316840737621,112.4549716783247,10.399975471801975,9.01055135774432,0
SAT-3239,1246.693353392563,7.2465380013848435,138.1714421087874,110.353227452941,0.5271288809869659,3.731322083957107,2
SAT-3240,1006.8176759896472,7.337202278791497,40.09785775505098,105.12663856526088,8.823495860758111,6.654191693186256,0
SAT-3241,1029.205366831245,7.3289587294851835,174.44549160897478,105.52631698877234,1.0613724933758362,5.454957943550815,0
SAT-3242,1219.5385065247374,7.248169994941391,114.50017029652889,109.71654997759838,0.6768782631529559,10.522856212747225,2
SAT-3243,1483.9306719613824,7.129988805807985,124.65315166563319,115.43800898125315,0.49897845791071954,15.756713331634264,2
SAT-3244,1493.6483635091101,7.099410524571548,39.20697347133735,115.77348673620739,39.24681794943414,13.031524886572411,0
SAT-3245,591.8796430992643,7.580601974265827,160.68713653711524,96.4035731155163,10.348805780263907,3.155416900326344,0
SAT-3246,1150.191678530266,7.281612693143573,120.20662310758765,108.15911879090798,0.057485435606585776,9.285089633577593,2
SAT-3247,1000.3287615579734,7.319217996742271,155.5930123815355,104.99634376569443,37.257736242380595,1.1559462676795853,0
SAT-3248,1779.8958426579532,6.974464734922233,172.16659750162086,122.18992549002667,10.59958577180016,4.025956240797905,0
SAT-3249,1373.4121660712399,7.16413688591184,22.615375879727356,112.98571015950127,0.14011807033121626,2.8382610493602076,2
SAT-3250,1205.256912907169,7.251941381060101,17.38570144841022,109.42123585067624,0.08471969440980284,5.43517404846746,2
SAT-3251,496.17089170415954,7.656469551668687,144.61340878613444,94.38306864091079,0.420293124303091,10.893142107802996,2
SAT-3252,1329.5844118497994,7.199369896792847,155.90269063695064,112.12712121689229,3.7283321199676824,8.040353738977545,2
SAT-3253,499.24663965639684,7.600162938718227,105.07705575803742,94.38808008599028,3.5367964972515864,14.93325723128456,0
SAT-3254,873.2511784617785,7.422161669709797,65.88009859509371,102.28143982825645,0.3361401424518382,3.4827065535912882,2
SAT-3255,542.8313401843642,7.5858899992233395,117.47333449354028,95.46455980489029,1.086412966429491,5.890925425437649,0
SAT-3256,1476.5251999414272,7.1334257255813975,55.01953306664232,115.21413206712803,0.21609288688545197,5.344655971000265,2
SAT-3257,650.6285935214594,7.546033678640842,42.90942458762427,97.4595749005308,0.07090976724374914,3.851821652762886,2
SAT-3258,966.1609344196441,7.394818921278598,87.86613771490778,104.11502993563558,1.777793879163282,15.891415229107288,2
SAT-3259,1822.6471219519237,6.974290178964822,38.907688969148346,122.90290332844165,0.5494692678596224,6.256886172544565,2
SAT-3260,647.3378517782495,7.568967689557351,87.06664949673112,97.58344952283734,2.1262645633543595,15.054092789943615,2
SAT-3261,1163.2686087299244,7.29174241759691,172.18917098344295,108.33234629221855,34.553494205149995,6.308528234262532,0
SAT-3262,1012.7618239822374,7.333189683548695,151.16112641113028,105.20909836468783,0.13461112052991203,3.3450576919765087,2
SAT-3263,330.81086977774055,7.756299791858407,169.493565510004,91.06320979809053,0.05068227012562788,1.9953806578551072,1
SAT-3264,1647.6887930737817,7.056995904711324,145.13921547252454,119.1424907421967,0.08503635654203912,13.70345477149053,2
SAT-3265,417.37804073481954,7.646069038442262,63.85516847032981,92.73170136981605,1.2220666505791964,0.610352483712744,2
SAT-3266,1106.233535660821,7.334328352248133,146.16814293928064,107.26263425613219,6.603377015532955,15.433873954594574,1
SAT-3267,1253.1531013962149,7.272134667691692,166.1248338395785,110.43056237166819,2.762236211130637,6.74924026739022,1
SAT-3268,1368.324976244798,7.175916434954564,170.4664418106698,112.90888327477565,1.5263489295861552,4.033252182241278,1
SAT-3269,1470.6737698233885,7.119516105316851,122.97561312329947,115.15780610705573,0.5765797660728675,9.917393502224263,2
SAT-3270,730.5630519886156,7.488451488740025,38.04599588672037,99.48728681867544,0.42549309723738304,2.2133165701953628,2
SAT-3271,316.9639203193639,7.734376862597658,7.151247605644353,90.80042387513659,0.6727110006763645,1.2471146197050567,2
SAT-3272,1529.8542260033503,7.128394363004951,26.49604106882804,116.73327980282279,3.4188092188149795,13.261755295362114,1
SAT-3273,1210.6162188908836,7.2622441807953,173.79844522091017,109.44735551719809,0.15930590419950344,6.852265316542695,2
SAT-3274,1721.4000954523228,7.020306753475634,83.17742835469849,120.73833694739726,10.30519593423693,8.340253102462059,0
SAT-3275,1696.3602169311803,7.059115919463349,153.89748266977034,120.05362412922716,2.659069720398948,2.9094665411135314,2
SAT-3276,1733.6544852394013,7.006707672927702,83.70794764049239,120.9402526581181,0.32095129856228544,1.0766454879783824,2
SAT-3277,1124.6609219652182,7.312908208055194,118.9471650227711,107.83042441651438,1.5937819087221792,5.947640509164363,1
SAT-3278,867.1682729226716,7.415104055053926,4.345339882020056,102.08941716203437,38.6639363688489,8.147725412843421,0
SAT-3279,1645.648944405329,7.05997341624747,44.97568968948602,119.24730933804626,0.05760293228059286,12.270346887860644,2
SAT-3280,1067.1999921497334,7.318131259707991,78.52847040766606,106.28053434465777,0.19839829109675627,8.066726803743867,2
SAT-3281,611.8517338858387,7.554196227107696,113.51358848774937,96.67985543086822,1.106905955381222,12.541861581205856,2
SAT-3282,1753.4558332545064,6.996865276855166,30.87381384957213,121.43087679492422,4.114235712835609,1.9353811968215906,0
SAT-3283,1800.3517905129904,7.011181759666186,137.6192635686882,122.51182090365232,0.21659818005734563,1.117008075498831,1
SAT-3284,1092.7265854382892,7.293215062309246,65.59284710452272,107.04539315557612,31.13019559827936,2.625889329880881,0
SAT-3285,428.6895364266387,7.641590600823936,147.1383484620992,93.04730593369659,4.233368184825556,12.374992817530783,1
SAT-3286,959.3043528587831,7.416500526524262,17.63443627111211,104.05645373752776,21.44202762510429,12.173350670335353,0
SAT-3287,1666.0140210864256,7.061970492137921,122.35618578282694,119.49600073846062,0.48632186413514195,2.3477480917191995,2
SAT-3288,1833.0158485285888,6.922664671625739,52.799099977171835,123.22165228833224,15.340227743112342,0.5927196661858082,0
SAT-3289,645.903662245913,7.525653428119588,143.16897134207122,97.40255999175645,0.6817539376985328,10.995982785773426,2
SAT-3290,413.85514044296156,7.628520854008546,72.3906768676339,92.60925419094322,0.28656643552404604,13.698980353563341,2
SAT-3291,1791.4957703258258,6.969058689381074,119.76293380744197,122.42186247378085,27.16039125555864,12.090312358611897,0
SAT-3292,961.988396264088,7.309960696307786,168.17494835456523,103.97244839235162,0.0945421406228658,3.324503791779743,1
SAT-3293,1220.9936392548575,7.243137401418924,3.712793762477584,109.88367754767148,33.7005037358436,9.381909565882836,0
SAT-3294,1945.71188048629,6.900140873038869,2.0010208201872537,125.76760497129085,1.1871774040481538,12.142114957946104,1
SAT-3295,413.16003745417885,7.666351400368497,138.65026539180843,92.60655472699948,47.516716762542664,4.1676764022979285,0
SAT-3296,1402.1406126685624,7.128447303430783,116.35074927145406,113.74624180427182,2.0785188408235213,8.490760741774302,2
SAT-3297,425.97921837727404,7.65957983731686,52.73634969079788,93.09515084280464,9.363420351557899,5.099920423182947,0
SAT-3298,938.2971783930507,7.376371408974479,88.99140649936723,103.76268307316244,0.05250287110753153,3.686649135499636,2
SAT-3299,1666.4847268288595,7.072246381838917,7.548419807796374,119.57001667569189,1.5451493524361695,15.516470295656555,2
SAT-3300,1036.9027956845785,7.3635840403431345,34.64020896502334,105.86410860874263,8.153243618043337,14.610053170152128,2
SAT-3301,1995.2100016350157,6.918176566994522,76.40934741489015,126.75501655867728,11.154524564057269,7.186116922128644,0
SAT-3302,1250.4007844092237,7.225352312289408,150.1279949198668,110.30787788310441,0.1489758088763996,2.2747711709172247,2
SAT-3303,845.9756594811209,7.471460599079588,86.34009291481526,101.60224183718226,0.9034057605073109,11.673726122798314,2
SAT-3304,674.1892540380803,7.490752687066324,105.54525081467617,98.20658999330433,0.9040363198410124,4.165647969038702,1
SAT-3305,895.884908286475,7.378117063408888,157.27568255888048,102.71172873268604,0.1023039564776416,2.7794331128257026,0
SAT-3306,933.3065653912364,7.385516402040947,55.58740444599215,103.62932305957636,1.0668577770045744,6.166311382037135,0
SAT-3307,416.81325213073364,7.7081710793771325,126.12587779837007,92.8122655659688,13.19012406280093,8.52461196575115,0
SAT-3308,928.2761390255143,7.385690355078799,155.1001065620856,103.35160424556106,0.397660282948918,1.6493012441445924,1
SAT-3309,1089.2054835566823,7.305933076546367,36.47082612531181,106.81871294583067,0.992415571648412,9.190768921471571,2
SAT-3310,1528.6541788059678,7.0745385031207135,64.16606972660985,116.58805837871104,38.18089104646203,0.34403915872568214,0
SAT-3311,1416.4401240267337,7.173290733192962,176.36583130008393,113.90852999182286,0.062243532480672346,14.280718063430077,2
SAT-3312,1504.9016138895622,7.133143543019999,176.979341663318,115.94630902250086,2.9753311426528284,14.739792859533978,1
SAT-3313,314.2182591906571,7.737448912461458,40.18138745290882,90.58537873637725,8.497247725041758,11.755825298838438,2
SAT-3314,670.0345792869113,7.51144783487561,11.960251000673061,97.96598073558971,9.585555949113463,7.518135596329423,0
SAT-3315,1424.863290279756,7.136371933151173,48.76589003580952,114.1664490255463,7.027228557262576,4.152850701956648,0
SAT-3316,1122.78192590557,7.267341555872877,71.59175231466371,107.52147445618334,7.556563474573817,11.931382242311205,1
SAT-3317,309.0329086361881,7.72634123481902,79.38100816760947,90.4621245496633,0.07516367418964978,14.915575511037812,2
SAT-3318,1667.640892134098,7.020092731597532,111.38513531947625,119.57424852404678,2.00161184200538,2.620685907869289,1
SAT-3319,1613.7762745935736,7.041863982270076,161.91049682367836,118.26160136307034,11.165475406599313,7.506569629833399,0
SAT-3320,1232.3125770890565,7.232007955306068,59.462642143289244,109.88634477077589,0.09575581377396922,5.112660012971258,2
SAT-3321,412.98765381966257,7.6554675582998595,152.99721638985753,92.58636769082229,0.05434001719367626,5.772194445829967,2
SAT-3322,1603.0755842053939,7.059391814161877,16.826205766792842,118.10046417363756,13.888504988219996,6.551548723034626,1
SAT-3323,1292.3130991433186,7.221409995826426,7.53744581517865,111.36603496970025,6.852565052139497,15.23356187550428,1
SAT-3324,1629.3319611685306,7.0601210025294305,90.72813296222303,118.84273342589842,0.8621627499590799,4.2123309691026884,2
SAT-3325,1577.9698870729287,7.075544498819054,10.73920019950888,117.47832177463454,33.12526048243722,7.9335458415867555,0
SAT-3326,1665.1035223283232,7.046472744443991,70.64816422216143,119.70405548001251,9.97158712757062,15.228650799422468,2
SAT-3327,1180.6137128878622,7.245393371266243,161.4200610364622,108.74726061497547,40.045417806634205,7.669304554471245,0
SAT-3328,538.5516809289754,7.5973884292964335,43.46694651734521,95.37361009743199,30.68426910988244,13.831232398551109,0
SAT-3329,1440.9677047454707,7.146143912094045,127.07563952248258,114.45285394662078,1.3894752434521203,1.0343599117719668,0
SAT-3330,1354.80543458835,7.1527924762677735,54.425770630212035,112.54843100093255,9.185376033323609,15.253183653565452,1
SAT-3331,1561.8304182384481,7.108421350444848,8.085609943584409,117.1186093449647,5.087965651503895,3.0817452377142094,0
SAT-3332,588.7977102862501,7.55018757266867,100.20430465385569,96.30104599314724,13.592696957149498,15.680967052227418,0
SAT-3333,631.4578398304916,7.546535032798997,150.2736282966153,97.25110860430645,11.535467795983296,2.89167215761092,0
SAT-3334,1813.6961792728584,7.001876976714772,73.70432070167149,122.88542636531336,0.14410064158196864,7.16541856994009,2
SAT-3335,1574.9622573685203,7.101161202236662,111.11288876245567,117.38980527285177,0.2512908062608742,5.006970416003457,2
SAT-3336,1843.988430790549,6.966396973768356,162.00424757839065,123.4019462528238,0.31344744625450144,6.9883795954112005,2
SAT-3337,1589.8160459786652,7.068786978361394,142.1450122926578,117.72212254618901,14.271370531321944,4.083343364815855,0
SAT-3338,1315.164020183513,7.220302624381472,34.897751890707475,111.75859485992923,13.526801473074128,15.448546857599506,0
SAT-3339,1412.0256529473852,7.169894705294143,132.00911268570104,113.86815339350362,1.5310030121809193,4.961027246762157,1
SAT-3340,1811.517470698017,6.967150452607154,90.34074452882736,122.67438517141478,2.763546535535954,10.487071101821146,2
SAT-3341,1283.9714826702989,7.2001116606250894,134.27402541949525,111.11699363286888,15.126430741473971,2.285415084620737,0
SAT-3342,1375.0652513582586,7.132006790973548,89.01279909399928,113.30512630423978,0.4332622057299852,13.207761009113153,2
SAT-3343,566.010417206121,7.583316402163112,23.032469539494514,95.78322738373129,0.07071415157306497,8.725876301801263,2
SAT-3344,1105.6660741973747,7.299893205725364,102.58370040406305,107.18798255815491,1.4020364973033026,15.673193380047922,2
SAT-3345,1517.8750903287682,7.13095178636607,88.58411863152118,116.27636207125794,27.549989386756536,6.832095247651619,0
SAT-3346,760.6025871378213,7.4832848564072805,93.22591205545952,99.83835486834916,11.759119050123878,3.2076212121289003,1
SAT-3347,643.8321068917094,7.564755977100123,158.20244165625664,97.51775119866785,0.6292481011318514,5.601702091111639,2
SAT-3348,833.5055739815065,7.424234636883099,161.07066840712525,101.35804720709663,0.07821392593682723,11.817753136886559,2
SAT-3349,710.5510675878169,7.525240326304413,81.6366792178293,99.02766854037343,4.071257020593432,10.579793683834428,0
SAT-3350,665.351482961873,7.515957342228912,82.03176743041591,97.93410045222818,15.938314490237188,12.475723781121829,0
SAT-3351,1022.2464328757478,7.358176025841824,92.73365259707089,105.3797233007665,4.941009668365708,1.2681776460469245,0
SAT-3352,1843.325473602008,6.936816224801817,93.52607010016625,123.42709335594812,0.9423104310301518,9.327863527982105,2
SAT-3353,1162.0013994558212,7.278896429341333,171.06968595224026,108.39418689689388,0.11722786185726874,14.921481964877245,2
SAT-3354,619.4646473860491,7.511504362388475,116.89208412794882,97.08079760974253,26.99558460131807,1.81564051975708,0
SAT-3355,430.85183794748593,7.649835419437349,49.94225907982991,92.91971938609069,0.3363914753388812,1.5999306167163645,2
SAT-3356,1483.4654467344728,7.132588248230319,95.67662345171819,115.39403748116352,0.23541336425943982,11.494009395860271,2
SAT-3357,950.7578995418593,7.367963793000028,112.90024492343692,103.85991924926634,14.024907357166803,5.11140104792281,0
SAT-3358,1697.1126091951107,7.007819171699918,115.15890978251362,120.20208191368003,43.91671230730137,10.57140944473842,0
SAT-3359,1421.1683066893092,7.169123593227975,105.34576072287288,114.06279385717399,4.780251875643357,8.771613757500724,0
SAT-3360,1653.6104659203265,7.045784875399554,31.992507831876726,119.08365747577564,3.7445658425992674,15.778459867604498,0
SAT-3361,762.3082670113629,7.46541846447799,6.046774034311346,99.89009423304212,0.45421619201369395,14.235997029582498,2
SAT-3362,1477.010168183799,7.127548271268661,60.81174942603379,115.30856670388454,0.057571872694641014,10.881357226831216,2
SAT-3363,748.9053739793219,7.534975820870935,76.95398782084564,99.58575859866947,0.18808908849545328,4.260626555040093,2
SAT-3364,1896.4164150654958,6.966658641226735,11.124763123695589,124.75374665338197,2.8330961505894923,4.264339778192465,2
SAT-3365,1381.8362786067364,7.193572175174151,146.6941208435723,113.31911021809258,0.1422064810500105,14.12767642904624,2
SAT-3366,851.6700602980816,7.437533718302389,61.933938751849276,101.80590237751974,22.41183544780674,9.406922937878749,0
SAT-3367,758.1701658968634,7.480708747453475,164.45389431213084,99.86618766649566,0.18340200023256237,12.649580334628427,2
SAT-3368,624.575194621794,7.50051774552445,27.79381941160773,96.83374581023493,1.841973438709804,7.2528408839355984,1
SAT-3369,1480.8896301193372,7.111369945730455,10.248292248716417,115.36192917815805,1.7179469219250842,1.7388708227592726,2
SAT-3370,671.8165420964764,7.513468840210813,86.81689878953792,98.1350626121774,3.2419543460845577,5.389714686010054,0
SAT-3371,1312.0155520767314,7.165329936055512,34.043280628627194,111.65871765617776,0.48003423728798256,2.6622721891849745,2
SAT-3372,749.8795457731076,7.458582300703413,168.731869604015,99.59529434275521,20.872410501841667,12.531141781165486,0
SAT-3373,1425.3472061495766,7.110667421260459,1.8546117216730118,114.40946475965589,1.0761544658268856,11.238140635547733,2
SAT-3374,1685.3975385189167,7.033170015178634,74.27154151062629,120.1238461133668,6.3013084736476594,1.5057654659698465,0
SAT-3375,1622.6429133459103,7.077868027115539,166.8145988421303,118.5900121613231,4.042989256114517,9.980027840313845,0
SAT-3376,1593.447262582329,7.096559182268538,69.1952772113583,118.00829537233965,0.1123151273030611,13.998754561217249,2
SAT-3377,619.1280896768285,7.559675594205926,16.759670508082934,96.71392812953299,3.6888250841803116,11.188092296859468,2
SAT-3378,450.25440987368177,7.625015184954257,54.521089715121676,93.36625218569637,2.244285162656755,8.2266794164523,1
SAT-3379,1488.2130084285554,7.082987887646547,89.64187089019802,115.51853558535335,24.818880850239335,5.058626230528307,0
SAT-3380,926.1902634503972,7.35565584864611,33.32730372179996,103.36990177168859,21.958360650905032,14.204838318415739,0
SAT-3381,1034.9885848856904,7.310925167701516,83.98110692578715,105.665439517494,0.14185164175355722,6.822597626042215,2
SAT-3382,352.95345774876483,7.681616686705063,150.54177524145075,91.1977494244364,0.08790740117313879,13.700757925717188,2
SAT-3383,741.2799637675837,7.483057425743565,157.07123463539034,99.52712846664015,0.3826014943707734,12.549697427669333,2
SAT-3384,357.24988658658884,7.676651919747799,8.86693224793178,91.5947853102132,45.58359511391296,13.078008747965669,0
SAT-3385,1794.615813422121,6.99351683887927,28.962604449463228,122.5494037704398,0.05803517970367527,15.837780570570175,2
SAT-3386,713.7743614715018,7.496124989311986,49.55222443802475,98.83311954985456,5.21971418488296,12.005260402380136,1
SAT-3387,1247.4731882741137,7.2334848883871885,107.07585315976833,110.20946208565704,3.3458865094677614,0.6412508779265098,0
SAT-3388,366.2648451239217,7.714588957176566,64.97905658264408,91.45646101353813,4.352159925882573,3.366399566193844,0
SAT-3389,1433.6405652196188,7.122879492464876,151.92736442029357,114.3345786788933,0.22585394127920405,0.6596028901701158,2
SAT-3390,849.1464877819595,7.438495024407226,129.00093629092876,101.85049690569876,0.23939884001165757,3.119625762072881,2
SAT-3391,1826.4626178280319,6.972873056235242,18.082084160431478,123.04473196600252,0.9792560217893829,1.0768882199092016,2
SAT-3392,1809.800921187861,6.9735802331649905,112.42035045217641,122.94511690517793,0.09694902047429813,8.075710954861423,2
SAT-3393,852.9940512149713,7.445847121502612,20.342272562456117,101.81607813124224,0.08371622400613228,0.5484787888159371,2
SAT-3394,1831.6335226737954,6.988534534737791,45.90642053456281,123.23710792918997,0.09205520824572551,7.614007683882625,2
SAT-3395,1993.468044947924,6.884258544445903,32.01671403616105,126.75071633056699,2.6176255331302776,14.39157042320819,2
SAT-3396,1703.2066290107118,7.0225317025937315,31.15115085612689,120.36858708088556,0.7801813690575122,12.00235859993947,2
SAT-3397,1736.2812911838894,7.017452423520779,110.95119445983465,120.88211854508778,0.3800321566909989,15.10889918606292,2
SAT-3398,723.3148513854528,7.490265080323984,101.44888605974907,99.18118254765264,0.4430249072119267,3.703683702728675,0
SAT-3399,1280.3940780581856,7.229396683494889,31.685067501790837,111.08461147433738,0.20932443221957234,8.54426448084417,2
SAT-3400,414.33505374452534,7.670113419659728,178.23110497531772,92.84381502068995,0.8579974760590839,5.165413305336837,2
SAT-3401,461.3604925968385,7.674718873463057,75.93061182629287,93.57131823680544,0.20330319879815775,7.951734751503341,2
SAT-3402,1998.117440456594,6.870665006027469,17.472479067888592,127.00889291663267,6.210236382972326,8.957505690390187,0
SAT-3403,855.2867240240486,7.424514824252277,21.70242305192072,101.94660525489199,0.11769758242971376,0.6753594745662561,1
SAT-3404,1571.9126504830388,7.065837144473171,105.10086847078705,117.46080395688678,34.97005038785793,3.8087725499182317,0
SAT-3405,1671.330590145588,7.052167529761198,176.23249260902512,119.5414070156813,0.09298798239506222,11.305887189979558,2
SAT-3406,1758.6395607122897,6.969836090443202,102.95119829145561,121.34206955417125,33.83390668500866,12.389555590190763,0
SAT-3407,1995.968105583666,6.909083196817474,170.8274657909947,126.97861492281979,15.807198932664654,9.154276743051302,0
SAT-3408,710.5440249366753,7.48988008169347,79.94391313644482,98.82905915958561,5.509426151898052,4.406181544383959,0
SAT-3409,368.5964056614895,7.6757701090026105,78.45139865736216,91.71541105147868,27.281922509181914,6.540837455891566,0
SAT-3410,999.0255805907962,7.32525230259333,90.0013246768588,105.02175025913354,0.13080561435186622,1.626985308914015,1
SAT-3411,521.1371387092098,7.595570883576846,125.53658246799995,94.90083652735612,0.16901074919091533,15.255555907002208,2
SAT-3412,338.1240115754937,7.729588334149743,66.17087396123988,91.01845561235776,0.2853827906958737,13.911971792243582,2
SAT-3413,912.7256061405263,7.39711758578071,155.49948588221227,102.91431658506004,0.2712717597194041,1.1430773158286676,2
SAT-3414,1632.3550268279018,7.0697604361286075,5.270649258266323,118.64646541516551,0.42807002409054434,2.747201583967455,2
SAT-3415,1262.5071750826205,7.259440430910308,79.15755510511961,110.86242255770073,2.666015678740601,9.339401614901181,1
SAT-3416,831.7225816576018,7.4443776156311205,91.97853299638521,101.46452822738674,0.060741825281194775,3.7956381786545332,1
SAT-3417,1412.3814093376234,7.145061262989368,109.26580288735731,113.9158389628376,0.701112628055472,14.95697109842464,2
SAT-3418,694.4309065249782,7.520376140786837,49.692944225855385,98.48897425084932,0.27423658240991877,12.113890235850086,2
SAT-3419,324.4484583225445,7.704880133771629,76.94639477745037,90.84708313032418,3.302627162918669,4.445335055286216,1
SAT-3420,1599.4007569419266,7.0616926227143075,87.2167950385302,118.14333926565968,45.131316004104214,0.19701243792857057,0
SAT-3421,1360.3632442688154,7.149873340847086,123.64379616297839,112.70802765635065,1.7862154474414524,12.811213520127298,2
SAT-3422,1595.9144616516319,7.091853350914235,139.23795325244652,118.00688197892113,0.9462932052299429,6.8430263826569435,2
SAT-3423,366.19462836903153,7.684103977369415,132.80891892188168,91.68818272233977,0.6363567274751751,10.313805618538655,2
SAT-3424,1723.1033673121087,7.021175774980237,61.48494941212535,120.97897309688587,11.3192502346831,4.662899724198629,0
SAT-3425,1353.1945400617155,7.162883134270952,179.90109413855345,112.67452585351965,0.08220775708369593,2.3716848237949186,2
SAT-3426,1257.7720962114881,7.237108786746556,152.7597561216923,110.64476337757894,37.868800388501,10.837454309393356,0
SAT-3427,1361.8438817947037,7.164344922019635,46.80420716609441,112.73103905931177,0.8968579502052006,7.26016095153188,2
SAT-3428,1769.5365196762189,6.9946572098159425,35.11904502110896,121.9316143263387,0.4365883892800254,3.8391982470126966,2
SAT-3429,1297.792061150142,7.227060831560583,56.52382510501029,111.35976056770468,41.799814411067196,2.288285193102631,0
SAT-3430,1287.615645809905,7.230107735564113,81.42207353993608,111.1803731055399,32.10750760295899,9.329625551621971,0
SAT-3431,1984.1545670118019,6.9065941740357975,153.1438880975305,126.83866548142238,4.21475586465064,11.636244049300432,0
SAT-3432,1586.4412840165655,7.0421746572881725,140.1052074830162,117.63460113482743,0.05681880936784491,4.613802697757532,1
SAT-3433,1051.8994692669298,7.3877994635702615,153.2243022310577,106.0970488893278,8.801869656115262,11.78876631201927,0
SAT-3434,1502.5749000559772,7.150048257748725,48.95228068385913,115.92625249638513,0.5077409654354793,3.0116429598510734,1
SAT-3435,961.6918018760405,7.387333591573602,106.82302004133051,104.2009462989035,0.7308204592751666,5.480809488412238,1
SAT-3436,689.0882862219482,7.4988084158024195,50.9848312099274,98.3503517764727,0.14969124182462237,11.943628360119293,2
SAT-3437,1314.648190709191,7.199322201675182,19.624168929508766,111.96710535903802,1.85927768069843,10.596281962388561,1
SAT-3438,1877.9095667937174,6.940504958812569,123.15559382544252,124.1371436589331,8.563036455409222,4.401325667772209,0
SAT-3439,1879.5371840262867,6.975964789435749,25.73955921517898,124.44930633804164,0.3296122612231493,2.041946524596237,1
SAT-3440,881.2389727793335,7.418912940383364,120.18559710716485,102.56111048220541,32.746789526042996,0.7753274566611468,0
SAT-3441,1197.0516925768816,7.24164623043912,116.63357488297365,109.39341486118876,0.1919466656747491,13.422851360716642,2
SAT-3442,659.7810275687641,7.520101597236708,145.84471999632305,97.62456723643211,0.07902363923008973,1.2947569981289744,1
SAT-3443,1992.5728861481018,6.925981539766247,25.11982882144159,126.77977500993484,4.286093337721684,1.9260379200815663,0
SAT-3444,1967.9004433754908,6.945765026118122,141.02642673158596,126.45488393679588,17.657377419021213,3.8795990213778055,0
SAT-3445,1404.1651805026604,7.190583982749354,179.86977467032267,113.5289749343285,36.171671849848956,7.186148297413581,0
SAT-3446,1667.5039014517047,7.056901520904256,153.1876407454624,119.38191945413261,10.0111284998804,12.657614575760286,0
SAT-3447,1515.67027418229,7.104168988552061,135.32617373897992,116.12284588896738,0.19857292765011647,4.034937182463586,2
SAT-3448,1308.368972367096,7.139707443949388,119.18976384504737,111.64074533544297,42.85026960388335,8.741781148920055,0
SAT-3449,390.6915948811261,7.683821212629377,75.9206672433773,92.3829706432168,28.660095448557044,1.5369231005956854,0
SAT-3450,1073.0993823395238,7.317464680211173,131.4900302204884,106.51295692974422,0.1543377883767228,7.485724981670743,2
SAT-3451,1447.136713684598,7.143112754499347,130.35204632528158,114.59988483022782,2.373162543459138,2.9244599946992014,2
SAT-3452,1451.803743602264,7.139260811349508,113.66969088371188,114.79453297513551,2.3201832229917367,3.4579457863599847,0
SAT-3453,934.3084513180521,7.360160245506519,143.3301080936091,103.61304666546204,1.0631005399386635,5.932572102331977,1
SAT-3454,1900.876377318652,6.9528646094977615,80.77749991683024,124.8301010967568,44.85532369905568,12.205428409343632,0
SAT-3455,584.5069548025276,7.582794453458862,21.825488183830316,96.19944579355239,0.07548083847832773,11.929384235413732,2
SAT-3456,1150.611058566453,7.293346247779851,100.63219096966273,108.00418715530742,3.8071214352298117,6.698070326116588,2
SAT-3457,1474.5027601363988,7.146780643606083,47.70783516804167,115.17149887396992,0.20648136966308903,1.9868713516592966,1
SAT-3458,1485.1308700160757,7.13510707509286,69.19795753724704,115.63958334694702,1.9096932741230643,4.562996758380746,1
SAT-3459,1402.6862265069865,7.152497832200675,3.134682709420684,113.70294133860398,10.919237687017757,8.135156846829197,0
SAT-3460,767.9899628681623,7.470817907053439,68.902305825219,100.0172398516694,0.2748846025429856,13.923647281252457,2
SAT-3461,565.5511667672574,7.5823091920556545,145.58419910438184,95.93599923427631,0.7569176699383633,15.495248375531954,2
SAT-3462,1381.0985556054084,7.1728158619366225,97.69002604888587,113.09799685862859,35.58559462650627,10.235787866880225,0
SAT-3463,1318.813597437044,7.219607659479155,1.7640948481147878,111.82681140744866,9.625254412352158,5.6759151989086805,0
SAT-3464,604.9052174917097,7.571947451541974,84.57188764317252,96.65459172913707,2.61300089133267,11.125909913740621,2
SAT-3465,1498.7365474699577,7.158412887838111,52.46129657617334,115.75358584060577,0.2317192785969363,5.446059159547517,2
SAT-3466,1073.7923859472157,7.361290049746931,85.9591179714908,106.55643636887267,0.9438137862358376,10.045027909324043,2
SAT-3467,1435.19300572536,7.147366462334055,72.84468986061786,114.37929028931325,10.499145672915693,3.9758884899612585,0
SAT-3468,1723.524035609256,6.940618347894078,167.75625952032868,120.6544394398297,14.474355622566478,4.3451203495789095,0
SAT-3469,588.5383285807693,7.592693920880928,7.411913813342846,96.31905480490929,0.2708872714738763,1.2960868657538571,1
SAT-3470,332.54627559462233,7.700296837319751,123.0458420307478,90.90389461559006,4.843403325062728,6.780244320189482,0
SAT-3471,1624.4743968728376,7.044654212446489,153.18478733431346,118.6005590183533,0.09637823766689668,9.928974869521117,1
SAT-3472,1336.485622759447,7.183415851991197,172.66294523708558,112.37254412009291,0.05869578654327188,12.641839606588876,2
SAT-3473,1489.387268357607,7.112164361426104,31.97452077797326,115.56333031837745,2.2130527948681515,12.984541862919329,1
SAT-3474,1724.8634574806924,7.029016337442515,95.6348643539149,120.70720890903142,0.2355643508933664,15.879866747163904,1
SAT-3475,1664.778589201651,7.011766159730369,7.8461239170981445,119.46907853442823,0.086239473821656,1.4953160408076942,2
SAT-3476,1933.564249779002,6.90648679243715,89.85303440191593,125.44318308585507,7.734904268934446,7.940874618288677,0
SAT-3477,1211.089634048601,7.257471235707068,22.582456117376747,109.56675879722522,1.5591710752522674,8.389855748898373,1
SAT-3478,1130.442575521839,7.3019379345027495,150.82140144576843,107.7499979982353,12.240552958678272,12.892081479408487,0
SAT-3479,983.2082398142411,7.3749174941339275,20.49660046896567,104.77866724348,4.906849337497395,4.335100397862668,0
SAT-3480,561.2747728351477,7.567083740680255,92.39190486956915,95.85188137529074,7.733655532135621,1.2030198870375257,0
SAT-3481,1273.432295899438,7.201416772822309,93.79729241869568,110.84538493323659,0.41788015606007695,5.088765083267873,2
SAT-3482,770.9212913541639,7.460568338846196,174.89708962768898,100.18268102234599,0.3081750544490788,15.744452482121748,2
SAT-3483,1866.2227707620582,6.961100304770065,117.89652492699986,123.96332116263288,3.1739105332492987,14.401115045410922,2
SAT-3484,1291.4243672710659,7.242208888388429,51.81125275382435,111.25570441343577,0.19916656147791534,6.38442667905176,2
SAT-3485,1307.8283068637872,7.1638426076523,43.34387578886493,111.57361468224771,13.970319909401608,14.032724780046463,0
SAT-3486,903.3719234909171,7.397961337292063,23.08467701611168,102.98555693592556,1.8523818253398714,0.6207962974548735,1
SAT-3487,388.38189836210273,7.652536105681661,136.1726503288307,92.3197975417269,0.23985004339633245,5.095844831680789,2
SAT-3488,353.9644011340807,7.665770292169685,124.33619811282095,91.55324246987507,3.753830868881294,11.656308383001958,1
SAT-3489,1019.6697450604357,7.3632430945463385,109.77788291545907,105.47880137119014,34.204024558580855,3.62109079116774,0
SAT-3490,443.7611427653044,7.658816563898142,7.351279730997902,93.40391461402827,0.08815646846996146,3.2544161286481765,1
SAT-3491,1331.6398244182365,7.202635153792883,137.30919595097302,112.18442719762547,0.10641568042656245,13.802739980833536,2
SAT-3492,1797.6541095874177,7.003858373336239,115.53976388672626,122.34360025782401,17.0015080305788,9.893667981120227,0
SAT-3493,1800.9551880818276,6.97443244493362,173.4999962598879,122.70186397485679,0.10659855755231777,15.825461221161369,2
SAT-3494,1420.377197224795,7.143911569173349,105.69638337782618,114.2529716733931,0.06562904918914425,2.241247852838461,2
SAT-3495,659.0941135039827,7.57359915901782,54.71134319910746,97.74567203920913,0.5530466264179976,5.7624416750070315,2
SAT-3496,1767.0946133100824,6.993609713626658,68.67369939407764,121.73391913923679,1.256283509558858,5.0482926116785825,2
SAT-3497,1806.3588400324538,6.996421538600853,31.651326968081847,122.71456307183848,2.5544847504326014,14.094102579730665,2
SAT-3498,634.3110944200298,7.543319831764562,130.12455279624933,97.30760286884518,1.66291749356528,4.159214668683869,1
SAT-3499,1553.6243458101512,7.055211485295439,127.38989880391055,116.9910927837901,27.44882082485267,5.720029863019303,0
SAT-3500,787.0832331761089,7.421369795075922,36.117002785981725,100.32613217346618,10.115196071988938,2.371058623239297,0
SAT-3501,1664.4885309999804,7.031502305051749,28.528078172810147,119.50587830000369,44.7095987137065,12.428875624122075,0
SAT-3502,1995.3044298361247,6.9235527267096,13.860887976395027,126.98395888063402,1.34380506603676,3.879482214945761,1
SAT-3503,351.0442090599678,7.7162530578435,164.15563386271654,91.4863852852553,0.08952798992393861,1.18629232849229,1
SAT-3504,1825.5219718445842,6.991834177683521,41.9525700650732,123.11964932229243,36.775783425299714,7.018228849785257,0
SAT-3505,1358.4719071177187,7.161408695692895,61.94943481532471,112.68860229586656,0.051441010249297016,6.324184170988401,1
SAT-3506,1954.750452580196,6.951538288262049,50.490811507948315,126.10644188347237,10.647754906591157,2.923986348455471,0
SAT-3507,1090.516179794927,7.289658082130999,74.45242846994239,106.91216106531883,0.062060618096366774,2.224201202346647,2
SAT-3508,1740.5594819713353,7.014235348176233,128.528783888847,121.12941129693955,9.607548296054658,14.355259692793846,0
SAT-3509,406.06991661707127,7.668954814852422,156.7072140707312,92.52048254905428,32.567680129866396,1.1787273361645658,0
SAT-3510,869.9743851331027,7.415949782391507,32.86777491513723,102.02642724450237,0.7357849431432565,1.6790442114714874,2
SAT-3511,413.92811417705695,7.691491265129614,123.55422187340972,92.68132181113951,0.2641584806401786,3.9962517701006557,2
SAT-3512,1958.08332691442,6.903734129903839,63.46118560364733,126.15155556635925,0.2386752916207524,15.250143115538384,2
SAT-3513,1688.8556423621224,7.005435259721115,176.4948902935127,120.05315025817345,1.4932170383079868,1.4576095673656966,2
SAT-3514,1749.33061611815,7.006591850395396,53.80544867113384,121.52456674435813,0.16279127011960903,13.074635745211827,2
SAT-3515,1894.54089343762,6.936379784556763,1.2947320814147933,124.6163454906451,5.220846160588798,14.283629237769352,1
SAT-3516,444.6759264036351,7.714958470575188,92.81519532357213,93.37913182910653,0.636835224205841,6.108097089069078,2
SAT-3517,955.5159072726667,7.38951707868837,27.131595169668792,104.09666979917446,0.4659061911268436,4.772920957326294,1
SAT-3518,420.7593113748036,7.652677027948101,8.008996827311838,93.07386447732225,1.2101152475109498,10.870305879292788,2
SAT-3519,658.3482726350487,7.5091617795494425,125.68846175058754,97.76797810262403,2.1219371272218828,11.271890149702543,2
SAT-3520,689.921820964043,7.4758232075760125,131.80667085152217,98.30843730208119,0.13327871323780885,12.501636888904073,2
SAT-3521,1097.4822587808837,7.285042129224456,82.92582236097046,107.14011475768308,6.6414070023392915,13.306011823129918,1
SAT-3522,756.5556846711925,7.480524689799722,121.8393930161839,99.99579225320274,22.274671301880463,4.367487750596206,0
SAT-3523,471.66278159019384,7.660862131910319,96.88310068448409,93.85301039699706,0.34113851368767606,11.022689469997719,2
SAT-3524,584.734851459983,7.592459895376299,113.3641993899477,96.30608143300846,0.17383719665667619,2.245001016126341,2
SAT-3525,550.3684580385545,7.593378311793211,107.40671517383302,95.63261774620672,9.56062481204313,8.220628171552043,0
SAT-3526,1954.230556450907,6.912973528409944,119.84809753000663,126.09694577522691,0.17766225724544144,9.84490197255025,2
SAT-3527,1590.797261761405,7.080977164987207,35.93351676117083,117.84812476620505,0.0664868083435882,2.6715377931571127,2
SAT-3528,1945.1944909582553,6.912822301668574,48.367191606606035,125.72031783975333,3.6032937258408864,1.3164539815406988,1
SAT-3529,1047.5588270634444,7.3644540298369465,79.19336691138456,105.97556503753275,0.2619535288047774,3.196465951791468,2
SAT-3530,773.2264188265162,7.4657119014297715,80.30304169545356,100.20545188939708,0.163832942389682,6.787361090852637,2
SAT-3531,1657.0984352556175,7.044596166487201,139.39410808564276,119.40134936358415,44.032995357993876,14.216671547264458,0
SAT-3532,854.6316606699495,7.38298374579535,66.13085866131577,101.90976388479946,0.375461105491571,8.557439350102161,2
SAT-3533,808.9517352990921,7.446980833738438,29.250928090652828,100.8738244163676,25.662553925907794,12.00103697857045,0
SAT-3534,695.2601867533131,7.527320027545203,45.263874688393656,98.5800217143957,0.17124831305307195,2.8688979998340005,2
SAT-3535,520.4542629812001,7.583894725871316,38.65203042916111,94.97723244998464,14.318627812846781,1.7850533490780849,0
SAT-3536,735.9872037285022,7.474025074600721,131.69880346608394,99.41545280179233,1.6033436771847411,3.9099159863526127,2
SAT-3537,904.0435724056091,7.417888422632863,84.66113063267677,102.83954545775408,0.08605068100514802,5.090698563366709,1
SAT-3538,1445.7901538477417,7.111394954857374,127.55352563477702,114.61294646905681,7.939367136100981,8.814822099272972,0
SAT-3539,406.36023177306765,7.690153620846979,74.91954253637284,92.63927625828516,23.724120406956416,14.111768793794608,1
SAT-3540,657.861797431083,7.5199017182125365,160.15240845070292,97.60505221059175,0.15417749150425328,6.8748726067601105,2
SAT-3541,1675.3401884958498,7.030559713570234,177.03365539009224,119.50809315970507,7.5117431797448475,8.348891186735024,1
SAT-3542,549.7672700924103,7.56664844879688,120.5716515664701,95.64810957509538,1.0817516381762031,0.1733552221602383,1
SAT-3543,882.4967490882866,7.420581005128979,155.48626030251938,102.51739618778927,9.13232511349097,0.6296617999714574,0
SAT-3544,1769.9201671588382,7.0465239407722535,91.42798809097128,121.89508593253514,6.930328948116394,1.431930278848007,0
SAT-3545,563.3730289438524,7.597307089475622,168.23175126370342,95.67136977653239,0.06008564059771063,11.214005959116555,2
SAT-3546,440.65262055092285,7.632383246973682,149.68556742110903,93.32152585905783,0.17184350106514687,7.830442763473486,2
SAT-3547,1123.7145916360184,7.315462603910961,178.52014291788703,107.64737417707096,1.294350015164009,3.168083056656544,0
SAT-3548,814.1131691735119,7.441879281662135,112.1568723590005,100.86221534329134,31.604761698388547,9.522331075168124,0
SAT-3549,1257.794219622552,7.255869052651606,140.25721324828115,110.6631168001812,0.5311172104136583,8.759333213922673,2
SAT-3550,1666.4683138219077,7.058348040886014,97.71626519607842,119.53533370373033,3.85114982896931,1.5119088987789322,1
SAT-3551,533.1524298596634,7.539389312840277,46.64161876885611,95.11400562505676,0.0543527147811716,10.282563086202625,2
SAT-3552,1287.1884437422846,7.1944121738109015,63.855930803356394,111.1222691394107,6.797524302898712,12.297762474825111,1
SAT-3553,1159.3648926627686,7.294354724859245,160.9209746516369,108.18711668444922,3.2223654512918403,4.656215082574641,1
SAT-3554,544.9339362224392,7.59481060274282,10.070630387751702,95.45661213637132,7.000905962794156,11.031072905709491,1
SAT-3555,1360.7974253992702,7.159594470040362,106.46637949339348,112.79277147411028,25.879259379956014,3.2755403204396654,0
SAT-3556,765.1887103633118,7.4610292921000445,67.04712585073956,99.97120252854624,0.13755196652065352,12.131988138016743,2
SAT-3557,1129.3183415248213,7.251900616511759,69.60465684100002,107.8684203914626,0.3046062375769555,14.597209289051252,2
SAT-3558,439.86295127100516,7.6483449349304315,159.22281715447812,93.09317241444306,48.56380211901825,7.125687268446188,0
SAT-3559,1081.2928972631591,7.35769128531084,153.6880274183208,106.64773906205957,0.14717087767552264,3.989491043564724,2
SAT-3560,820.9878956727946,7.4607508650014465,107.79162760304436,101.08066700021652,7.258569239407919,6.446909564943428,1
SAT-3561,1698.0480590151024,7.072228824267231,49.125392532780104,120.19667716922143,7.485102223858595,4.076231815225898,0
SAT-3562,396.8638358955261,7.692024071788332,85.58214230916433,92.35680016298639,5.596947626918249,0.11970607468536966,0
SAT-3563,1011.6323673611608,7.368450068351297,73.49281088205889,105.25774338606347,0.24059786670072164,10.442260127690677,2
SAT-3564,1079.3334210234448,7.353920742528979,63.65124525644915,106.63063589583743,0.2209897822492516,0.7761736071989308,2
SAT-3565,1532.5103297085018,7.109188882581751,18.501404140313355,116.45622395234757,4.988766858935924,3.4452127694539736,0
SAT-3566,1276.2888776533587,7.21588874422581,97.76049960875767,111.09143934297683,0.18101749794774943,11.586947942464155,2
SAT-3567,1434.2609732301078,7.166853249559459,54.32963361740705,114.61873621312091,4.826807729838753,10.685027721260957,1
SAT-3568,1620.9837856079855,7.091302453769879,118.94542972695511,118.52067872475314,1.5016020427243335,1.265929701534034,0
SAT-3569,1765.745055218921,6.989522205759228,57.456708448595535,121.665021824334,0.7225312032476695,10.594870383157325,2
SAT-3570,833.5883444281999,7.423707812620004,77.60942876426431,101.57919484338157,0.3978020826256879,14.896140744254943,2
SAT-3571,1214.638599118635,7.251688876856607,9.424867354993356,109.43952716583959,34.809741990180406,1.284589257389112,0
SAT-3572,1728.1837333466399,7.031962501807967,178.65685258298598,120.86521624575714,1.6720566119918183,6.709442820058516,1
SAT-3573,1982.066922640596,6.923859664573806,91.36986898953165,126.55807481275411,2.413936779724524,11.697998852814848,2
SAT-3574,1812.1828287743974,6.9507506499869045,4.362766949551107,122.66842388297151,35.215856733255805,10.716795750528822,0
SAT-3575,931.4943464614405,7.426340747461889,97.42151857700593,103.47824774478119,4.577221809845792,3.7015176252650233,0
SAT-3576,631.7830792717057,7.5317303313230735,156.66371987501694,97.11346567316961,37.370489593157856,2.6927697121976313,0
SAT-3577,1131.9673135912008,7.283437039617898,139.05938416791648,107.79892028690675,0.10424859869165888,12.569527364250819,2
SAT-3578,1560.7904681212717,7.070919065874294,126.16320314330174,117.17275838647483,17.333605162067556,15.304290018296866,1
SAT-3579,1137.367420280606,7.340083371400183,25.103637827826283,107.85192032925566,0.5072404607951758,12.304577133930984,2
SAT-3580,1121.4074676332366,7.298714341125619,118.39267421774503,107.5331083096277,13.503071880993707,15.414951266944227,0
SAT-3581,1724.991715839061,6.999695858845699,137.93370804220686,120.80414356840437,18.4450517027113,9.71942724377898,0
SAT-3582,914.3864244142168,7.414056580394731,103.03543151378939,103.22371391790173,0.32616222624467056,14.87267188500148,2
SAT-3583,1761.6509471797976,7.016265728023401,160.69482081366328,121.63398537903083,0.8422904058795736,11.077927543263701,2
SAT-3584,991.5681616179301,7.354151246080698,49.858160721279376,104.86858150830713,7.533782314330635,14.551267528197277,0
SAT-3585,857.996279653177,7.442383669223118,43.5860459530651,102.00611713467012,0.09911443212495277,2.6692645907164936,2
SAT-3586,1071.7828490394882,7.301642573846711,156.52255408967628,106.56037674973082,9.23784364556993,13.067486930328787,1
SAT-3587,1596.1598297472763,7.06336091456834,112.57168373846143,118.09342354361394,0.10724789639331327,3.228258235159895,2
SAT-3588,514.2034473687903,7.568496320071318,0.2604996937798787,94.6502091189993,27.690908281046145,0.5361227209407206,0
SAT-3589,633.9126669824295,7.516927698138464,63.56365353198945,97.19690652923434,0.33727789928277857,8.329619531283111,2
SAT-3590,1917.4562036272564,6.970922642260398,154.41407744664141,125.33766914453038,2.665434685566762,5.1602033109333245,1
SAT-3591,598.3357665483076,7.595464485564346,4.917512095513792,96.47860139129685,0.11231312327854157,0.7921486524294841,2
SAT-3592,1265.1364404827928,7.226219211073509,0.5846270870715986,110.39876799167017,0.32169882031296687,15.686839621777734,2
SAT-3593,1284.8345933252945,7.248861388421163,50.62667229452336,111.08852533534053,0.8143950678060745,10.696810918290886,2
SAT-3594,1132.361585485416,7.2853453501609335,164.52000666167,107.81964586049578,1.4458280110434707,14.43881355412802,1
SAT-3595,1396.0669225805916,7.15888083473016,162.26596466460293,113.27735063757329,0.050023318296961945,15.985413115363976,2
SAT-3596,690.7054338559512,7.514142307650269,93.37715024427142,98.56263265494077,23.17060061550355,6.332271113070363,0
SAT-3597,1239.5258552204718,7.234551249663935,99.58263680513207,110.05256584914929,0.052722310319014955,4.150318756872431,2
SAT-3598,932.6945339197251,7.383197645262299,59.761442037093985,103.56462488499044,10.471856766326363,3.0237618437205778,0
SAT-3599,1424.8343413696214,7.173387306929203,43.872599165005774,114.1478311272102,1.2903476684046784,8.291475013882346,2
SAT-3600,540.0800237343541,7.597445698436578,146.73993375818128,95.16802982806128,1.8647047582801681,9.736684362284304,2
SAT-3601,1270.4916086271096,7.236621018412394,19.133074889935457,110.68967889697517,0.21074944632867537,7.611521502917144,2
SAT-3602,614.9596041516503,7.574260113920958,87.72378675815443,96.75631578336265,3.3195182096855094,6.25730703604635,1
SAT-3603,773.6932072955619,7.477015412491401,114.1915067094752,100.27797551542788,2.044870133442022,2.7755337590001408,1
SAT-3604,671.8066605500915,7.503680179656679,18.66245226678526,98.01962030057625,0.15548167985798905,7.12556801858892,2
SAT-3605,610.8242257769891,7.528811886488031,93.52927718502231,96.71165403983538,0.25901624818171737,1.4553658795571327,2
SAT-3606,1703.7086176531338,7.028932121883154,103.95383182423977,120.25762696383605,0.07937447967549453,13.85425936631271,2
SAT-3607,785.7028650235136,7.459556866236633,133.64929089132568,100.54169459561972,0.0790352298427683,0.8457521683575546,2
SAT-3608,1876.1104291695638,6.95387938853546,42.270488846555914,124.37240422136855,0.05499172743038974,6.152272381531719,2
SAT-3609,1948.8750930868246,6.9213424467062294,52.798950592336496,125.99215763289311,0.22929415322265245,1.6921921177831993,2
SAT-3610,1271.1427988930654,7.27373513908995,102.51380639394601,110.86013650819092,5.4695763183244335,12.422189941526543,1
SAT-3611,543.1019085317348,7.566178661167282,176.96275379669055,95.38835794882341,0.4442384741406362,5.072517963364036,1
SAT-3612,936.7320137452881,7.345661588356603,39.1487729076206,103.49603514390702,0.5335471616976379,1.8983792411756215,2
SAT-3613,1656.1448476919638,7.053388983128197,177.46268888222352,119.26468804953066,0.12436156655091257,8.55071165194577,2
SAT-3614,924.5642387850198,7.384088350236296,128.58165594980662,103.2905571012903,2.6630664746815342,14.668804414949687,2
SAT-3615,447.92927111474086,7.6519076432739,148.69477253340418,93.2146817479722,0.5313747687530036,14.547453450795333,2
SAT-3616,1246.5343485779194,7.245397361207419,16.13542828254106,110.3817952878617,5.34466408333735,4.069451554011359,0
SAT-3617,1736.7054475432592,7.037326868721672,54.075633737513805,121.01996964475396,8.382014559475973,11.542588847767712,2
SAT-3618,1653.074858143954,7.017944833337666,10.392530337176588,119.34043724617582,2.8382368219329814,0.5815186661717611,1
SAT-3619,597.7093382216005,7.551841456078264,66.87845910057155,96.57949675224742,0.3366499968746603,2.196443564404451,2
SAT-3620,1443.6998445011934,7.150458303647984,176.63213878560936,114.64078122304493,1.6780055864142833,8.041610687989095,1
SAT-3621,674.8572478406002,7.536866097291148,18.949151197140925,98.15936471500981,0.28494590391010177,3.7372273083647993,1
SAT-3622,670.9528087386927,7.567410678450934,101.2271008268159,97.9550151175291,25.568691923902524,12.792363477966195,0
SAT-3623,1785.9220146188147,7.0095737059910395,1.0927121064862177,122.37959222267031,9.956971283152617,14.904047535637314,0
SAT-3624,724.4372196583913,7.493996576667704,128.2829068879313,99.13964645748312,1.5065644745134452,0.16889973207623754,2
SAT-3625,747.520489080619,7.465161510485357,35.49468462696739,99.64968916571654,39.38595985213215,3.8033616906555787,0
SAT-3626,301.1107642942092,7.717962574913609,23.325216682457327,90.33221401978473,2.183918084121136,7.088898202612014,1
SAT-3627,1780.13735801338,6.981085606629093,60.66320618894177,121.97072918153849,0.48370038738652776,9.052960684802978,2
SAT-3628,1647.4111824555291,7.063682735166873,138.78797362901668,119.14236950424282,0.09668785079498347,14.662854163714407,2
SAT-3629,1366.4591896541526,7.18258210558884,19.190355536017943,112.91222317807953,2.1389810586595055,14.280947499193166,2
SAT-3630,1575.4517986960318,7.055956508977395,41.37101924376517,117.41612579907655,19.06425502892706,10.231004581540658,0
SAT-3631,558.4825646216361,7.575634017913034,1.5235958911157166,95.53390445115495,19.91251833992342,4.1924694239337645,0
SAT-3632,1079.1501107988784,7.332080104824558,174.31467528521125,106.53440431814303,3.25590109946737,12.554276177065946,1
SAT-3633,897.0729584929275,7.4126161449918815,106.58620799799549,102.89488857952693,0.7573298835670161,3.3221631634669855,2
SAT-3634,459.42009463692807,7.650525381896734,129.5819345492459,93.57208757249454,4.465385199812555,15.446239953139386,0
SAT-3635,1126.421824865371,7.2990918432003005,117.24897080808262,107.64427521901705,9.669211680659046,0.19285466017056824,1
SAT-3636,1865.2574055824803,6.989239123833606,25.985620596541384,124.12588064608809,0.8587057233474127,9.159351012135634,2
SAT-3637,368.1005023861806,7.695457157146875,107.08918901891894,91.64973427965138,1.3419381881361618,1.5055162260538815,1
SAT-3638,795.4835529394496,7.45016712576442,23.65480712542718,100.55531274064603,5.505780920491474,6.580832529894139,1
SAT-3639,652.8195915496958,7.514931995143604,72.22256171336302,97.56132079849279,21.32690442262915,10.195443290935632,0
SAT-3640,704.8493112316837,7.510491667871503,102.41336446655275,98.8869095861713,11.803237305725759,11.06461607991147,0
SAT-3641,1844.338738194938,6.916747712901968,100.59860053838807,123.70815019191154,0.05836387414707882,12.59055456781557,2
SAT-3642,1095.717392198293,7.302724065647741,21.433216676893373,107.09253330701839,0.1180557203970161,9.533910473959844,1
SAT-3643,1092.709001997692,7.303765394025138,6.198474536373992,107.03104495039643,18.08441835433968,4.095977685447312,0
SAT-3644,1592.97859217398,7.047342432356039,143.6821764972865,117.82596266395227,15.864941990919396,14.239126562664458,0
SAT-3645,562.6367468083738,7.5635143659647905,130.66603865928096,95.95853019673606,0.7334835086442556,12.996607866917634,2
SAT-3646,1128.3511019700863,7.306688605091754,14.72740282165285,107.74650086415805,2.8301129683544564,2.6448318515389153,1
SAT-3647,1030.9748640058015,7.342907840308845,22.93479338427962,105.71381771331899,26.091854715533376,13.241527828904799,0
SAT-3648,1314.7481739293153,7.203582968980145,160.66507975013164,111.75010727483627,27.142262562544413,15.56504780297666,0
SAT-3649,1999.2480955257456,6.906931411060898,138.4432022919204,126.99176912459497,11.175025983964916,10.23178395724589,0
SAT-3650,1608.06311993948,7.069793893517165,179.30885331900134,118.38538607766604,0.21268497935697553,4.5807030475109105,1
SAT-3651,976.3716951296262,7.390368234411571,45.71774085690391,104.51583067581103,7.759226443382529,9.744841917247287,0
SAT-3652,1706.8401888658798,7.02706306934233,87.80453799638668,120.56624487049545,0.10052296764499864,5.546307599457954,1
SAT-3653,590.2042176312164,7.5378874093945205,42.56272369122402,96.36101890053006,24.03174918525459,10.847548883212669,0
SAT-3654,351.78826672523223,7.732663679017447,112.10402492591575,91.34414471729404,0.1400929934043354,8.762319355348387,2
SAT-3655,647.5622331892641,7.543474818502682,20.774563036437236,97.47025980493098,4.853062950027414,14.878900732227045,1
SAT-3656,878.6996453942414,7.403176073388037,22.903771093745956,102.39610224908662,3.386100369011988,9.924745836892765,2
SAT-3657,1167.987287681252,7.246237293277926,12.939820452922074,108.51220236628595,10.707028827688433,3.5023087712619887,0
SAT-3658,1345.7195389200397,7.194999106758009,124.84549480755005,112.32613893368514,2.2578886029697847,11.629246986135966,1
SAT-3659,1848.0297192645169,6.961654139032432,88.93306393797722,123.7121978092456,0.07545182181633378,4.8839652539880225,2
SAT-3660,1166.751816235778,7.303384138782249,111.1916189438334,108.49367698841446,6.554035153735735,4.431016151885989,0
SAT-3661,1152.16859586374,7.272027721830007,158.2741883860846,108.24712495252571,0.7053971178025679,6.329248346634604,1
SAT-3662,385.41311669906963,7.664128999197123,133.25912725596456,92.14539161366032,0.456904050349197,0.2907471970965429,2
SAT-3663,359.34963951558046,7.713650379343038,83.11012527000437,91.5244598437243,47.20528814398237,15.509336496564357,0
SAT-3664,1236.9719352578325,7.256769920039954,177.18407791096075,110.21358904738958,2.9523599289716627,8.564064670603303,1
SAT-3665,1044.9036425221857,7.334771889200404,82.12609820555518,105.8150847977035,6.778400479869793,12.398552912580069,1
SAT-3666,1726.6066714665076,7.029542773118989,20.241121182035975,120.8895459834396,1.896480646662725,4.199850335808264,1
SAT-3667,573.1552940101368,7.5755813476774145,178.67785450548888,96.00640682780102,10.206760921881395,11.971228292974645,0
SAT-3668,342.4518255989843,7.710090783998553,4.107731402672514,91.23316061022446,9.019619374854724,9.118010986222352,0
SAT-3669,1063.365905481214,7.3455897418014064,98.97904070779539,106.19291889976951,4.6817514253110755,6.843892363094088,0
SAT-3670,703.7135464788378,7.518608282476163,55.63718796594767,98.78841547541519,49.22652608119922,15.533640696523745,0
SAT-3671,384.34443467602364,7.678098651882213,90.63938718305727,92.16827484469461,1.1977070518140664,7.9521150549278525,1
SAT-3672,1531.8170876409692,7.129002342695817,100.56833146701389,116.46106934634138,6.56972285619598,10.553591452045863,1
SAT-3673,489.70809992732075,7.574974426419239,43.21726133012777,94.327646940483,12.368125766159187,0.3439408446890872,0
SAT-3674,1334.1431500132119,7.233519282105342,100.23457603270714,112.22145914322464,0.6715434741474031,4.893137783328508,2
SAT-3675,777.7845752837115,7.432994820458651,136.09100016099674,100.12740159086134,1.1762376782939732,14.230195901945056,2
SAT-3676,594.9432856035374,7.551935370335461,47.9717707039197,96.3484852433639,40.40841385707762,12.1674490717447,0
SAT-3677,945.5775889628397,7.380176386335129,69.01670399650327,103.91964846099891,0.062494681020458936,8.634389175192831,2
SAT-3678,1662.4578195790211,7.0410425010369195,48.283684769530424,119.46096234566757,0.5068237596700642,14.412539343101239,2
SAT-3679,966.5590807377736,7.390562555908562,147.70075157787645,104.19623042729661,1.4375034357169814,7.830906160000136,1
SAT-3680,1576.3084036587948,7.060891065976596,130.4968066577274,117.42821240996977,0.05050855960441945,9.107462320585633,1
SAT-3681,513.3267045585562,7.614400471256338,156.81535869931332,94.69250927763359,24.90871407004278,6.176230270440975,0
SAT-3682,1613.7114134306346,7.053876767122723,30.60898072229867,118.30018514779063,0.3611629610306067,9.958636583893858,2
SAT-3683,702.7866523413027,7.512496489962359,13.244334868755278,98.59734100810259,0.296540831280326,5.172124341641894,2
SAT-3684,1451.5683208110838,7.136994831396548,21.489030694561205,114.5840370013413,14.452686769616424,6.229325622923479,0
SAT-3685,1261.8286432296936,7.228327490049635,28.98329990836255,110.72237328117326,0.3411298237313099,15.464587584995572,2
SAT-3686,1879.5460192598684,6.939685452374146,95.95487892146443,124.40068083526126,4.6971863055299,1.8698080088134834,2
SAT-3687,958.4482805580338,7.364310006290468,174.76417266529768,103.9525245505151,14.570667106044755,1.7735599894120515,1
SAT-3688,412.4808210185488,7.671282484180592,64.30237499102077,92.68351809174284,11.923411909380032,0.7887247093347501,0
SAT-3689,332.5643254371299,7.729968292848353,172.53148848483693,90.94687366039469,11.087208548583618,5.188707864188254,1
SAT-3690,1705.6595536536804,7.013142303141792,6.876143098052349,120.36855093311422,0.09223223100918816,6.431844955239995,2
SAT-3691,1192.0505840244346,7.24235323458907,166.83699650663849,109.06062184206424,0.08679823758907673,1.6027987407057858,2
SAT-3692,1617.9148881194137,7.075851179567213,32.607469314894814,118.39531407175762,0.41617895132843247,8.831182826332592,2
SAT-3693,698.523520019575,7.508206600692235,164.24549742948278,98.79303705540238,0.06409344980195442,9.374494311972418,2
SAT-3694,886.6423673724973,7.427512554592039,10.12093742078301,102.51007903013044,1.5858394374182518,12.041324428451917,1
SAT-3695,351.1765827592422,7.6822954607303595,170.67950054910588,91.33567704752816,0.7643921231948684,15.617893054191244,2
SAT-3696,1934.5369517759907,6.892046728594472,36.14368757739495,125.4721767935454,2.344486530413274,9.947700731949153,2
SAT-3697,1435.3754413913828,7.13502988988685,54.48853081316893,114.50644773400124,0.39385432629812306,1.875247826227032,1
SAT-3698,1886.4486491908206,6.932451154893303,88.36962193853246,124.29443350954945,1.4329532219742813,1.5075354676079464,1
SAT-3699,751.343892629423,7.479385690764011,68.52975862238554,99.62350389819926,0.5048987574617112,12.462995132040902,2
SAT-3700,1339.4881390836235,7.17724752989337,120.15503446736699,112.44540242737848,0.19257250554301794,10.440312643721235,2
SAT-3701,1453.4499460974844,7.152252255275474,175.46539810501392,114.82402009554039,4.436801997410022,2.6744388758343325,0
SAT-3702,839.8344904379004,7.42915397050028,109.15676834488933,101.58277717530554,5.239353590244822,4.128423565668191,0
SAT-3703,1741.785699526571,7.012458563968776,129.86737369857886,121.4165963703785,15.36968909858288,12.02882215795104,1
SAT-3704,1910.1744869304214,6.940970952503569,15.84094505502627,125.02107196165107,21.04870365876113,9.10187693070978,0
SAT-3705,1804.2537000832074,6.98651684181216,113.00623723260097,122.53514341641116,6.491659279781192,9.40150099379037,1
SAT-3706,1556.4138590969333,7.09044615967364,81.69295986835436,117.0448680895163,5.7738336123472465,3.4391378734777622,1
SAT-3707,771.6899555324219,7.480511056886769,159.4408244255331,100.01373932173227,0.0739600166651916,10.102021908357614,1
SAT-3708,778.747271579574,7.450698168274575,69.87799793575836,100.40130865385689,0.10673521487062457,12.35299466697536,2
SAT-3709,1937.7125447582644,6.954299866699761,122.30174592898544,125.6779024974536,13.69803070926398,14.175510384875167,0
SAT-3710,317.4836430906764,7.715051533434513,41.067671086634235,90.84250914513667,0.24993310764879237,11.813805464606983,2
SAT-3711,1517.2849545116455,7.082262860365532,46.68705603435528,116.32865356270646,0.5829954764120012,9.264372851043357,2
SAT-3712,1500.6184763439458,7.119776693156648,67.70203756600925,115.79784191622447,0.13641498052912035,10.804822985223751,2
SAT-3713,1358.5722196146558,7.164079411870176,54.73143675117049,112.62343275652766,0.19249786188116033,7.813272253970656,2
SAT-3714,1983.185038347672,6.920742245779004,45.69819109021347,126.64794104336346,10.597946198517512,3.7076820655701983,0
SAT-3715,830.1950407983329,7.484083576899638,8.940367062145674,101.27272151526758,0.3051749365031587,14.127090867073772,2
SAT-3716,877.9521684485219,7.399611993813177,150.61433971544264,102.38646715847054,1.1119234851081805,8.568699867362062,0
SAT-3717,434.19698500914444,7.659943903615688,11.574275560431177,93.22845301097097,0.14255554786741467,9.549661147241036,2
SAT-3718,1052.7568321243537,7.2924099794594435,159.72579280853418,106.07828885988849,5.404552292610301,15.842731728675604,1
SAT-3719,743.7824945992418,7.494013789265014,22.583770032250847,99.55603926560792,7.652074801354824,15.761749284534984,0
SAT-3720,883.7573937019952,7.394661703140858,11.747112671278625,102.48358393583922,0.608200759348518,9.422344661499002,2
SAT-3721,1718.772043434567,7.006915486098148,101.34085751652547,120.76829132967242,11.303422024094107,0.6399204660777124,0
SAT-3722,1890.3236729967427,6.924122837478712,90.43952266344992,124.480484696497,0.2622345800038057,6.39874585491301,2
SAT-3723,615.7462224088156,7.567850294766533,88.42222238973932,96.64653782007544,5.952255851538524,15.002963152809139,1
SAT-3724,933.265183640892,7.407359076941646,103.4107789502516,103.59098935861408,7.742188636652036,4.684074818778546,0
SAT-3725,1878.67195559617,6.9515198606463215,51.67018910144803,124.38264832695424,40.266338275574135,15.988372094621424,0
SAT-3726,405.0743831716785,7.652436678293803,119.33086921733002,92.56279556279672,0.24884848431875164,1.4406486770191844,1
SAT-3727,457.01289778934347,7.672289412556999,90.43239954729299,93.51989641930666,0.09552156835529016,9.133015477982475,2
SAT-3728,576.7446816505899,7.559369567714538,60.25382405231855,95.94272198941967,0.30766370891968386,8.295644826777638,2
SAT-3729,1311.861818015687,7.159659195267484,148.77012005653106,111.74715844426181,0.11683059650355714,4.16011132254643,0
SAT-3730,555.8028607101957,7.594986727376722,130.98979733880782,95.63640099502196,0.16145553194308693,15.18285337725709,2
SAT-3731,1945.729848466247,6.900876737527451,70.84986155003196,125.78973281756339,0.5027053878605303,9.944822238957233,2
SAT-3732,1059.4146963394846,7.34400869754347,152.5712013411971,106.42010541157619,0.872855282308679,3.7606297067703514,2
SAT-3733,1152.5805325952829,7.271123839626822,165.64648502011934,108.14751538359994,25.712403903440933,6.2063663456295455,0
SAT-3734,719.319646869191,7.5099110025185745,96.63592807518525,99.20560515518031,0.19311558268357684,11.567547887424794,2
SAT-3735,1100.632429139047,7.33203628268439,38.69144102824574,107.12624055445664,41.138355997783925,4.833377731871386,0
SAT-3736,1425.2531754829197,7.126150093071239,164.84258817845765,113.99607313110326,13.47192430630736,14.08573861277278,0
SAT-3737,1577.0011328218727,7.070420421656519,34.1063316171931,117.51150478296553,22.04876019337314,2.7342149775262232,0
SAT-3738,1581.5757406068522,7.078188614199543,8.716180755108446,117.72685835679079,30.71156682239231,4.305630928851094,0
SAT-3739,1282.41489157995,7.247494337301429,58.94766159716356,111.01964527633699,9.092715353551931,2.40388795252099,0
SAT-3740,1837.4116174895573,6.955332655691017,130.85394200298717,123.20515416990064,11.622766131225765,1.756443536276023,0
SAT-3741,1689.5933404203859,7.020215482924448,166.1893355436389,120.01919845348708,1.0290225551107157,4.875015233076436,1
SAT-3742,1586.9817949876633,7.086859730050425,114.71141642659919,117.66515776614483,1.6994981977397876,15.986942066733503,1
SAT-3743,394.52938685678305,7.664155464797839,171.3309384539988,92.35145706551268,31.363627316299603,1.599837670860523,0
SAT-3744,311.69253577340385,7.726176990208697,16.626751069661392,90.68959764350159,0.6819267690114893,3.4867348503718842,0
SAT-3745,661.160371232304,7.497747465047379,10.935671325843611,97.70653997463965,0.06680534690486359,4.418707105340233,1
SAT-3746,1427.9901096528688,7.193359111098461,108.75455113385954,114.16918049555144,9.71031147240251,9.94416198310804,0
SAT-3747,999.0357311003279,7.3272230177186755,173.90093804869588,105.02123677636284,2.620852256715987,11.950996572884856,2
SAT-3748,984.0906408088299,7.355209973750452,90.48983561185032,104.54063422073564,13.918674908756875,12.055745430179327,1
SAT-3749,1803.7977099903433,6.982162861687495,9.272740669074924,122.48748849612005,0.08426045581774669,0.237312112827416,2
SAT-3750,1822.4568418241258,7.013110660186627,39.81935809394211,122.89781517518549,3.6531371373432386,10.464422294911497,1
SAT-3751,1845.5979488910957,6.938531113724069,44.06272315483872,123.5724131158252,0.27675002469786747,10.128716381936938,2
SAT-3752,833.5927300755465,7.477811013069062,60.814283244650994,101.46265781893888,25.63160418136035,8.330709442049047,0
SAT-3753,1474.794881656745,7.142859943554937,7.848609045518273,115.20129354375811,0.10683162232564772,6.12941612631977,2
SAT-3754,761.7764081664284,7.483830474991211,162.88068608962493,99.91940908260152,16.911332268776718,12.779362739633555,0
SAT-3755,624.0367162265646,7.529037251644596,92.80151004986915,97.19135937052219,0.09217916297907872,5.5677046473903005,2
SAT-3756,613.8751774905277,7.5656416696264275,120.76754273173964,96.72986800921784,0.05946508867259824,3.75719512649496,2
SAT-3757,881.5829554681098,7.399017336759682,12.091110641101615,102.25171800335818,0.2535994424893391,5.0305132756250455,2
SAT-3758,1030.9279536256968,7.363650083900338,9.740784204656892,105.67301010724506,0.49900354061671687,7.0904018822583375,2
SAT-3759,1712.6135907936161,7.002664277396326,105.5641989672985,120.53919151245442,3.7892767030677788,3.503512469243559,2
SAT-3760,503.81485890361057,7.612184097773218,159.71328189075746,94.47675692946416,0.12420634910747358,9.760382814667235,2
SAT-3761,1549.3739405713202,7.082973918800125,95.12676017271846,116.98236880228382,1.025557004346732,14.158926319939141,2
SAT-3762,1203.473354121819,7.234502003023704,158.00745106261286,109.42627018285397,0.2050032804402998,9.567815974176993,1
SAT-3763,789.5070825491872,7.475825667446791,145.97842914994308,100.2813329636329,18.402633161762488,7.202026088890363,0
SAT-3764,1137.7932937058017,7.296619344717147,13.653681443085734,107.85797514320689,0.06821337350716097,12.770213382975973,2
SAT-3765,809.9015186209385,7.474576971683409,36.35234538942418,101.16359082770165,0.5844982085321966,11.993814103705006,1
SAT-3766,1313.3393239051202,7.166609837241902,118.38792044796165,111.78827193258113,3.9182509200564195,5.936224132338069,1
SAT-3767,1037.5346688539153,7.356327494562184,79.83024885900748,105.83656387002083,27.43055144759165,9.706040183579253,0
SAT-3768,579.4893994340939,7.622991056419051,52.3259664564457,96.23043899809609,20.08862780653994,11.70450147905606,0
SAT-3769,498.1912267446844,7.608530685375853,75.35409408863623,94.43347925419033,24.240747224355427,4.002865802509112,0
SAT-3770,1229.3826595226212,7.279780196009679,80.13593632871418,109.98352156457918,0.07718446271973826,5.923754677438619,2
SAT-3771,1834.102156586376,6.964642286755629,163.89940514788736,123.34984592327471,16.662485662495953,1.7818395217445313,0
SAT-3772,884.7280671480654,7.384431952876923,18.622491066891545,102.56744339649305,10.932204320583752,15.80411642507865,1
SAT-3773,1546.1001822784594,7.0894332977733345,50.3515344253707,116.81247835022202,25.48384483848751,1.4654546417278589,0
SAT-3774,1419.7243033976038,7.173828099309907,96.7616669848885,114.07539838413749,0.4302281332257217,2.7808373894648812,2
SAT-3775,1883.6433543261178,6.932195159133599,125.6916467935065,124.33738914576531,27.18099327794176,7.729327999659822,0
SAT-3776,1695.6677294085396,7.017450615267851,113.51471201266385,120.17264353922283,0.8070366533191143,13.857822153358175,2
SAT-3777,1263.228940139287,7.237676783189123,169.495692792731,110.52196210258421,3.9927218910730042,5.758524164872555,2
SAT-3778,1416.9518469979823,7.154198293787168,143.20960646750518,113.91825130565684,0.936498266809313,12.320678745748399,2
SAT-3779,1827.2569931928592,6.984507137629479,100.27383155539745,123.09557235429557,0.9592135297627397,10.848941765728155,2
SAT-3780,979.1819337977892,7.368859389599556,38.64288450123135,104.42742569241602,2.1821322142278987,10.254758826838893,1
SAT-3781,855.5509999582215,7.4364202466728315,81.15736165240317,101.84531133599288,0.5844537280362936,13.535774290372757,2
SAT-3782,318.3788421798338,7.710619694230074,124.80880395500593,90.73189096342958,11.944857887309976,0.3253076050951479,0
SAT-3783,1705.1368261254893,7.0299698548556595,150.83319147049528,120.42324602391744,3.980028762297667,14.873533313110228,2
SAT-3784,1661.6671906857202,7.025771303259593,172.75252039602972,119.50731597294241,5.864585050208837,13.28469626734706,0
SAT-3785,477.57268077025736,7.654790409919034,108.98149790482518,93.96054390876547,0.246646186477359,15.012088792464052,2
SAT-3786,1280.6575479255903,7.204886497813668,94.84548611479784,111.15141309570862,40.52246630230464,12.718047353321325,0
SAT-3787,1088.7688868837085,7.3323888318543355,3.184546161806696,106.96188776615438,4.780774921799614,14.069603378522931,0
SAT-3788,501.80546236548946,7.610888161968947,12.97783244703239,94.55671969258077,0.19523496455443223,3.328940966371719,2
SAT-3789,1966.96598600323,6.918190460180048,28.098899574732048,126.29982441094498,8.921558647620447,5.175742163345103,0
SAT-3790,664.9830086877042,7.516833458466038,9.856787614133054,97.92384504093893,0.16600161527711801,5.112014114184622,2
SAT-3791,414.29810615395394,7.644190538150231,72.15538298488677,92.8258337731591,0.07746841907073451,1.8357512594611025,2
SAT-3792,1311.2405451532463,7.168295881601352,60.63813812499699,111.80651831649331,1.9126266057593564,11.700310159024994,1
SAT-3793,1556.0733511261556,7.069974552736787,114.72374841631073,117.19902755024425,2.2884523121445097,2.2651171937244583,1
SAT-3794,355.15385828021783,7.691656206974133,96.41971942801248,91.50178000884408,0.1844449328192804,0.9348957406570643,1
SAT-3795,1419.8199858359376,7.157057679685868,107.27473668981474,114.1157904378345,0.5547621686500607,12.429605233875515,2
SAT-3796,1204.8961891174727,7.273778803132374,84.95589652877774,109.50751306007855,34.37778501660404,14.484144398737676,0
SAT-3797,475.5505150875823,7.621233141488504,49.992686739766285,93.90291793481148,0.35807969967267034,12.249561232645618,1
SAT-3798,593.2905908088155,7.54773552080111,171.50855669036588,96.36771956477108,0.1464448780224064,13.223100184028423,2
SAT-3799,1265.556305437337,7.195850523701494,15.553648756825014,110.69101261116673,47.49587362118575,9.570384677509262,0
SAT-3800,803.8079429725902,7.463161185424826,169.0003799037553,100.89335309553987,0.4035400221298558,14.215166772844574,2
SAT-3801,1895.1367387072373,6.97178992041891,56.022848435652236,124.74763827470694,5.492006262323012,7.997585369489896,1
SAT-3802,1691.8583901228862,7.056444349529324,92.27906016611354,120.06316258936694,0.24754294229164564,15.814329633950692,2
SAT-3803,1972.064251073227,6.926236268622431,19.591618108958304,126.24944156353749,2.2352885592342413,1.7442991800342378,1
SAT-3804,741.4404262157038,7.498938813597155,12.767592306781667,99.51651130739855,0.7208019687325922,12.965973236552003,2
SAT-3805,1948.530175756561,6.955759483360733,77.31818076934852,125.77402418639335,38.34491574314066,10.298091714579277,0
SAT-3806,1033.0975786456484,7.343883234650907,133.50552774834208,105.52495403103674,0.9940028462954259,9.332272484717002,1
SAT-3807,890.7819520333828,7.4217125888170505,48.48565995873881,102.51547855102181,2.828085641728405,11.64038744069183,1
SAT-3808,385.5941958479005,7.674358011939459,101.22262000835761,92.15211958338075,34.14041547798762,13.460635339701696,0
SAT-3809,389.70093836132446,7.65119965011579,50.1570612941073,92.33958504012354,46.416554981493256,13.819856662764106,0
SAT-3810,1476.419135109313,7.113301746012888,69.95035096074734,115.30938452487389,0.1009125304064762,2.8885573108093614,1
SAT-3811,1078.4792905378474,7.314675299620154,163.16033732528845,106.66812914059712,15.919599601190363,3.2328712830722113,0
SAT-3812,685.0867642613797,7.517218463522548,154.0511325890855,98.43007862402398,0.7003570212198763,0.357047501266194,2
SAT-3813,1343.7495207528955,7.226524117899471,92.88315781517338,112.23938594519423,3.044080429108509,2.1962950788971374,1
SAT-3814,729.858801025189,7.4938960388580895,42.859012944974175,99.30099633675425,0.6669821958650408,4.295731636313801,1
SAT-3815,1281.9739823855184,7.24052806517094,34.77310429194411,111.04539511001397,0.7985803530015861,11.564469578549497,2
SAT-3816,910.6548698705736,7.389971597094326,171.73572354642857,103.12010107962077,0.14981062376611015,7.66470339313991,2
SAT-3817,1700.0387852400925,7.021320131154191,36.488987371923756,120.22070217522445,2.6137821010051154,12.150666215785876,2
SAT-3818,1695.1834733035248,7.003088240485213,145.47029596425705,120.07874739806329,2.1833222576833418,7.835919980336262,1
SAT-3819,1111.4956768080824,7.283855733223141,66.41463771639671,107.37082247147379,0.18494277507522347,8.933999501268495,2
SAT-3820,896.3924858695265,7.416469223553577,177.4187725604829,102.92576119028134,2.109411417374456,1.8659587268379616,2
SAT-3821,916.3516541504607,7.395931875995695,66.26803326530181,103.27055719434634,41.521750284286924,12.447276726348917,0
SAT-3822,1669.7146936359704,7.059651520388958,63.2729924839307,119.54111530797668,6.953377243081678,12.154211861972922,0
SAT-3823,857.9051207559404,7.429243433249806,114.74345319797216,101.8115102746253,1.386493005724876,4.990229307721851,1
SAT-3824,655.4009353016382,7.5248141203272825,173.07302519282746,97.52382063209797,28.004122005903035,5.3243914370263905,0
SAT-3825,443.97018118802157,7.690772714802017,175.71772904335793,93.44751465906312,2.66019255605971,3.5929350641128543,1
SAT-3826,1093.3783055034942,7.305676476968738,127.29710636405734,106.87158494876269,0.12709076694752341,13.040050848974827,2
SAT-3827,1119.624568163731,7.31800093003969,135.82914581454366,107.49921436221915,2.195325630207777,11.977408151192307,1
SAT-3828,1729.5448076849423,7.006718948487625,101.41239167514497,121.06129165515668,0.17453774089372562,9.785449037129618,2
SAT-3829,676.1057839583087,7.534982496992021,136.03963304381975,97.96276199935052,10.034240837829735,3.8972714397621893,0
SAT-3830,947.6851652362799,7.398492213857613,154.76033789468937,103.9999026653682,39.85590244920575,2.8324679885585335,0
SAT-3831,1674.2897561192747,7.042960381858058,87.49715457510419,119.66860440656599,0.6045409970733375,0.8992747336763484,2
SAT-3832,1700.160138273255,6.9804111592152145,111.57520730941854,120.15690472347785,1.0086108708946764,0.8252225602784597,1
SAT-3833,953.838829163906,7.377196324479128,96.71700514194859,103.95694753751116,0.9193045399147842,3.075464622952399,1
SAT-3834,1080.5108395873576,7.3384704670141465,101.2447104351619,106.61835995587869,0.35881445603251505,1.698467263939232,2
SAT-3835,815.586014443781,7.457999218113872,160.20862377730936,101.09579335126585,12.064515868062728,8.942111999466844,0
SAT-3836,1885.3432933128306,6.957160051876513,64.01102943700263,124.36984077176143,3.5657837590209844,5.793633031932185,1
SAT-3837,501.69440176068656,7.581176694804259,37.47312460811236,94.31285534567793,0.07782599376181672,7.174637936473526,2
SAT-3838,1887.374019102499,6.932979837450527,82.13041984925324,124.45850940614928,16.420599525200846,9.545668219036317,1
SAT-3839,1462.5729681200835,7.141501711930322,37.45533428662773,114.86480371534812,0.1820684511910396,10.579717751120867,1
SAT-3840,1203.6726595674431,7.262364689919418,89.71207661916344,109.3670953367673,43.2935789846094,10.40640734613299,0
SAT-3841,355.520403333643,7.722217971409372,162.63145896427056,91.38641370807493,0.6744650055702327,4.247619730451236,2
SAT-3842,1108.5135260974141,7.297259843179337,111.138033686846,107.24379608967598,3.534426427131415,12.973069622708032,2
SAT-3843,993.1717785046449,7.365221098463504,153.977913594554,104.83860665891542,0.08559351489340836,14.691583751715754,2
SAT-3844,574.0719803577083,7.576162554761925,29.914365530792125,95.97955540666605,0.5407043062816907,5.123419720848804,2
SAT-3845,1415.8963259511168,7.134883095263919,162.15724665669183,113.99918199681245,12.76532500516948,0.3713401234004807,0
SAT-3846,1950.956542526086,6.875682039437045,108.32168959328084,125.98895114715913,1.3508137733429695,14.39655156771123,1
SAT-3847,1255.7209788096927,7.237981958101679,5.7167619732863635,110.35984463384403,25.869048495225744,14.78442485396027,0
SAT-3848,1515.080569954708,7.11296623131139,113.96141195130663,116.15220752743703,2.6569619041608843,0.9100484025672332,1
SAT-3849,416.36576936222855,7.650979421304614,171.25145212696523,92.41655704749556,30.52717318599521,0.17880981056147505,0
SAT-3850,1010.033892888891,7.3163126267466785,14.250060085565172,105.20530584946705,44.340412124655494,13.080836049584601,0
SAT-3851,497.809424779643,7.6303700051920496,104.84210348452298,94.39381803719222,1.1498830781813576,4.8932673362813945,0
SAT-3852,1341.7529204120676,7.1836103176838995,164.78614851654865,112.25185749130014,2.479931711523611,14.641856460006217,2
SAT-3853,1895.4196689640628,6.955144687127563,1.7451303001874208,124.69409308171817,15.985710147549923,3.5462228149857915,0
SAT-3854,1425.0221452017854,7.187714187943968,113.56432676384817,114.29182466072437,0.23097715138742084,13.792358396412734,2
SAT-3855,430.5651821345166,7.612510865757783,85.48241252957328,92.99311076990772,19.22466256322156,1.1914438886280834,0
SAT-3856,902.9325484746408,7.388607459639301,62.45807735674991,102.80510642169389,2.98353011229805,4.24412587229218,1
SAT-3857,1236.1277450494476,7.234478386831943,112.95656819016769,110.06669212330665,7.5070690494021814,15.572749178415693,1
SAT-3858,985.4531854265288,7.390059766622947,9.486377025735047,104.52203272256239,0.08680246779060696,3.7760268038673894,2
SAT-3859,1717.194817807793,6.987368489400688,135.55134833173204,120.58668717438046,9.943357512107061,2.214906446793154,0
SAT-3860,1684.9407080069816,7.072853147293541,0.8063058455473726,120.05397696143125,0.4278886020565195,13.727168974320625,2
SAT-3861,1340.1127341754764,7.192410354293204,55.2484338826234,112.32058387537211,13.021674491150383,1.9730325890075173,0
SAT-3862,934.8785067255989,7.384477289624255,90.71255478324211,103.39026292173237,1.6843316878617853,1.6495521264141055,2
SAT-3863,734.0718353975151,7.486087656711751,67.8640051019793,99.15762124728994,0.3332828825253035,5.242459633613619,2
SAT-3864,479.98634096231984,7.618952474131346,55.345668337004845,94.07283194794964,36.07855170406152,10.201723254891656,0
SAT-3865,903.3260619271418,7.423361582011926,149.5503261842573,102.99417720915031,9.86636544515237,11.400867343081261,0
SAT-3866,1002.3932792531232,7.331132197625959,168.26986336894362,104.85553322643871,45.29270158820985,14.111696662855593,0
SAT-3867,1448.898972676925,7.146416795658408,157.26828328305996,114.74445009740687,0.6199828833853929,8.700493262749786,2
SAT-3868,1418.871701305875,7.145571816706621,94.03763634899994,114.1725038865323,4.432297520471354,6.355342809499509,0
SAT-3869,419.18383739013683,7.6465098645110725,159.14955153482694,92.996062766804,3.417716522259985,5.8054568131679956,1
SAT-3870,971.9408362329682,7.419452390593693,165.75508173267787,104.40050068310647,5.7761734707480334,13.565753382791836,1
SAT-3871,609.0240742695153,7.565224487269686,73.66291146854316,96.7770997545252,0.06515079243741412,11.60866342077438,1
SAT-3872,566.5815990385697,7.592189023527189,51.020254710980176,95.63221691045815,0.3750835139053367,14.496321318229715,2
SAT-3873,1706.413654553318,7.047535488548801,17.687737046397658,120.62154480888366,26.72900090541217,15.428163746132665,0
SAT-3874,371.25586841763777,7.660509459606635,86.23654578886122,91.76885470882725,0.934179147713747,4.870808293732538,2
SAT-3875,1012.6108890336062,7.382459408979598,170.33344567891945,105.14231394339515,38.097900355797364,8.521818487343348,0
SAT-3876,585.9462148030809,7.519187882984022,100.96335505266678,96.22158980399044,0.21851412840680146,10.145950837100843,2
SAT-3877,1794.8613666534059,6.971256943947094,120.16117832151089,122.54590193565068,49.11814137387956,2.7051982537456754,0
SAT-3878,1246.9688725675596,7.224332761022824,20.319087328532564,110.50633133821357,6.1903147455580125,0.9482178394072575,0
SAT-3879,693.3470818406416,7.5232417195545915,25.833539545606126,98.49701584745807,10.669652534916526,13.897446234433485,1
SAT-3880,1154.12638818284,7.282373299081255,83.60518715274105,108.37536599666373,0.7754495011747252,8.614823821010434,2
SAT-3881,1543.526811495297,7.093363099578968,171.22766381707063,116.79203586631327,26.30233883096307,9.175310040124623,0
SAT-3882,1928.8006151630375,6.929789134890889,64.94123548647521,125.31461014554463,2.16450556738675,8.923138092304482,1
SAT-3883,674.7582072172122,7.501949228426609,157.94712743715604,98.24368229767734,5.518043820318068,12.103875206839778,1
SAT-3884,1806.5090126198868,6.951710141666265,21.651946816628072,122.59448786274193,0.09624868803237703,2.4134809204444876,2
SAT-3885,1888.3169940847336,6.9615225646078995,111.06309724806782,124.65543989705776,3.926558814844902,9.86337020826737,1
SAT-3886,1857.9149257045126,6.973687599292029,108.11033584389327,123.94494756370213,21.68737400789999,7.564724234084319,0
SAT-3887,1380.2044066652468,7.202765338430987,154.77745501264832,113.25282559691594,0.17132458519170635,14.361634736172816,2
SAT-3888,1370.695112539003,7.159677952111345,0.5970067928822709,113.16608593689736,8.168603351599199,8.361972912551574,0
SAT-3889,985.4580764124987,7.374817100354997,34.18770009556299,104.87893236399562,0.05958984850481783,15.092666087779232,2
SAT-3890,1579.0763999164394,7.075140670070147,39.54377257730671,117.55793509198664,30.031640329034506,5.7167226074605155,0
SAT-3891,1203.1998311965842,7.278192945214263,170.99389585633273,109.25554559353247,44.43460792159318,15.473625831600849,0
SAT-3892,1451.6447210881006,7.158694673794544,27.66485812858109,114.57346763769918,0.5774444409166669,14.015011374659107,2
SAT-3893,1028.3784365429524,7.343805176844,6.653223039700869,105.79740203315453,0.1047590505016381,9.38978630679214,2
SAT-3894,1543.5439888733365,7.089901090073379,96.20306905352545,116.74412746796294,4.728235602743847,5.72398793977249,1
SAT-3895,1701.6015799277334,7.0460920188650125,95.1405232380627,120.41748747471365,0.06144316050492598,6.077181383495702,2
SAT-3896,548.9416362247874,7.602516831744864,151.92845376621557,95.40608730383792,1.4009700409976222,12.386758174686836,2
SAT-3897,1715.9805164761876,7.006934773593566,170.79473703200438,120.77938204296625,0.32681917529713,9.332038483587807,2
SAT-3898,1218.5041040435221,7.2205095308284,96.93817958522358,109.59796499413176,1.3151859666510115,6.485242608962203,1
SAT-3899,1735.9320454533813,7.00620856461799,167.39895283553798,120.95305485986361,0.05672787933039459,10.213273886453413,2
SAT-3900,1033.2129007797248,7.367492741985833,130.52864723396934,105.65556589657493,0.07141781410495948,11.758411026625014,2
SAT-3901,944.3688251511595,7.4045342588196394,47.620643039205305,103.72691933921199,0.055833839121981206,0.4641181496796082,2
SAT-3902,1855.603245279278,6.938544714834909,167.11572796990674,123.82255356159509,3.6005232068932416,1.5288185377684107,1
SAT-3903,726.9877548322822,7.4704304582780745,120.13977171273746,99.18365220077726,2.3946870044310917,1.602318502472559,1
SAT-3904,1735.1609529864434,7.037806396320685,74.53726789367408,121.11772370974859,0.25029028910368656,3.7877475036870223,2
SAT-3905,1122.834973265987,7.270465469173211,122.44357521304752,107.5718014858279,4.35410994397185,6.889147983714292,0
SAT-3906,1173.9622523371415,7.278611537994491,72.23630899387516,108.63744243059567,22.469415490534505,12.878033398751617,0
SAT-3907,824.3960785321228,7.430567441093355,20.55307823783267,101.17923179038921,0.33957546761586055,5.682474656492962,1
SAT-3908,1274.1717410523265,7.252973767203942,129.41617449184196,111.08127256767796,15.665758525471063,0.37789683525161577,0
SAT-3909,852.8590336695593,7.41280291662634,148.33577019073388,101.86139956508151,4.858446361200736,7.78545346193249,1
SAT-3910,366.75800421080896,7.714369677854921,131.18511582348978,91.53615459347051,0.06315843118233198,15.946394667251488,2
SAT-3911,762.3976290854052,7.478860228327169,41.24064019620178,99.87993340763063,0.6674514668242919,5.649433830913213,2
SAT-3912,310.84437379120413,7.728660522805218,172.19430242597033,90.60469415980334,1.6681751672128844,15.383946848400306,1
SAT-3913,1963.2031379966563,6.876304983123472,4.545821104408065,126.38352257441878,7.835515502564272,1.7113875850691198,0
SAT-3914,1941.7702566935707,6.880562564795888,59.8833535276153,125.81535100004906,0.3633805509884173,2.8522845606943465,2
SAT-3915,971.7640057029186,7.363410283659429,46.81663821628119,104.27143662964846,44.377243137393606,11.613540915316761,0
SAT-3916,1538.2304523773983,7.104013244783484,8.662720970673174,116.91234007732994,5.657039690964001,8.06927793863423,0
SAT-3917,887.8703672977225,7.387771749058964,73.03134473796032,102.57702504152537,0.6567665656580546,12.265436675107589,2
SAT-3918,1440.8583670461594,7.121407982828892,112.16067122929941,114.6472522124262,0.09773387575113719,13.83057768595935,2
SAT-3919,1669.2310731781645,7.052233949489953,158.85951542731823,119.46559435623296,0.17501419919270267,4.0922495293704495,1
SAT-3920,1909.4856159768092,6.9493639307632575,178.1441489144646,124.74102440533402,1.4514206059300923,10.956983809991897,1
SAT-3921,980.3608689444424,7.360757464617872,145.45612555279166,104.4061013130507,1.5242495280035928,9.760859662476722,1
SAT-3922,1631.606571025281,7.07314087241448,84.36249336830846,118.41766962002521,10.049079888335452,13.798406964154884,0
SAT-3923,752.078366074602,7.457091715200601,130.26679667406552,99.92639744413682,7.542231892762917,6.938652019697135,1
SAT-3924,1983.5649164492022,6.900159816053775,151.85228194613532,126.68320442274289,0.20081174954305994,0.924739848299494,1
SAT-3925,343.8083178993969,7.7375926900594525,83.75529535536265,91.17377600231052,3.0467713704403057,9.22955942363294,2
SAT-3926,1325.9989710519055,7.197648425522813,141.30979812458997,112.051413540133,0.05765479158613487,15.346165273983479,2
SAT-3927,1421.160168807256,7.154731208897554,86.87743529631781,114.10865950253634,0.784534781795666,0.33263575413305224,2
SAT-3928,1469.677447026019,7.176161009896759,69.56927835781009,115.21903255845145,9.801346122696776,3.9201020159170286,0
SAT-3929,504.65888394145134,7.585993052309126,94.69635080107702,94.68612463817345,0.7897611829582109,5.125477860429507,1
SAT-3930,1895.5006319043218,6.95990179477666,121.65385277288608,124.63536048255051,16.060487500882562,12.276838317466511,1
SAT-3931,608.0115743851408,7.590671343532924,130.83877013734752,96.61739009186371,42.40683639259559,5.240103067243774,0
SAT-3932,1358.6807855077298,7.1745554323425385,64.21252840057942,112.80306034464923,3.3159487712928195,3.9014334248213913,2
SAT-3933,678.5493345092444,7.536679562891602,102.83764528008626,98.25542597403026,0.13613889879958344,10.412072430025953,2
SAT-3934,822.2679089361606,7.424349404727129,163.77675733448046,101.20275045324989,0.6886548779198414,0.8378440944798937,1
SAT-3935,1228.9795209378115,7.228334644888221,175.73632201991515,110.11286442291046,0.05338510110241908,2.812490073344077,1
SAT-3936,1009.2288115597801,7.356796226039137,40.90465641311181,105.11958202551035,3.2147542256885933,6.587680635844155,2
SAT-3937,572.3835216600608,7.5927274750091245,34.70960982840146,95.87580860171384,14.577246819872942,5.754039401206494,0
SAT-3938,590.5918841154421,7.589259707784227,121.80341401715673,96.38534266114111,3.8796293940242474,5.619936525015475,1
SAT-3939,1010.8461398767594,7.379684348800193,74.64309944821989,105.13044112919499,11.408503812945611,1.826024708602622,0
SAT-3940,1587.3810630683513,7.07577045288116,4.360020915264666,117.80928846729098,12.551099894889056,5.837356309251765,0
SAT-3941,1826.5398996412405,6.996991886343244,62.435136716511145,123.02434880745272,17.86519385089759,12.788085074663304,0
SAT-3942,443.01702584095085,7.641495555533245,145.21405382500538,93.2563041467785,0.3154723880683198,6.6801228085785835,2
SAT-3943,968.2766428509818,7.387613684006506,143.53684746897287,104.47835180780655,20.54828462803288,9.420121838569392,0
SAT-3944,470.41745832889023,7.637159947294956,89.04332678698474,93.81907787240677,4.584078010581167,2.7009126081453485,1
SAT-3945,328.2072170754164,7.722514748801208,85.06402827975636,90.86846982634212,0.3699531028125886,1.20841067915036,2
SAT-3946,1424.9217604947262,7.158949411183344,104.31133963818795,114.28941755295234,45.79880531124445,14.091301066711814,0
SAT-3947,1324.1640513431992,7.165045811973171,39.49140790144368,111.86099690851373,35.44191547761785,5.368824278720745,1
SAT-3948,577.1324934853066,7.551683947203313,94.68785248037199,95.99497154223027,2.6441917991846564,5.67036200578331,0
SAT-3949,697.4818162582089,7.511460788540949,1.9883448101967094,98.62860760282591,16.927590312514287,14.05523680671385,0
SAT-3950,340.30318119568125,7.6729012576180535,85.60071986096406,91.2886292690182,0.3044061837418304,11.353564447649028,2
SAT-3951,1719.4102496804862,7.035759534407402,60.48918832510666,120.8243482022912,0.8852806957144662,12.124577104703045,2
SAT-3952,1956.9740132825375,6.935728183610205,121.47652906265873,125.98280197486191,0.17819080366556175,10.943855398265836,2
SAT-3953,530.2812125509744,7.606375983808797,114.90364514747296,95.1538640200748,1.816677896741957,1.7820966921854284,2
SAT-3954,693.5078634010067,7.489099092952509,68.55045843290561,98.44122637636218,1.5380636011874735,15.332133554794021,2
SAT-3955,1776.2961907097879,7.022190711751344,1.309136666146482,121.91700769101901,0.21747517161128002,14.555266965334049,2
SAT-3956,1874.9884565255143,6.993348720061579,45.40925329109288,124.32095587268958,5.216450438246085,3.855900016620126,0
SAT-3957,1013.3665507715775,7.349979157606896,114.0026130340492,105.19686125102362,0.11280825749828845,12.883507639187076,2
SAT-3958,386.058202857426,7.690720672954101,13.027201743150815,92.15679152032011,0.07656748066623924,6.609403260807388,2
SAT-3959,366.966117277793,7.695418437134074,19.375635930023492,91.75433898121098,0.713978132137529,10.97189478904528,2
SAT-3960,1275.7147723173177,7.230511689657862,116.4663044220757,110.8032724703067,0.8480946775620046,2.7330876970304208,1
SAT-3961,967.9216851184043,7.367358900573906,136.03813217087261,104.37831135319931,0.4551890686190196,8.663012585437091,2
SAT-3962,348.7091268820127,7.70113377376208,57.87894744228818,91.42220284562623,0.2970365671244497,2.1131991630025064,2
SAT-3963,1291.5290669313465,7.230564417584163,88.14115179298113,111.05595990523813,0.5191573887576347,8.625057929194043,2
SAT-3964,319.2143122013382,7.765696197458264,170.22804569705855,90.79302721440423,0.15455986373815794,3.9731439013096836,2
SAT-3965,1638.532328853764,7.0264834647112036,170.1978411916745,118.81958559710276,0.8115726665412742,7.294217807424153,2
SAT-3966,820.9357985957316,7.442602911304294,55.350499403417416,101.27427612769397,25.8690288338074,10.720712938073449,0
SAT-3967,368.4386051156946,7.666934170130815,145.79781750307623,91.62431502625192,0.23564088652423917,14.045485848403839,2
SAT-3968,1300.1987756713606,7.240213787514648,106.90992950523459,111.40781187367413,5.653577076579921,2.728095149055921,0
SAT-3969,976.063504536193,7.353910704357085,175.5872088030684,104.49148824438758,0.13314459333389744,14.302978935141402,2
SAT-3970,1955.4607027071543,6.890061710263151,85.97044254799737,126.02860009793557,0.5763547495208151,6.301598602043913,1
SAT-3971,1225.1377262562937,7.256664162445808,139.44723624280107,109.8880872856182,0.45972100343884026,13.516365440833507,2
SAT-3972,767.9066077629141,7.50716448972974,138.26468333067677,99.89589759785717,32.36370154982347,8.249511902842432,0
SAT-3973,1506.0460698777572,7.126835154204749,89.5379161739537,116.12428432134925,0.9614266842607967,13.809116291030744,0
SAT-3974,761.5364043226093,7.479710296938047,143.2134205735154,99.96637194069194,5.893426012727325,10.638902673571174,1
SAT-3975,1837.2135953928607,6.976767185084998,46.98725999525937,123.48414018037103,3.2089166100212068,8.188586635806615,2
SAT-3976,937.02734986254,7.413608092806847,22.005546532241198,103.71133444090985,0.13245252144201777,5.069364264705228,1
SAT-3977,1234.7765567195488,7.221824870170233,76.52947403795693,110.01970899213879,32.92997169607612,15.50565449313662,0
SAT-3978,385.9742765011891,7.678320721813622,169.85351819404525,91.99883480669031,0.545227659929897,12.834272756896041,2
SAT-3979,1024.4061045187923,7.332498094462013,90.13402947645517,105.43157517604168,0.06811536241725615,6.160876244238955,2
SAT-3980,1715.0180174236914,6.997684104293248,114.34664495644685,120.7629774716277,0.39838330010232653,2.7509051296388325,2
SAT-3981,1669.6029691176814,7.034274158689249,112.34924206341756,119.72793580501244,0.5080087374809554,12.49461315563337,2
SAT-3982,681.3415500509946,7.540152636090346,23.863116108515477,98.17156694663622,0.09488684061829226,15.840114176193627,2
SAT-3983,684.3344207179566,7.527735521746924,70.25343882789785,98.0142356235582,3.6216145265459634,4.535701765300305,1
SAT-3984,1689.4190307625024,7.045067802426517,127.24901512593746,120.01048731292775,0.5486086121639205,14.662222850126433,2
SAT-3985,1881.6773142878533,6.952715878923786,174.95821774453074,124.32301577123982,3.8581030486934944,2.093394218847931,1
SAT-3986,462.11356616410603,7.648113219163379,30.24319289346471,93.66382550539187,0.05238316018409277,15.24007944260448,2
SAT-3987,1065.099687024583,7.305424444561796,73.87954026104093,106.41265977395368,44.16875942266654,11.950888707844708,0
SAT-3988,873.6722742391893,7.411343274849339,17.116883964491286,102.36694487490739,0.16237496855238504,5.610880045292885,0
SAT-3989,1780.170374277647,6.996765585384233,43.62776273686608,122.16361729433854,4.752946922697724,4.943645974510118,1
SAT-3990,441.99235495603193,7.654467101471366,67.81668179870704,93.31985565866087,7.019770505910721,10.330622127635685,1
SAT-3991,658.9141023486636,7.536384709976811,97.31578463142307,97.5852277714873,0.16360442791764943,9.53676353011333,2
SAT-3992,1579.1961738970404,7.077994760654841,41.50203880303457,117.54399651133544,0.10817000521445087,14.711093553749615,2
SAT-3993,387.19954326806646,7.672312918811202,40.96127901216343,92.38272339826405,0.1434503393197597,12.283265833926505,2
SAT-3994,1137.3101472142916,7.349300009381831,140.00939624523667,107.95024044123515,0.2750583110002634,8.691801473925437,2
SAT-3995,1051.581958955524,7.34623572696228,173.27549933043863,106.1067000883294,0.1598329658661536,14.848296885250507,2
SAT-3996,868.4820042808727,7.4284549067156975,58.25033419526212,102.20537858375002,5.2597885484799045,9.524417038198179,0
SAT-3997,970.7729360421704,7.363654708711056,123.83856335442243,104.38401779595675,0.9151022338684538,13.60998888700477,2
SAT-3998,1200.898997781396,7.246461161067175,46.45448304442573,109.04829747659933,2.052791250107464,13.470988168355916,1
SAT-3999,574.3245092602513,7.5730813298041095,167.03140589381377,95.98208490495155,0.06933944652740238,14.715198257297626,2
SAT-4000,1272.3929930821078,7.227329578947563,121.12242482977169,110.83429628313098,19.174184132029602,1.174872297337763,0
SAT-4001,1669.2349598099768,7.003394084208955,144.4818338347626,119.70933145380643,0.16243688925737773,9.382732720353767,2
SAT-4002,1592.2735806432704,7.043557219350003,8.883727775849666,117.87311227149631,0.6017651026772847,7.547442199619681,2
SAT-4003,561.6298379794152,7.569892633069938,107.73107428331244,95.57828661237998,0.08216274188069088,7.899623897088293,2
SAT-4004,553.7240985605056,7.591100259976046,94.9702196445088,95.62222029531395,0.12863211435152547,7.412578597561225,2
SAT-4005,755.8964251663526,7.473786262693715,52.739443244075765,99.71498967129764,4.970135560288713,13.41572036181522,0
SAT-4006,913.8270347797633,7.426624521550578,47.237397310317256,103.0091716524472,5.980410717332071,5.163083068929327,2
SAT-4007,994.3744883944204,7.326855976725324,104.40446441705456,104.76261176919692,5.368666891346673,7.457742197913476,0
SAT-4008,1455.4852686166869,7.121476881396236,127.16741430130052,114.89866791421419,2.26662861848283,3.2908524321272625,0
SAT-4009,396.3567346819202,7.7050654930674884,5.971096266334013,92.46555009805098,36.019277432406604,4.1022941932032815,0
SAT-4010,358.94359718431286,7.698588993999003,102.13228474626679,91.62328044040237,1.661504365284295,10.600679325167613,2
SAT-4011,966.2479570046453,7.38828745058055,30.682715210393155,104.30923240601119,1.1148234418494525,1.9592814181855251,1
SAT-4012,1485.1782766345668,7.164029489752235,25.2652916494981,115.5459061957515,0.2764437028214352,3.0863667948153695,1
SAT-4013,628.8400830260204,7.532263382045669,112.16150785704322,97.14874806480584,0.09897342334598389,8.495749497183894,2
SAT-4014,1390.557618135628,7.164304787158674,55.956621099145146,113.48797383593985,2.2051330288428357,0.795991144611915,1
SAT-4015,741.7078344985091,7.480578683494273,79.35844196427553,99.25562635307723,0.4401903974775378,2.118139290784226,2
SAT-4016,1806.3463849829777,6.942632353232968,64.79978569915913,122.66415051930231,1.8665780477024436,13.827311729571306,2
SAT-4017,1822.672905253248,6.968556998915539,116.70053762745427,122.91605774678939,0.20764775454819645,13.553733576140433,2
SAT-4018,805.388247278255,7.47036044164798,84.6215578919644,100.95298934774499,16.348880557838505,5.629640070247016,1
SAT-4019,690.9893817375089,7.52367284271627,173.42255916683055,98.42046031079497,49.89552921491635,5.633061913447833,0
SAT-4020,999.2167525125932,7.366468551427279,63.42889663916376,104.95253384213201,0.46363961304894796,14.990595643297658,2
SAT-4021,708.9036948062528,7.495839938530632,133.25118124731034,98.65946029605036,16.82491295777271,0.5108741112451695,0
SAT-4022,1443.0525335958962,7.129056942041996,46.312662164948016,114.67255575732409,20.79353910678619,9.326698658055806,0
SAT-4023,1704.3099637320854,7.051080015945101,91.57555667270644,120.42726523936112,48.66215868494708,9.598510206747564,0
SAT-4024,1444.2566225490689,7.131682328379377,99.46255534235226,114.65305029046472,0.5334950493422955,12.627404368188413,2
SAT-4025,1701.3957603238941,7.0328445966045665,59.23967059129179,120.21808061517378,9.270308468330008,15.232833201579352,1
SAT-4026,974.886675752706,7.369522132425664,84.92049520427324,104.35282584688763,0.24288294226795049,5.757658633989168,2
SAT-4027,565.7388502050635,7.60961848386165,50.27015482172859,95.85043144784841,3.744191113776043,7.061552227950419,1
SAT-4028,1554.5166105759067,7.111205668668021,1.0801407013167585,116.96160025065345,6.508751829469064,10.77364584027082,1
SAT-4029,912.8066587406416,7.371675027370904,38.81669429481817,103.15267216994762,8.362422038564409,15.479618795272408,1
SAT-4030,1441.1604028895254,7.119292700560741,126.01155104877611,114.31316984841631,0.209163793633265,14.26359842441365,2
SAT-4031,760.0947013690017,7.48794817503838,138.77334440736786,99.83481109719887,17.585175860063618,10.706142751993708,0
SAT-4032,438.09037917134356,7.649821338246825,50.43651608500559,93.37483983717281,0.9159791444595354,13.721904789569251,2
SAT-4033,1987.3890523291977,6.8965947865449255,73.44773978725294,126.79267500960677,0.22288382771566972,1.4547504511738365,0
SAT-4034,565.5425634820187,7.600803953368556,6.725818824949997,95.84068347231666,2.121110380934644,6.096318391344457,1
SAT-4035,1980.3156897379179,6.912371270650775,42.671322197582505,126.7863897344981,19.455455051910175,0.30817068161167027,0
SAT-4036,1961.3758853629604,6.917518553128651,140.25947100701384,125.92388631512546,39.83214861807754,2.921808588349111,0
SAT-4037,1649.4907766436675,7.065260521043549,109.07752864771031,119.05944301689492,8.782000743158633,10.124831882118192,0
SAT-4038,1421.0190355393959,7.144767550718079,37.038693951786854,114.04650916957931,0.051980285814838954,14.180429817365301,2
SAT-4039,1282.271985426844,7.248181067839067,46.33955912203779,111.13887542215356,0.1267862876532802,10.161206928869548,2
SAT-4040,1772.372627142319,6.980511811031499,147.02436413812083,121.97703681473628,0.08468216712726064,10.65979590143621,2
SAT-4041,792.0471867531295,7.472814854307335,37.63515653008215,100.46904274546813,0.10060306987938486,1.7507635235736099,1
SAT-4042,1095.0580612242911,7.335409111519146,60.14839065248362,107.10299785174965,0.7048145685684707,10.671281805522739,1
SAT-4043,1352.9629479230532,7.1561641573447305,119.58456449783598,112.5549014741094,0.518143374046664,7.324112806170136,2
SAT-4044,999.0238089781349,7.34731644704937,101.00022942745416,105.06648184505597,0.10965411853807865,10.457899682150993,2
SAT-4045,1026.7269719534556,7.363244333056291,82.95663694208658,105.43432733277838,22.165424811079557,5.286152441524255,0
SAT-4046,861.4839347535435,7.446925827039107,161.95339637635396,102.00899100396238,3.5095604990326894,9.345626472444405,2
SAT-4047,1259.1940883637112,7.2242863355726294,39.5478832887093,110.5020936162729,12.256315478491686,6.8427018196127305,0
SAT-4048,1745.9766976256972,6.992945841534765,133.45558035533998,121.40291588912119,0.6510557380688483,8.982329181417466,2
SAT-4049,642.5982426107319,7.5578531465016585,28.631491311273003,97.37286628265548,0.8505073149534096,2.43872334144382,1
SAT-4050,1888.5361658808504,6.970571142276198,110.83209002678613,124.50259773069173,0.4485735231280946,6.393615172514832,2
SAT-4051,1471.4490113719905,7.105943447874259,156.71224141403638,115.24665131975281,1.0333557029611702,6.0510306503839795,0
SAT-4052,1699.5644615560514,7.0036818847519156,82.42232138606482,120.31297450378658,3.3892358488005905,11.808672878379651,2
SAT-4053,1245.5241774710198,7.238704518584993,130.3730112944392,110.34285115083436,1.5063365980088492,11.331911272092242,1
SAT-4054,1625.1783924209078,7.072960280106216,147.67080353981788,118.62077217687478,16.32003263607051,14.550853087228194,1
SAT-4055,327.5406754770943,7.708003572256678,24.484756477968496,90.89295698600517,25.083463899151482,10.149683917302841,0
SAT-4056,1691.2467221252098,7.044970334569774,127.04884115077981,120.03761433385901,1.2823942570223552,5.101299363716225,0
SAT-4057,368.2360604451231,7.6764562147197895,165.57138431796173,91.76728529015381,0.26194731147755707,12.553272145441769,2
SAT-4058,1812.8527398168662,6.936654472278089,103.74670977399796,122.82441449130494,34.24106489242014,8.00226253218466,0
SAT-4059,1986.3366703056936,6.897654980671079,33.502004015176084,126.71007213460977,8.018367064556738,3.176542049002349,1
SAT-4060,799.9146857005223,7.456847637427492,22.849655686009736,100.72327646203742,4.162471399758843,11.98384234640131,1
SAT-4061,657.5415456858492,7.525199357487006,46.752359484014626,97.58494855022091,8.614125707438859,2.2072491919357415,0
SAT-4062,1601.1177185586691,7.0478474424169,18.632388423002862,118.13149469996748,0.08451141076514172,2.9326379668134543,2
SAT-4063,730.1447795644306,7.455806649458651,92.41093288530854,99.27308568354164,0.07977172570241373,12.164219262118841,2
SAT-4064,1771.4560513927458,6.986384752721083,12.546842887212224,121.9690799296442,0.14398987744951125,12.34530063573348,2
SAT-4065,474.8324066677104,7.648501586090038,40.21283243452076,93.95052248854913,0.13845954708515246,12.673422173987023,1
SAT-4066,514.1238338449091,7.6338685919890485,79.18387990419858,94.5866648535189,0.9140741533846718,4.763869478232139,2
SAT-4067,1964.5576436710464,6.938903507383547,85.30465507236386,126.19390472901122,0.14831403527550213,13.87874057220715,1
SAT-4068,1445.5261270590079,7.12473051081831,101.7717273264536,114.60528630842514,18.30403919726752,11.590423361796958,0
SAT-4069,1739.7082815292197,6.987272564772415,127.01069329513078,121.23112072660093,2.7118196112156565,13.360081811866314,1
SAT-4070,851.3599414975806,7.438914974534297,8.501155139784156,101.6001564193345,0.6364374007524699,11.36682720747555,2
SAT-4071,1450.0223741850275,7.151697738972792,14.511771391640984,114.72831415278311,0.08087934379715071,9.315583694066815,2
SAT-4072,1310.211106424615,7.211677152441418,10.954647324860534,111.71307970460316,2.9651959086418205,1.8393768680269076,2
SAT-4073,1325.3552042090098,7.156301680085666,76.16705678368386,111.92595057228924,0.11183261137371231,11.403885770035993,2
SAT-4074,1460.3051812141266,7.116969618557462,7.532630078928175,114.9579864019532,8.484587943827979,11.078326329785126,2
SAT-4075,1278.1105943194675,7.218179747606744,134.29462802963872,110.89977296958364,12.801011701397174,5.06860901926108,0
SAT-4076,1029.406027814532,7.3488157623886154,40.14003258692601,105.52196949504602,2.1423912120095125,11.799534327838176,1
SAT-4077,769.0685804469297,7.487016371751814,169.05824879219256,100.03132539066075,0.14053308555223076,8.852227399558108,2
SAT-4078,1606.5882625524434,7.071479725173017,87.55267591748006,118.11523658096279,11.469861547121637,8.994559192840297,0
SAT-4079,684.6631310054165,7.522844065206745,80.33863543959629,98.37129743112328,0.4192309836698603,5.944914392692829,2
SAT-4080,1477.002320462504,7.128411225239484,140.49696467511004,115.24485361314716,0.2327713002781162,1.9568821573081714,2
SAT-4081,696.6657985038553,7.523555845017397,128.3677171007384,98.46359176292448,1.2901491701985937,3.5491624800692256,1
SAT-4082,1363.0612889225715,7.185275973754172,109.31562737066571,112.9929091817644,29.302773521849495,12.324423288043326,0
SAT-4083,1570.0330541193491,7.086160269963081,168.3264071250666,117.47097439344196,0.3900226965000102,4.4159206529006125,2
SAT-4084,671.8136111411167,7.517714517904146,76.00666697767386,97.84836790948424,26.043869303663918,0.1358235639362231,0
SAT-4085,401.90361146422407,7.673146142641068,145.53570163901156,92.37674998894862,0.07243190883836972,15.952576995991647,1
SAT-4086,522.655363090096,7.6137267543220535,68.41673023424734,94.96093562812432,0.08903097293409791,3.449847518220897,2
SAT-4087,1330.1948443607432,7.199670833816928,150.9022213732989,112.130126174508,6.232367866788988,10.520592067039262,1
SAT-4088,1744.0588905837503,7.016083789833178,46.70543321387435,121.10527752978024,0.18652969868444996,14.8380598727424,1
SAT-4089,376.49459610022143,7.7128054864823765,52.06807311048585,92.04930463483838,0.4454839419317132,9.635432480679599,2
SAT-4090,1548.0571403707986,7.0999724449384605,122.01651612314171,116.97052737326813,0.12825932419811592,12.804586779842872,2
SAT-4091,880.2416981150886,7.401192700981924,38.28839309132334,102.46666469781103,0.49626633109188206,15.624310223166157,1
SAT-4092,1113.4982288631882,7.315397943628146,41.24775366457718,107.53554540535907,0.34701638879284,13.779778472283594,2
SAT-4093,1879.0612347374615,6.923564194966416,54.94723722313465,124.33789090422822,8.090640819838141,8.970675009985952,0
SAT-4094,864.3515580509373,7.400681370442952,122.20717853886765,102.12686224990904,6.383225233898249,5.88287659466501,1
SAT-4095,1091.0727876971264,7.315400295009095,160.08985663618174,107.07330664408728,36.62279901810178,7.771184741706957,0
SAT-4096,323.2601050931579,7.726778804244028,121.4221772028576,90.95775264245806,7.451351657033294,13.485036074229654,1
SAT-4097,438.7178240082252,7.625854573494809,149.00656398194255,93.12389567945962,6.073279430590972,13.668338301395181,1
SAT-4098,739.6057049291328,7.479477348397404,97.84090614500455,99.51671760128019,6.047580688136394,13.549093265497982,1
SAT-4099,347.3488093958265,7.690483067319185,12.40617984212615,91.27200553793907,22.27780361909534,9.595868003725174,0
SAT-4100,1373.3380542820266,7.164520260778413,18.083918071530118,113.09146594749986,0.38697258888923114,7.6835990923460455,2
SAT-4101,1024.8772065627581,7.360190028416863,99.79055610604478,105.54567169113776,0.39741690049967077,5.050275091921022,0
SAT-4102,1231.8468446376373,7.254833642930232,59.00417435557973,109.81896005277707,8.367802734818543,0.1534375973926759,0
SAT-4103,596.9002160237602,7.563032469290642,39.702253254649676,96.46233293187281,0.2427087400694729,12.255315806689199,2
SAT-4104,803.0844500422475,7.44301650380197,83.92624691447175,100.81467209707176,27.228894973222307,4.504272652223469,0
SAT-4105,1428.5016072496328,7.121845094032977,119.96941336277428,114.20737070655757,2.010551396401255,5.341878536626865,1
SAT-4106,1941.0146301716798,6.953339274321484,69.29855059245452,125.72681171284172,0.39750700708091735,13.511351475067999,2
SAT-4107,385.70851512375566,7.692550989967458,144.4576062883215,92.20240921563042,10.64804292948801,0.930793398249668,0
SAT-4108,1813.6533454539524,6.964473620780197,132.93418438285087,122.81441611865534,0.43244600955651186,14.849163270173273,2
SAT-4109,1280.6980422290544,7.231944883666086,132.28467878872203,111.04124388061801,38.79760843003175,0.12165456677225198,0
SAT-4110,1258.6632634845603,7.226563200739131,177.33414414192993,110.6779165630481,44.45674211592051,15.032788925723956,0
SAT-4111,1150.4735098531926,7.274023845376121,53.14139592689427,108.24404744500302,5.004477375790184,7.33066000822632,0
SAT-4112,417.96994603711175,7.6711417073830654,116.05060554136114,92.80247346506856,0.1096154253901616,1.7237497399139314,2
SAT-4113,452.79064795147315,7.628032417105836,153.98610122885643,93.40132048273317,0.30803250959285905,10.81916573913488,2
SAT-4114,1321.5504096204463,7.1914873377994475,104.31439810450397,111.97616507207697,1.7588179569936082,14.344117168967427,2
SAT-4115,879.6295714404491,7.416914852883468,142.11039170077066,102.43852104226998,17.9189416238984,7.065357787877158,0
SAT-4116,1859.3557131820571,6.9492152419086315,74.60139345118421,123.97598667574464,0.17932031585537267,11.092590674087594,2
SAT-4117,991.2039135111029,7.371469506233955,106.28844221786484,104.78302316467139,0.10284433666685376,15.671867251009774,2
SAT-4118,543.5784797944898,7.629902854371468,10.01995070477909,95.18760777921749,0.08363777173730516,3.9271430970367804,2
SAT-4119,1515.0220169534612,7.094427718092504,177.43816904846642,115.98734150542585,1.659100489341922,13.14514636507074,1
SAT-4120,798.7008164497167,7.422911597187121,144.00332666071512,100.76935060042565,22.546177051324396,4.794270038620108,0
SAT-4121,1193.2995225050186,7.21909443194311,156.3856328936609,109.06510369009649,0.06699582388777628,6.878767839843543,2
SAT-4122,1486.315735358789,7.119479591052336,124.9729700657303,115.56736309211567,0.2167377728386085,4.580077309106446,1
SAT-4123,1830.4489890435198,6.958194348429951,33.489005905565904,123.20714130231794,6.00815394400034,7.191586800102546,0
SAT-4124,1646.7250311628493,7.055036957929815,5.585119635245808,119.06266951804895,15.016209189264861,0.180915615609692,0
SAT-4125,1449.813815383631,7.141742879875601,155.63818939248245,114.70997117477499,13.218086580321954,4.924677672551317,0
SAT-4126,1455.3764100717442,7.104489085171751,71.33951767250215,114.75548249342151,11.32854609989979,7.180175616609363,0
SAT-4127,1908.071894854547,6.902401509312011,47.495677687185584,124.94725748380402,0.12256582893472305,10.152618920926926,2
SAT-4128,802.9009657441113,7.459949729865395,101.10113259101,100.72583044151656,0.7774684082580222,10.23404611969695,2
SAT-4129,301.8905601335186,7.731505314414567,75.76173404562948,90.37574406513356,44.99911709971407,9.382191333680836,0
SAT-4130,762.3227509769378,7.466685928369629,117.29987922376026,99.89801595455877,46.30551504324866,4.75920609051752,0
SAT-4131,670.4153453654648,7.490685942032987,87.08278194981244,97.98265600900406,3.2081316379016065,15.163728623378352,1
SAT-4132,1425.1187946937969,7.159816720031423,125.50196527924871,114.26889543662232,6.710758629073748,6.3323201974834795,0
SAT-4133,1377.3097196013994,7.197852835956487,153.61618851164573,113.11504180786044,35.71259372719104,3.548613665701019,0
SAT-4134,1308.8843505980303,7.209855625763229,35.20026197204203,111.73515310572321,1.1188029119609986,8.916755740720998,2
SAT-4135,327.6138534560713,7.696993340912537,59.29791850178763,91.09005749761681,0.12869763849127785,12.007965851106526,1
SAT-4136,1538.9226925661007,7.099655520767358,78.62680558271501,116.77131634460797,5.079449312490797,0.29451380787403303,1
SAT-4137,850.0017012253356,7.40235864804001,173.17052064497489,101.8319131201198,37.955692457973704,4.493869717589204,0
SAT-4138,1430.5951813112729,7.169038034675907,65.76005043854735,114.329687613087,6.174307940926896,13.217147856340475,1
SAT-4139,1246.1833284536606,7.235523260080934,68.59797292667332,110.3550045313236,12.850895303806368,8.161635384831012,0
SAT-4140,882.6425732274422,7.377582427212538,117.625054132721,102.4782807206729,0.9272917933695257,6.594964042820633,2
SAT-4141,528.7796540769832,7.594645993993122,75.45594778019087,95.16168637167081,0.09735527027069867,14.901330345358758,2
SAT-4142,460.5121260228176,7.647807928192343,171.22027421512894,93.71727926438909,0.1605522011228165,1.5236080442531352,2
SAT-4143,1713.58116629078,7.015004345819093,161.0043768855799,120.53589228521885,44.35417367066158,9.8875661923678,0
SAT-4144,1861.2758215386486,6.952874716389033,92.41357999962113,123.98054006099818,1.5084223384719468,5.5408005882760545,1
SAT-4145,1404.6396794993093,7.13531083831094,116.05954211061298,113.73623677840871,0.0543290079496734,1.226092032857519,1
SAT-4146,475.8379952628217,7.641318924118565,10.445501139051698,93.9605946700085,36.73430660444792,3.498537686912041,0
SAT-4147,983.4462687100092,7.348998138181123,125.23149504583166,104.56514969745527,1.557075747219807,10.084138086974821,2
SAT-4148,1539.1966401787672,7.055512645890842,127.2961571308258,116.70848565901647,16.135231440300192,0.5496032482874631,0
SAT-4149,1625.6955028171158,7.052719635019616,64.65587321577745,118.71081085198036,2.2097565528977707,9.51675616469068,2
SAT-4150,500.97165789485064,7.635645295049693,39.54291905254908,94.57800666166999,0.10094315053342368,15.31392169735514,2
SAT-4151,300.0522220371501,7.722122985511945,164.71411232706302,90.41094938961163,3.513004860994515,12.742027391687282,2
SAT-4152,1510.6329779970285,7.146252639673903,76.80688214492298,116.12035876589823,49.11010167744329,5.594993561408145,0
SAT-4153,906.2134991765496,7.409509906004501,117.66709886430792,103.09638561007405,0.06355992151694086,2.297501577149572,2
SAT-4154,732.6182637510424,7.497590298356787,5.999183095726073,99.29184136195435,16.763032880622312,7.494524499216359,0
SAT-4155,321.92569864219325,7.7146521034587705,74.53208998383053,90.7089262446261,0.25433866728504445,6.347911935236646,2
SAT-4156,1218.5089914945495,7.245697446679268,147.1065859824984,109.79819567370386,0.75957151982025,15.550554064379247,2
SAT-4157,1746.956250224169,7.001947989811072,69.76368007212871,121.26629283575421,0.6562941598909111,15.838902066683909,2
SAT-4158,1927.9737986633995,6.9243289004588355,108.56900882463783,125.33061529574029,24.85201385975068,6.628296035548279,0
SAT-4159,1261.7664160425916,7.237115577571896,37.7740440872171,110.42739956563835,1.630904649444818,2.4656653381259956,1
SAT-4160,1174.58425715782,7.249409421843953,74.97461679112072,108.77452404054675,1.0977232552847913,14.578691839322193,2
SAT-4161,444.5958553317099,7.625937857192728,166.9747892495736,93.16661057635962,14.224772548916226,12.717322183105194,1
SAT-4162,1233.0837626224197,7.217650704314206,101.96131494618669,109.90911566096787,0.07009570486362099,8.229259885825591,2
SAT-4163,945.9644342411708,7.421712710144879,162.34766263672768,103.87287680462578,0.09085293246604528,5.909138823940746,1
SAT-4164,1332.1299775020807,7.204024470638623,162.36347390811778,112.21219682695309,0.05808133297998083,7.225836658835666,2
SAT-4165,960.8347913901293,7.379400830632417,169.94660407640632,104.06551732202406,5.79320259251009,14.439910687351254,1
SAT-4166,708.5085098656234,7.482409243907525,161.17049881441895,98.7882792276023,1.887202119254309,3.0358308194402617,1
SAT-4167,461.44096788824004,7.650489512390578,0.5906032218541157,93.58771066448324,21.23422338978608,12.927857985863188,0
SAT-4168,835.3613558011227,7.434892692725017,168.12268048468744,101.41425474974241,1.56519594198509,0.3892310619517706,1
SAT-4169,464.2962182891789,7.640710595307978,24.74269903536775,93.7603173837257,0.23143483188412056,14.737094690959152,2
SAT-4170,600.7248164007726,7.541807624914174,7.1867252000071,96.50379435520676,13.014039592472347,8.054726746374671,0
SAT-4171,1978.471469585228,6.9125904016586155,9.969936224049507,126.521516314164,0.38189288488831485,3.705290438824638,2
SAT-4172,1054.9760467412516,7.317948442874835,62.804915131758044,105.99620888936579,32.06559853077186,0.14541839479320043,0
SAT-4173,1204.1820030585282,7.23860091800876,111.74473534838285,109.47098834196188,0.2819951687566359,8.99678885304191,2
SAT-4174,1785.151498853266,7.005471941618633,72.41601537341955,122.22750034505579,0.15926926026002042,3.9873571419014264,2
SAT-4175,1992.4671308341692,6.87284726804988,4.599771236888306,126.94354240716635,1.5098784230553783,10.137102942572408,2
SAT-4176,1290.6145638859584,7.224176023028862,85.76687415144865,111.36371517156334,0.07087863712953354,4.57059157508755,2
SAT-4177,1681.2054957750918,7.049456938190247,79.58353360866842,119.76581392040931,0.06429914377579228,1.4995820641246078,2
SAT-4178,855.799741372348,7.409107052551675,136.23286779029644,101.86523461549714,1.538202950648068,8.130320914512593,2
SAT-4179,819.7647276603949,7.4288787785098584,50.3303217165789,100.9503770567039,0.2209482910040899,9.075323206981496,2
SAT-4180,984.5963256907523,7.35693145949557,39.15561128298609,104.95135121274156,0.05333691831297104,7.296181406078857,2
SAT-4181,1443.2623465452036,7.147723726573746,46.06901238179272,114.5605286337781,0.38649220445899934,7.382765313843524,2
SAT-4182,1459.7258717336679,7.131514100094821,54.673168073372636,115.04164167861826,1.3522969417720867,9.475437033610245,1
SAT-4183,835.9070389040663,7.445613802553719,107.84967720608996,101.35680375995798,0.7617914757646216,8.46902079962144,2
SAT-4184,526.4568710322687,7.6371987630719,84.87458738137437,95.11486828972446,0.12746131737633626,2.207823867916265,2
SAT-4185,1375.0736359913647,7.163295676819134,60.64102173223043,113.26481211236899,2.741539375442363,3.2336617791120146,0
SAT-4186,518.1539657208997,7.572215173207563,67.37654849106211,94.8376892466914,6.7603468362837305,2.3544775587218965,0
SAT-4187,1283.437263989861,7.232779810792865,66.7662588286157,110.97731633065952,5.316030828571114,11.123399757293958,1
SAT-4188,1478.8176176957252,7.159556121433159,175.03320504785714,115.34448237220981,0.7590244541892814,8.50471475345476,2
SAT-4189,1491.0395438705677,7.128204270262544,41.93945784953146,115.4052048672318,0.12934762469221858,6.9346964641417586,2
SAT-4190,1580.9025881213145,7.0582467148460495,147.25108084900654,117.61218494376172,1.5755432332476174,12.793590024838304,1
SAT-4191,1783.8610166616297,6.988865081471699,127.47795076587367,122.229595042126,23.45661118879813,5.280135090196802,0
SAT-4192,1149.9302863401404,7.257658463364611,1.0026010086391057,108.1814307926359,1.2739094262142971,9.13289594314628,1
SAT-4193,1541.423622200271,7.1104996230431405,178.77171926258782,116.71275222514062,0.19320268318002845,1.283080863694155,2
SAT-4194,1352.5936501219223,7.156855998860865,136.15908671404324,112.63991476095349,0.0950889197408728,11.93602493281928,2
SAT-4195,617.2878976560603,7.546371497941197,122.84092554314245,96.95864801768617,33.94297612337789,11.153559872567879,0
SAT-4196,343.67239627799387,7.6846263614844545,72.95844738179471,91.0974787354594,8.472239630942113,12.857836105820423,0
SAT-4197,783.7203556507874,7.466552377385471,99.93655600457213,100.38923722437382,0.4343811016771635,14.163167732463203,2
SAT-4198,1053.157300773953,7.319995627068884,45.58876122014463,106.34728627642306,0.3846158902300691,12.152649449997156,2
SAT-4199,1349.0801055287156,7.189051618666672,6.387012926225546,112.37683942589592,24.24518289015894,13.527389253023971,0
SAT-4200,1744.9308618554492,7.0085377694651525,150.48389852027512,121.26532880782268,0.17048049934069023,5.59590812349142,1
SAT-4201,633.6177184004816,7.523832355479582,161.3672088626109,97.43225767436523,2.014103913453678,5.559064056037541,1
SAT-4202,513.434642827411,7.621663025273966,29.244714590563177,94.85669439724984,6.910076094116859,15.114383036407078,2
SAT-4203,1937.9159107063567,6.925251431693722,141.67009725223193,125.5737187579962,0.7729315949767304,14.641735127586657,2
SAT-4204,483.67575093989205,7.605854145907357,133.40748119141855,94.15322455008818,0.06586838753012783,8.821107723573038,2
SAT-4205,1113.4348191822214,7.3425752528886905,32.10750034849628,107.39829653181759,0.2411273345854776,5.928284685835068,2
SAT-4206,1295.4583389486133,7.220130141915153,75.92918446346289,111.26536819802665,25.374320241545615,13.869424331114926,0
SAT-4207,1220.336515542645,7.243125585094038,76.09642575013861,109.70027132956434,1.8549273505484185,5.242237005595122,1
SAT-4208,446.25466695600346,7.674829357356059,136.79356649494474,93.334833482839,13.973131423316671,2.5427978180216657,0
SAT-4209,396.94575380615294,7.711165997455147,150.77896303968998,92.36300476049573,2.322879240412816,10.267933532587133,2
SAT-4210,479.3218266837606,7.625140698133788,17.05952185044678,93.96810080031551,33.8669659776949,0.777686774754174,0
SAT-4211,1295.4990625834412,7.217530337306453,101.33446228275652,111.2134007052363,26.691453917561294,6.1277203080471585,0
SAT-4212,1225.3863089783458,7.224021841119144,137.11472944719935,109.81305379382886,1.404863503876824,12.94185466954449,1
SAT-4213,697.3593464624653,7.506531160272907,141.51430693172853,98.73990153646076,0.4506009267954114,4.793937511516072,1
SAT-4214,1384.2160411375057,7.1652392254360455,26.638834397473605,113.28752693255555,3.1913641813228115,14.90791611726918,1
SAT-4215,1694.114753494604,7.033830674144314,94.59092576714293,120.10350173881442,5.292161016659603,15.297612199204533,1
SAT-4216,370.6842317392094,7.695917638924801,154.36056714528652,91.89013441777664,1.5632746348694149,13.07147918216539,1
SAT-4217,1146.820904031672,7.292730861978151,57.33334378535115,108.10209105124477,14.649394269025622,15.803528771973797,0
SAT-4218,1471.8277005745736,7.133817449083045,76.52104180412348,115.39111729402977,0.17740079824860838,8.539149373031858,2
SAT-4219,728.930276018468,7.468545544480199,144.78453204053983,99.22912103505423,0.5037389078062986,9.150272879009648,2
SAT-4220,823.2105389983535,7.424732757736468,16.077513813077214,101.2826181743538,5.729267189524428,13.395052362800607,2
SAT-4221,1343.1844350819524,7.177333514125153,154.70879218001608,112.30602238295948,0.2748030828475089,7.935603567030638,2
SAT-4222,1826.4899988543527,6.967496063192278,56.008209011545624,123.1568344724894,1.0435283167290452,6.5668481086458055,1
SAT-4223,1676.871514514929,7.05867691516,0.26105698640288777,119.77909766930824,38.91980397531995,9.87458209967517,0
SAT-4224,1291.3213724692919,7.18928903531233,42.14864611014449,111.24441501605916,3.772227895993062,10.556786222497223,2
SAT-4225,1541.3769201873235,7.090515158731881,16.110115361191163,116.68995683254232,35.16751717738386,12.039243564969045,0
SAT-4226,920.1981993532578,7.4128897456142955,16.629283259323945,103.20237105715576,7.350116353382495,10.724391086435357,1
SAT-4227,1389.641397767888,7.160716537660577,124.71043214566646,113.4264337801152,7.463977358530081,11.956976544686922,1
SAT-4228,1092.508704916847,7.317188563840063,38.515740415031665,107.01129512239349,2.9822326828046495,10.825498767131162,2
SAT-4229,622.8914319778535,7.546557130120967,168.25362533585684,97.00209889455827,0.13353520847666142,7.7390792921528435,2
SAT-4230,1492.9550655913372,7.12461731919141,92.96001838643473,115.69886806968002,1.811810937190496,2.245459890949878,1
SAT-4231,1245.9898834929973,7.22940877966519,82.81768643188533,110.26047667453328,0.2863970932523285,12.588547340070608,2
SAT-4232,909.6566893211053,7.412521614320925,78.1710332796273,103.0521565066917,49.54361217628209,0.5893885070641606,0
SAT-4233,1849.2766231336723,6.932568259218539,124.66577514089373,123.6001377850287,0.31612280340027743,15.8807514590053,2
SAT-4234,335.58800030544654,7.7020892676755865,81.40729725424951,91.10049576339756,0.24605235989493354,13.27248999004091,2
SAT-4235,836.8143571241433,7.4424059117367305,23.14806412053453,101.76958847557664,3.7206555829065726,10.767478666902749,1
SAT-4236,396.6983762219992,7.685143847644751,158.4309925153362,92.37782997161852,1.7053614599776796,15.469047672485807,2
SAT-4237,1603.0964375767662,7.100001192472688,77.11116280661857,118.17324797990157,0.05794670476102644,9.838277475153728,2
SAT-4238,1493.5826719934473,7.111377081971406,13.320823625910446,115.72779101479624,0.12234030005173319,0.9972828038351339,2
SAT-4239,863.2987718517389,7.452439327081045,95.28587774959699,102.03344299230383,13.554978398573788,8.994176566830868,0
SAT-4240,1448.6269337520241,7.12645222347116,116.52243452202661,114.8228925556878,1.4126867434016368,4.50754655194539,0
SAT-4241,973.0932845331147,7.393727713696328,49.60484354839654,104.36283312421355,0.13709311636334356,5.9746926949525445,2
SAT-4242,1585.6314454181384,7.094246792809993,144.0612733812916,117.82641090670721,1.2436486215807987,7.407403978015459,1
SAT-4243,1072.1122266524003,7.2997173158642,120.55965228672547,106.4768729498414,0.2873540043956534,12.416151867581657,2
SAT-4244,1000.8755373138314,7.359400235193934,117.06141046759801,104.88887459195715,0.23428494805538336,8.096574508498204,2
SAT-4245,1889.0408563301116,6.945663211650888,75.74849151620296,124.55479417228342,37.33755141683747,7.647416624118753,0
SAT-4246,726.4944698141903,7.506557707826519,173.1447542540318,99.06798513277718,0.6095980721907681,4.901356990095352,2
SAT-4247,504.7604779941612,7.609458212775485,49.35405023086457,94.6208314566751,0.06890699617302534,8.683968645457977,2
SAT-4248,1293.723292541079,7.205272691823541,103.98699018278147,111.18296446478973,40.73333999828984,4.049414585521518,0
SAT-4249,1947.8470808831041,6.949473082661141,55.629928345071164,125.81845354072212,12.119612340499103,4.249801664990825,0
SAT-4250,942.3266633362173,7.380660639626588,134.0648555348797,103.59347002138819,0.2898744409227768,12.140414524797874,1
SAT-4251,405.4624981689286,7.686034017884043,8.60246709662186,92.80852373345037,0.8426466692007087,5.546501505694531,1
SAT-4252,876.8189544262647,7.411416086725738,8.260896217508861,102.18057151745359,19.31251028794153,0.9172547997318784,0
SAT-4253,1160.0838123432495,7.308453018089627,145.95497451338244,108.40514232263385,0.5904873012425237,5.564468845730195,2
SAT-4254,575.2691112747633,7.561615533556282,78.16826899146079,96.13995444708402,2.5187329889741674,10.25329810507924,2
SAT-4255,1418.7737706960365,7.141017543504372,61.41240982806403,114.14095765739313,2.011595305043578,13.042370828169425,1
SAT-4256,1996.173961317341,6.932562379591353,109.35483519156092,127.03373800924044,0.7995647700157196,15.394793234138545,2
SAT-4257,1067.9571091684545,7.311131048281239,126.34188189641525,106.38939420049716,4.1445340288444905,11.964904701452117,2
SAT-4258,903.0385464413615,7.434567026055871,36.21624243199319,103.03694599987934,1.3147470839523476,6.918740589727706,0
SAT-4259,981.1970836185933,7.3809303346960276,33.37762345285168,104.65612234484075,0.057897722362178036,4.855996539358826,2
SAT-4260,495.74850327184197,7.615825298822321,172.46713459677866,94.4026360986415,13.871369079398221,2.1611168437171413,0
SAT-4261,1801.5651224245805,6.947500332850582,106.13957514922248,122.56954335261823,0.10925400158579399,10.080214307693218,2
SAT-4262,1005.2036143862983,7.350715460661257,70.22096591296827,105.04694912109862,1.2337858837923261,8.2071446943332,2
SAT-4263,958.3664994222303,7.376585028679153,144.25950504051116,103.98714293158565,2.7458219796128303,10.875454111461845,1
SAT-4264,1421.4734639818064,7.175405535186933,94.5286125800251,114.22032198160629,6.538651141064943,3.870417187635607,0
SAT-4265,1051.45681558291,7.359930701021471,43.499305867424646,106.19845646305727,0.853806801677246,5.245942272948135,2
SAT-4266,1401.9968969733384,7.1473161844673845,37.21235501548329,113.58070248759678,8.046656557462308,4.74431605702836,0
SAT-4267,404.45869322233875,7.686097316003201,71.43466791056791,92.49017028424885,0.12388543738999684,12.782664290573127,2
SAT-4268,1683.3296843277867,7.05014741719985,154.78125484677832,119.88142037388351,4.5635903082965426,2.822554056327214,0
SAT-4269,1898.8567198949843,6.964032290725077,11.060624887966606,124.73701278617284,15.065612301080602,9.774706660689478,0
SAT-4270,1402.901156470956,7.170573229809987,39.33468013585737,113.6953787455463,23.297103165307014,0.9165447505697969,0
SAT-4271,1922.7620790599783,6.893701482483669,160.76732739346645,125.37622814696354,2.739488566436615,8.837488456837342,2
SAT-4272,557.4349344289376,7.581816981806329,21.91222241446509,95.58132872714384,0.4341657882353898,1.116232214473589,2
SAT-4273,1111.6075221166013,7.27553359357405,113.3326292875503,107.27454397906335,0.15453951305583147,2.8964377935289987,1
SAT-4274,1323.0714477072602,7.193598796780071,38.43204626178452,112.06591753805007,0.5440593307653495,1.8971023026516391,2
SAT-4275,1288.9523006160175,7.233263162790785,109.0560325521399,111.15220993024822,2.083977970626627,5.612933126746482,1
SAT-4276,982.4850244513735,7.368551699718703,68.95875003196178,104.46595702797576,0.19407101458228992,5.5653295415528925,1
SAT-4277,874.7434959226443,7.439946959941815,18.301841357578535,102.25349651008345,36.01759591844554,13.240066563579276,0
SAT-4278,515.600838335712,7.614763734678115,104.84551215973914,94.75799316776664,24.5683670011523,3.6884304769504066,0
SAT-4279,965.9621659558729,7.344767629208912,122.94769447522548,104.39543572973274,0.06278293131851774,1.4735491942062342,2
SAT-4280,576.5233856793247,7.52408146060208,122.44907141384451,96.14411655728699,2.4258022750755095,9.695837473944662,2
SAT-4281,1548.4216500367713,7.097482065573953,114.66619363308773,117.0108275177928,11.665312434244179,11.030466123640108,0
SAT-4282,655.012590340803,7.527792815039489,90.04046056839825,97.76592576706858,0.27236160460475783,4.787695494741115,1
SAT-4283,399.5610189837075,7.653308445333121,93.50507103467862,92.49988914744894,1.8649135374339012,9.684744450145896,2
SAT-4284,1239.0224342892984,7.203276506570711,114.41521976543272,110.04420234917718,0.8259345840879931,12.43929943130564,2
SAT-4285,1311.8905456229827,7.188191510562935,124.24668511439539,111.67847496297979,0.19436085326308486,5.6260917313101855,2
SAT-4286,1782.2522041768593,6.988142836379849,117.87781298964931,122.01236220887574,3.4928678597847442,8.453126054936478,2
SAT-4287,1280.868741110059,7.230789944685376,105.65020168442132,111.00145016564915,47.86813757687546,2.4314690513898887,0
SAT-4288,887.3174513298577,7.414330567706814,28.05101726474131,102.63683134067804,0.6234932917071639,0.4759841370158677,2
SAT-4289,1665.1201985947448,7.074966523322361,37.910976928715115,119.50285466908775,2.270424314661497,15.703750799492191,0
SAT-4290,1218.474118418616,7.226367739555913,46.8403237863627,109.79847489955044,0.48143099727958655,4.865720523528282,1
SAT-4291,434.776483873026,7.670591796070952,165.5390982757504,93.01299588719235,21.370557640938273,4.534542606476964,0
SAT-4292,1261.9459525325192,7.227359220529193,136.69111652345399,110.66094571531559,19.623573919777616,15.574597617452094,0
SAT-4293,1843.631527216826,6.979755007494125,99.51602751663808,123.36803366640795,0.17190565687143244,11.678913027833556,2
SAT-4294,973.7314633469749,7.358104417666619,45.37024713792843,104.41497444628183,25.050513173221972,9.406236418253682,0
SAT-4295,803.75386322966,7.475021611114082,19.96047418395081,100.87628686561898,0.14239545823291677,11.219241981984373,2
SAT-4296,543.898076930634,7.598250559454635,161.77666067639544,95.35439630801388,0.09666959146178265,11.387832410456902,1
SAT-4297,557.4573872901074,7.571324240619026,160.67988284812506,95.71162810517991,4.547511975758334,12.237040496658421,1
SAT-4298,1035.711523381092,7.335706296737358,19.925207225224476,105.63394009806477,0.7189229073528386,1.1683087795767273,1
SAT-4299,1312.6557010746,7.1977366090359896,143.4989998973693,111.5486530092086,1.9552026839189982,6.664019574547918,2
SAT-4300,437.046188788323,7.661478383601793,80.39611247578428,93.2294307209126,4.536097179663462,4.792572053544961,0
SAT-4301,1897.2666013427818,6.919636052077519,58.31404790949722,124.87870375323826,0.07202474306919633,1.2220572524203872,2
SAT-4302,1583.727149656833,7.078157560535558,133.03881651756728,117.5790414898827,0.37829405615454764,6.660324049858217,2
SAT-4303,1297.2606610822265,7.217660256098554,110.57931739093151,111.50165986134036,1.2069490567049093,9.897158418069033,1
SAT-4304,1708.3457405962845,7.024600419699275,140.40541936680071,120.45911744955018,0.3153059990413346,2.938113111593259,1
SAT-4305,436.3174865805926,7.679043175607295,13.379194913928675,93.02519967061448,0.07012682186433958,4.949925227816875,1
SAT-4306,1110.6260921463113,7.314606898410054,57.345663592342156,107.22490675553429,0.0909912694431414,10.26281606848275,2
SAT-4307,1371.1583156648278,7.175114025198604,57.477033075012436,112.99490714978461,12.711991991542622,9.311262055159693,1
SAT-4308,1708.7099404010917,7.028115428684522,59.35555661179779,120.42247374111392,27.110047715890666,13.91368886445426,0
SAT-4309,1631.898252083755,7.063321535079075,90.44637707588498,118.61790367590001,0.14310997690293215,12.680572417441097,2
SAT-4310,771.0177245127793,7.478716591877072,50.94248455457053,99.94374380654702,0.2797408410134657,15.45321573134787,2
SAT-4311,1899.4962882506472,6.905782432769645,79.98904981575355,124.67007733724725,4.526038235712948,9.595373630802698,0
SAT-4312,511.3879304324796,7.604226290260086,66.19996676077484,94.72340944051511,36.45736972762095,11.205631125944858,0
SAT-4313,1787.7271516559586,6.959997474837042,132.35328864369203,122.2337318397261,0.3960400728586573,13.782049515149007,2
SAT-4314,1950.5984243278515,6.946512400929765,108.63014322150902,125.86267060235681,18.39123454593443,13.455879872721761,1
SAT-4315,601.1609894784635,7.559886521297457,117.65329781711678,96.58320896422305,1.6483291449839672,11.527674108217125,2
SAT-4316,1527.512309146435,7.10002333206565,37.905100934875996,116.53742960217349,37.037863054930654,8.054073729046204,0
SAT-4317,368.4853819225974,7.708452637517953,58.59038975884008,91.80922308064052,0.12815807976791974,4.443989522868588,2
SAT-4318,989.2188027365635,7.367526499094109,3.809780570173371,104.72382937793,41.685709622460955,14.047730487572954,0
SAT-4319,1177.681608636046,7.244062085765352,19.50744731277058,108.87715014545144,1.0517339370237309,12.448821531573149,1
SAT-4320,1287.096884046378,7.213118787093848,47.70976175799972,111.06208958003262,36.1231134942939,13.422720536139819,0
SAT-4321,1891.093322022551,6.939121688680022,11.783469834363789,124.5421761671332,1.188613491578828,2.3385501585405466,1
SAT-4322,1442.8261684001309,7.107391682085695,108.47383206384644,114.54578540752814,1.9463296860604018,5.105524763209466,1
SAT-4323,1118.172517072703,7.281642528398466,179.66342086628856,107.37680448340907,12.980607963069847,6.855672102604453,0
SAT-4324,1676.447561652012,7.0341759982974965,18.146738531769934,119.7001384605645,7.359621959119323,13.429796359578916,2
SAT-4325,1915.9057956224951,6.933119694758407,147.82143828046773,124.91872661196271,3.6122680144866233,14.296898096163023,1
SAT-4326,337.5124527598944,7.678605019285502,21.38692450772649,91.32913021973846,0.8910664150652893,4.6297941566590515,2
SAT-4327,1970.2861628352657,6.935807595759722,120.5845233833585,126.2661553075552,11.920242937814093,11.01422375952566,0
SAT-4328,446.42463640825656,7.644387884912289,115.76836855062308,93.52493314822314,34.96672872107212,1.3372458778257583,0
SAT-4329,1684.4575247568944,7.035097946268248,162.48904826601589,119.92475536889233,0.053506025866492474,6.6122150243033015,2
SAT-4330,776.5690793374013,7.475761726571122,20.510210462492225,100.28638090123951,2.900716555836494,7.838038813254973,0
SAT-4331,524.705418181582,7.5871429988764625,56.780003894741604,94.93016131867226,19.811291641895608,12.273561756895942,0
SAT-4332,1047.7545875135193,7.339117158371007,16.34035686384343,106.00868102544919,4.553104482129522,14.282358565710215,1
SAT-4333,1394.726185060943,7.15702592484025,73.32899864479809,113.57471381032015,12.63158293430005,5.462803449608853,0
SAT-4334,947.6181365399075,7.36203398490824,164.08677124034008,103.91570477346798,24.21883876228819,8.49104835007623,0
SAT-4335,392.7611940805882,7.688172220227488,140.6741671911341,92.34357008570883,8.950000341668085,10.394426735643634,1
SAT-4336,1319.083937419818,7.229350232995525,130.12201808015746,111.81841119735462,7.079819873921856,5.326126940254353,0
SAT-4337,1834.085569388147,6.984409144757355,95.94495087528637,123.22962992882842,39.192925179434084,15.770057589467307,0
SAT-4338,951.4661221103279,7.396485891291205,159.02743362039413,103.77174550569053,19.499522563997502,14.024812635163391,1
SAT-4339,667.765721972406,7.514832176925448,80.8995236834391,98.00233461319617,13.967015434912145,4.812804978979204,0
SAT-4340,1052.3814880857863,7.2957529428363594,26.943420078114883,106.19529456846024,0.09081970476098386,8.17634507288487,2
SAT-4341,382.2166087829275,7.712496949534358,150.76534016174026,92.21201319366286,0.26065115502216263,3.7703657506311856,2
SAT-4342,1694.8288936164672,7.070913203979718,50.33489904931083,120.18313530916346,2.3401197249814865,8.280612310563024,1
SAT-4343,1704.7793786153175,7.056346846317318,9.65403738440065,120.29837972346424,6.724350139862533,10.96498428269023,1
SAT-4344,1299.6007878303683,7.201938541947711,22.686845520382448,111.26071929366276,0.40608288348868476,1.4597853754085062,2
SAT-4345,900.2749111952621,7.3808594835283925,109.63060491494667,102.947365899018,0.09526960041914365,13.934863556435621,2
SAT-4346,1659.6317195578317,7.023897791307078,109.27475350581105,119.18737696227572,0.4288126264941805,9.540559308300677,1
SAT-4347,1242.9679421402243,7.201738999554874,46.832970794766204,110.164595378809,10.281525241842704,15.834686087374326,0
SAT-4348,1704.0849245350275,7.023645226677429,130.89242663027622,120.33707038057771,21.437448415800734,0.506904965267101,0
SAT-4349,1373.479947391135,7.206301623337839,139.25522797191618,113.03721172953944,27.395608381445626,13.32082378246189,0
SAT-4350,1633.4893044617554,7.053873536020659,165.69047270405127,118.78818969969483,0.6848099183651151,12.692212467247305,2
SAT-4351,1317.557088470192,7.206278044241187,105.28874976208266,111.83574796504055,0.6555196714171356,2.2123549414365145,0
SAT-4352,1004.0398159666325,7.379193753627505,140.2962055465631,104.81093779191362,0.8300273773743326,5.431359597826167,2
SAT-4353,1928.507961874434,6.922069356158713,135.55794235889408,125.41322191111546,0.6704994294006492,14.168259628402346,2
SAT-4354,1219.893502294036,7.2871128702131385,46.40562872409472,109.47513568303684,4.983791061686593,8.343423291648843,0
SAT-4355,1328.6521815189153,7.234883886764162,55.84066702877868,112.13729191426775,0.5942097734665344,6.4803756507291,2
SAT-4356,674.8289870050737,7.518849682878583,86.12683123551686,98.04197358781332,0.057544234112798055,14.497393272788385,2
SAT-4357,1363.60634202637,7.167215020402149,3.4270141552647293,112.61233881991055,1.0376330744739017,1.5841779391852768,0
SAT-4358,1271.7330041210046,7.235729561778501,53.53159916839024,110.74230949749334,0.23519398080182946,7.622652248145877,2
SAT-4359,614.2252765099424,7.547079035093871,85.29891720196284,96.77754641173433,0.061008650374187734,10.472748157808102,1
SAT-4360,401.2980655003443,7.648732177154945,19.452473150605872,92.55989808848186,1.2927033043640137,9.7758088803387,2
SAT-4361,1327.4108435151109,7.221246834196344,22.72965979952258,112.05663451764612,0.20741190575816654,4.301995625101374,2
SAT-4362,1598.276857895545,7.0966086696080595,83.3826124327214,118.03610080050278,1.1407630583492285,9.05667518209595,0
SAT-4363,1189.782330567414,7.263927704188051,131.57370568546762,109.16414586682191,0.34058064542495264,11.36613205214711,2
SAT-4364,685.5134630433977,7.490518215792389,150.07480756572298,98.31109256678512,3.236656530927811,9.399677976494504,2
SAT-4365,1433.0873603781595,7.122146892443859,98.33650155085475,114.42719493855844,46.946385965399536,10.982949393039425,0
SAT-4366,436.17973523632384,7.654326360793497,85.45481775841161,93.22432723866976,2.19111799938647,4.171651956281768,1
SAT-4367,1051.1172981633229,7.318331944647951,69.17050232275594,105.93131121918539,4.361719722302821,13.342298309321343,1
SAT-4368,577.7234892773143,7.567022423724965,34.73081863876912,96.22382106702818,28.628413248615583,7.25006363806102,0
SAT-4369,613.5803868018018,7.574817522608723,26.381160506585648,96.67911414302743,0.6621726783221181,15.796859121262644,2
SAT-4370,643.8997135689463,7.552698655083776,142.54136129912547,97.54400021844661,0.1579848178164584,0.4702365986043072,2
SAT-4371,957.4019969747624,7.40260055344101,83.70119379822052,103.90585738634518,0.3526645879578928,6.147014402837529,2
SAT-4372,386.955349554676,7.6601876741656145,142.25764418635583,92.20744354083163,0.8078948254257224,2.969553331651263,1
SAT-4373,976.2488495794669,7.358708726969244,126.73494646211334,104.6454299566103,4.305494592397695,8.934191479205449,1
SAT-4374,1169.9026600949915,7.285561455260105,34.90126458900819,108.59493431451521,0.0516100277548741,3.9669610005404423,2
SAT-4375,1121.6002844427528,7.302740642586074,91.85530755802063,107.54867657841639,18.160159083645066,11.82589935042296,1
SAT-4376,950.732970685169,7.409043332534649,79.92299347608252,103.97659859074467,0.08457693127484266,14.121667211166548,1
SAT-4377,1726.5492337202793,7.024451249331465,76.29723109632542,120.8291578559582,25.173027548705043,3.453061221955563,0
SAT-4378,547.055377114857,7.627575530311272,97.66278885668649,95.62300393353449,35.2592904129438,2.6547741309985944,0
SAT-4379,1159.6844644283358,7.286113004114086,176.77474219357882,108.41475782857161,46.69586090718575,14.018179253082808,0
SAT-4380,405.4704088261423,7.690744443770249,146.32210758073415,92.49425210041015,13.412216572936456,5.84422344990724,1
SAT-4381,420.96465409244655,7.654277733488144,162.6682376934705,92.78976063693369,0.1332099245006765,7.009879795848576,2
SAT-4382,1275.5719444510637,7.220257478939797,5.335124971686758,110.81394564522174,6.568574560784128,3.613415088852217,0
SAT-4383,1262.2313223092956,7.2444970520773335,25.26054602265107,110.55434948636876,0.20367319499117112,6.862506402013239,2
SAT-4384,1792.6569718355768,7.019835056011233,15.25745884042143,122.3101094500593,24.567078360064954,3.7776711619401513,0
SAT-4385,1248.3852486221244,7.247425779273208,47.38158091174979,110.26752162329366,0.4454385309523848,10.688246306083478,2
SAT-4386,1931.6447346882453,6.927178583675549,79.54064855399709,125.41704397578927,0.4779230045732853,8.032134958433387,1
SAT-4387,382.7812422798806,7.709919746464837,115.56958457806012,92.27184383262308,28.30934962636868,12.630161090810251,0
SAT-4388,466.6130641272598,7.591293776375717,90.14962793158837,93.67834739886277,0.05478519561695829,5.072377045469982,1
SAT-4389,374.91196466964834,7.658407891472693,162.57310468436515,91.91576862130255,0.1909274880569101,8.1389607457987,2
SAT-4390,614.970645567018,7.567259218580347,169.17407260089547,96.90930577700135,0.9220761821046772,4.226420835336437,2
SAT-4391,1220.1591886008528,7.2465575970905505,29.433771215542603,109.7668633494224,6.3260803865500455,14.95813549092144,1
SAT-4392,1397.4727084266276,7.175211107069897,153.5243256476613,113.56402732379436,4.381960944540697,8.39877711787854,0
SAT-4393,377.494768512737,7.686669623723366,86.70999672239418,91.92981935030602,5.09572086239887,2.858053691455295,0
SAT-4394,1908.1505127375187,6.950085155161609,81.59930483712918,124.99576977309285,21.82911302710258,4.436973981439461,0
SAT-4395,1731.681140305648,6.99753027043177,141.28908272722228,121.00366429789875,0.11536159213214271,1.4181412295725564,2
SAT-4396,804.2412196670583,7.464744589911353,16.765291628077787,100.78662854164924,1.8427019396727566,0.5422743300039611,0
SAT-4397,431.2188013849956,7.674859967657543,158.8487629354464,92.89793659934732,7.505905142883799,8.462157034523669,2
SAT-4398,588.8080244723974,7.592221651233482,120.75540381857064,96.25971247498431,4.04879075941638,5.460254468157124,0
SAT-4399,515.8055033834536,7.64808669346904,157.5470893784396,94.6805691413843,1.106400502007322,15.423997938638873,1
SAT-4400,509.5824248082097,7.61613720780726,179.0059639873721,94.60004845994699,0.05627477431189395,2.824169202147599,2
SAT-4401,1181.5548707317475,7.270249443601732,93.2408014243056,108.87140260288989,0.07591486101871069,12.723211178517431,1
SAT-4402,717.9406522387806,7.468102521064793,16.787195623607218,99.03508654334425,0.11370877606117093,5.123945930867153,1
SAT-4403,908.8375180995456,7.388968365328932,29.97429532755957,103.20295921317236,0.5353690525705072,3.654244438333413,2
SAT-4404,1982.1590667533483,6.903998101333177,58.25128365977579,126.5760411633434,0.112701672833659,15.517225422120788,2
SAT-4405,1463.334223173086,7.153934375068481,18.63952958424772,115.09468455341597,0.9488923460019096,12.860967920057675,2
SAT-4406,1913.2671339799024,6.924303119701869,146.76152870479856,125.09706054581993,0.17174969563197873,10.126872173980773,2
SAT-4407,542.3461435562965,7.609124995750196,53.436213185898325,95.47333985981045,10.87598492415466,11.184224491857657,0
SAT-4408,949.6371072153678,7.3789155247035065,175.65951384357575,103.94984835486379,20.579406912527496,15.862965450124378,0
SAT-4409,1243.044065580002,7.231834119523932,126.46645774773403,110.09946027526225,0.7377556229412991,9.531997800315699,2
SAT-4410,430.4887052108546,7.66036040149857,31.217466646000375,92.86683871893202,1.7098786919470998,1.7202171678306655,0
SAT-4411,307.11865416752835,7.717947699114332,85.68767644990925,90.55037218750581,36.26258242949598,1.1313714145519638,0
SAT-4412,1439.7383674547598,7.135113226288584,84.0391598939978,114.4451460565166,2.0206601205736576,10.699047761834587,2
SAT-4413,1391.09317856244,7.131948125572122,88.6520985000541,113.33198867628965,48.32697948414033,10.555858188409857,0
SAT-4414,998.34097699934,7.349564772266495,96.4244107157284,104.80397568983982,0.1334636461684586,11.995963308351609,2
SAT-4415,1132.3949292544555,7.278931282441198,5.611154817191554,107.82296806863313,19.304086997108033,1.8295818106985589,0
SAT-4416,1006.2531010065524,7.340259305189593,123.53420263385222,105.25053856755673,1.5508829174000143,15.123946168607231,1
SAT-4417,340.80857623631107,7.714694142126676,87.69451955191978,91.16422222849663,0.058494137019152306,8.863418781179252,2
SAT-4418,870.1317305696862,7.4325192875701225,142.37377179636582,102.26338241950275,41.270414301569346,10.427932784237324,0
SAT-4419,601.0398341753928,7.565813097327797,146.76292318687752,96.55027665602348,39.274774806716074,0.6541528957122708,0
SAT-4420,467.32112147232687,7.654646362412101,41.49632195850914,93.66698612712402,0.7059639507870317,15.379490010797625,2
SAT-4421,1926.4247376118947,6.942532418606279,8.716130356820004,125.43802180875755,36.424719630836734,9.045210395028784,0
SAT-4422,1318.9115325716816,7.193696336764308,126.58209410021807,111.74201374226608,0.13243382755378935,9.057473496614595,2
SAT-4423,1538.7156832022245,7.08960024389877,175.9973019234974,116.68340392262536,5.48656372394413,15.10252952806304,0
SAT-4424,836.1183635523997,7.443089965548829,80.39843758456219,101.45093136629006,0.1882595277829897,14.876667833120312,2
SAT-4425,968.3501201398259,7.381010309954829,46.73030572684724,104.3801416537588,0.2747335597218802,3.6027476098941422,2
SAT-4426,702.7707896244299,7.534558973166063,28.200941025026573,98.57579027616292,10.888857540436643,14.904471268304276,0
SAT-4427,464.84164064122206,7.65994602132295,51.74020753030531,93.784002290432,0.6777105681420161,11.812278501142977,2
SAT-4428,604.3537836506924,7.5485434002556575,59.02551924686096,96.54537742787198,0.052523361454998994,0.4005215645695376,2
SAT-4429,1655.773877004026,7.044864157404459,76.2974538182036,119.22989019104945,0.8743499245985403,3.91350606493958,2
SAT-4430,1451.827868812419,7.151592213599122,117.97328217862557,114.40040484751498,0.2416450850613399,6.666384312995997,2
SAT-4431,1229.7790891753107,7.263048321563321,49.16935009444087,110.12166185852892,5.6099597460387685,9.3668770425415,0
SAT-4432,1107.6527838735058,7.319356654864434,9.175817424361675,107.32913275211845,0.19156496936775647,11.251142714770154,2
SAT-4433,1868.1382822154117,6.954216613088838,67.19015008308952,123.96916655681787,16.816305542934355,3.4423452639146994,0
SAT-4434,423.64941122373625,7.6341539413093225,154.01333090863363,92.78637860173228,0.31640915481968596,13.403538176951654,2
SAT-4435,777.0213825044572,7.447533895308148,89.70327195333908,100.18984368991306,0.7551874762752276,13.54687364983756,2
SAT-4436,894.8943510702139,7.412145730801431,173.66107639417376,102.8007562370922,0.391814574612079,10.19648122624318,2
SAT-4437,1630.1238807617394,7.06503523624423,90.65187559597172,118.52049575906442,4.273070397717003,14.745393177199604,0
SAT-4438,1987.2748542753513,6.883771810435553,49.661787045932606,126.73197040147595,0.10056818864188871,13.026420587665287,2
SAT-4439,709.1398750871601,7.504116360424271,34.79651950413862,98.99197605164316,1.359152293875151,3.6238161827673,1
SAT-4440,1786.322468033037,7.002912526291357,125.01440942140374,122.08941110202433,0.5038885037153322,12.798962174334731,2
SAT-4441,1712.0586927340453,6.999302012074616,96.54863143993855,120.54585762545277,22.458662780147968,15.25591305217437,0
SAT-4442,681.9175759910033,7.539791146933318,108.71980721917947,98.46589354896435,0.08302450310474728,2.287942507593052,2
SAT-4443,978.8653863386784,7.3567107544271195,135.9228220801436,104.5782593712132,15.418964166164562,15.661296368177362,2
SAT-4444,996.4438777972825,7.380622943880905,130.66262356768073,104.90280976374068,0.15922506466167363,0.497385468644435,2
SAT-4445,1962.9751364951492,6.905136705453836,7.805394030280857,126.2444675873844,0.0921940692272162,8.40245919190298,2
SAT-4446,607.5162323441272,7.537127319116259,144.46294295310508,96.65499203663381,0.20227330878421845,12.404900909757899,2
SAT-4447,1658.5685508781294,7.036515106630016,95.88659526930806,119.47326418378803,0.10160824504032974,12.667965830485445,2
SAT-4448,868.1276140942869,7.4184706195916945,70.50753554665907,102.12199491753816,1.8277712800923998,11.781293849425658,1
SAT-4449,1542.4795878194727,7.089399348600979,96.75349672825267,116.56861862839826,46.09086546248593,8.516686826775274,0
SAT-4450,1014.0187073026268,7.342393184216514,110.2412607223185,105.22662979188388,0.06337997449802575,10.450332720919288,0
SAT-4451,1283.211597298118,7.223047018713339,26.911135777283455,110.97681887433153,1.2088016727016617,11.228921751884508,1
SAT-4452,1715.4400146544228,7.017434621369581,75.1347711587601,120.58534307651422,0.7197488699135409,7.96317366500094,2
SAT-4453,1667.081460472603,7.040623668992796,60.405517833873084,119.50723372684028,0.5221427438829549,9.571391104640737,2
SAT-4454,1772.9194120174902,6.96185336577993,63.07361006724692,122.02149006507156,0.4949494382001197,13.557252049975412,2
SAT-4455,401.34945308592035,7.679668135279582,16.44028891331548,92.51140955036095,24.210751728268782,5.074776436218652,0
SAT-4456,1476.4859401675662,7.125164322287259,28.771827840041475,115.33329401820133,0.057003097428271435,8.418980598801253,2
SAT-4457,537.9785404269969,7.627803746640203,29.129772165519846,95.25310771122717,10.561343463843086,0.23482756430557514,0
SAT-4458,1006.8915656312987,7.331469564222434,67.1804537798966,105.00752608649388,0.2869257600618572,11.030238756451011,2
SAT-4459,1232.6003055929705,7.204178867926443,161.00847807746248,109.75553522743755,0.7060842705027873,3.206628887375984,2
SAT-4460,984.6571240696122,7.37372292004643,37.08492694576968,104.64992225994874,0.9107931231965171,7.747919934048925,1
SAT-4461,1183.3398488651128,7.270843432838326,74.91465138146482,108.98614166100967,0.41036023188835496,3.442262938859303,2
SAT-4462,1994.0947249576525,6.882761115245756,56.08969475384482,126.8904534014615,0.0954215770269305,0.47418606179802747,1
SAT-4463,529.8694333118531,7.569464333674412,141.72899625924086,95.03226685316602,0.11014443279970458,7.783206771998463,1
SAT-4464,1448.2752770719235,7.170541178352314,9.022757817746907,114.73220711099059,0.3920697868558511,6.854854345110241,2
SAT-4465,973.2016428555459,7.395382644587472,35.37781119646027,104.38592666407077,14.60148958446568,6.859877265037652,0
SAT-4466,526.116658142459,7.5523775223094685,37.91547762386299,95.17677409992777,0.12672227548094014,3.420017942869038,2
SAT-4467,569.8524977363262,7.568973010066215,178.73330405638163,96.03659938701139,8.450638107870434,15.16055297699605,1
SAT-4468,1913.7642806175488,6.969598859018033,102.73950323393464,125.17367355166853,0.3677724497448848,0.15576371379004253,1
SAT-4469,1795.3225444099955,6.976913739727003,25.012487589033277,122.48087675737537,22.354492236000915,14.275572654957685,0
SAT-4470,1841.9713327055372,6.95675339477355,48.99584506978179,123.32641184088084,0.963730115766016,11.816740577917765,2
SAT-4471,1985.605718906557,6.9007798483142695,30.207976942126365,126.77446358191906,0.1637344043521934,2.835945333179017,1
SAT-4472,654.1361630144805,7.51012322548405,22.42882253150064,97.70328387629192,45.342280018796146,7.607852582226517,0
SAT-4473,904.246873518905,7.367835264627832,143.49276511342066,102.98812095436017,0.16938445925745876,15.822716295981534,2
SAT-4474,1437.6723508722735,7.165689893348247,89.23547315886387,114.50182635383375,2.522490086020583,10.334801968050485,2
SAT-4475,1122.4643177631003,7.256499821204084,113.61782463278064,107.63819685506097,2.5516989718034946,2.1252899087168133,2
SAT-4476,1011.262206743167,7.35303012704519,59.62522445855929,105.47691567675099,0.6567655404068424,7.376511597817267,2
SAT-4477,908.2791238705082,7.417611989661324,99.6651154921193,103.00544193048772,35.763151460723364,7.544429235507716,0
SAT-4478,1309.4270743038687,7.175016907109278,46.36242585426548,111.73825015318113,17.005667821318358,12.855986992841423,1
SAT-4479,1278.5088286881394,7.200100247797006,55.446529487082266,110.92404328361974,15.432229982118132,14.666990631935871,0
SAT-4480,574.4783179092082,7.599877042510656,117.40282998601194,96.08829068524739,41.82402356774028,1.4076405382908797,0
SAT-4481,1101.9577237813464,7.314016415499724,27.063022665461446,107.24549714421546,1.1757040626996107,5.093192862550033,0
SAT-4482,1240.9020195567448,7.224049740681871,111.09993465014314,110.19025059950113,0.09784245274554756,4.845166217473327,1
SAT-4483,1269.4877958433638,7.246890787783202,153.40226695616292,110.94182315887458,9.893222594597512,15.937165186212392,0
SAT-4484,657.1822279509981,7.555039373653182,21.676180712538432,97.64075159040705,0.6940771430348506,8.991711155393254,2
SAT-4485,1561.8613668288874,7.093874701954269,161.54303050259622,117.14504868051776,0.1862110546096311,14.089320788307752,2
SAT-4486,342.83846119581835,7.6871884050858545,14.300222453801098,91.26770599902324,1.4083546563497849,6.8739223061727,0
SAT-4487,903.2141544233765,7.394187212298481,62.80366085205714,102.9936441579153,29.931385802301275,11.59129809150209,0
SAT-4488,1626.361502510577,7.0655785358435415,109.89167674283902,118.6439255340695,0.163320635588081,4.656711712635922,2
SAT-4489,1258.6179657941839,7.22421723306505,100.69465682133664,110.66716564187792,17.581926088700374,14.59739777347881,1
SAT-4490,743.9761352684625,7.50361297281725,17.350393048998022,99.47893456023773,0.8986381031824128,7.336825231685887,2
SAT-4491,1481.4203028831812,7.094113312131703,143.80437020145357,115.30168123891103,0.12863997483478076,12.879235407325787,2
SAT-4492,1264.5646050653247,7.195288702740765,175.1675927661455,110.69866091525964,17.543527271062473,4.16748844514678,1
SAT-4493,1653.6141360758581,7.051469941714766,32.62109205307862,119.22514403020806,40.53507938706009,11.128309036557878,0
SAT-4494,1549.5428165226997,7.084172864526267,161.1235745667833,116.9751864819882,0.3739229762504474,6.54201862996057,2
SAT-4495,1337.1834674615989,7.1785182491375465,100.22569958011509,112.24763350226775,0.4069852163534262,0.5998868252952981,2
SAT-4496,1129.902048028384,7.254380560779688,168.46807882415894,107.71914737700743,0.7423487019216206,6.666831234769109,2
SAT-4497,526.4096136347898,7.602356129102933,31.695472515017002,95.00675920730927,13.847172349935159,8.845344103911184,0
SAT-4498,744.2661304051524,7.483626196780502,142.5638507722964,99.55407444950902,0.05373058815634788,2.513009661219486,2
SAT-4499,1012.469103959045,7.360553696446823,10.760683580159604,105.20213173462928,0.23487655023228307,3.0242183725625797,1
SAT-4500,1318.8087879108607,7.201023680499942,158.97536042449076,111.82892808342136,6.556460327124608,7.491318493338195,2
SAT-4501,1173.3033538660181,7.266090945065982,121.34869599593405,108.64935453715684,0.8239262808199885,5.549402427691166,2
SAT-4502,789.9136941312001,7.484327455304593,66.64586110603742,100.59638796798474,0.48961743369969274,7.107774554253466,2
SAT-4503,310.9894082425079,7.697283457565838,34.28402822961303,90.61735932204864,20.692771927046373,7.427149130231292,0
SAT-4504,1143.6066772313836,7.293819178202768,146.97595774209685,108.27426732273888,28.246963241141938,2.3272090948738144,0
SAT-4505,785.5641805558132,7.429631359900704,108.58343785106608,100.43523103458824,34.90829696335897,2.9809937467948244,0
SAT-4506,1548.8341112079097,7.077553911098856,64.87485353064025,116.8501221411284,0.32856522957078577,13.585829756323959,2
SAT-4507,340.70865095982197,7.682160904907698,79.89044846445293,91.47012021871812,27.32170720978868,2.687227160036697,0
SAT-4508,1294.2072792198446,7.226828796414751,148.7776780930278,111.35428536827659,8.12581009740321,10.688037894831348,1
SAT-4509,1900.506203760311,6.940563562782627,61.00689480423619,124.87661326778358,0.14508223917943755,6.754595943607894,2
SAT-4510,596.4957540895491,7.563364372279681,16.133882059787165,96.52532790703658,3.386726213644265,15.49496330691729,1
SAT-4511,1101.804134276012,7.281298974389486,164.0307909966251,107.2105628931221,0.05997558078819515,1.151059354022977,1
SAT-4512,455.4173860891349,7.635397921641492,69.72187313844623,93.60468495450839,6.6696719211761195,13.303182969889114,0
SAT-4513,1363.6592508442995,7.163471846456031,62.709752000738426,112.71899174359466,7.9372959240142,7.914042774531682,0
SAT-4514,1235.9038570135835,7.246441523599871,36.79193139766909,110.08208414916645,11.667707417968177,0.18510269674059882,0
SAT-4515,992.521391161815,7.337607697137973,161.5360628211022,104.673975803229,0.16464371871848016,4.292197481138904,1
SAT-4516,1186.34093650536,7.289066354191407,39.150960063810096,108.95414519609957,3.8345978742685207,6.582379955533384,1
SAT-4517,1824.1769193973173,6.940613277188963,114.60111624024906,122.98186216665545,0.17200459889671774,5.0956965798379095,2
SAT-4518,633.700313928814,7.5273906644902375,158.53770208945852,97.27554997214582,34.58758619953921,5.862946477821539,0
SAT-4519,338.3596698990903,7.7413069671481445,6.284450628579132,91.18859027691279,5.296659835564931,14.67508335528116,1
SAT-4520,1764.8303039884715,6.99081218534216,149.18250695403523,121.7682854810455,0.09659342118280227,5.83885111503801,2
SAT-4521,1281.099040059441,7.191066204932229,73.9078959041594,111.05624084419223,0.18199803304815412,6.759387132503451,2
SAT-4522,1814.1193742851322,6.9827897639275465,118.43542354773814,122.76728276081532,4.8904666173035505,12.201991701891993,1
SAT-4523,1314.8068798023933,7.192011853913287,67.03282138059971,111.73583991052958,1.3458030022886802,12.721953695399165,1
SAT-4524,1677.2738529314943,7.020768113415833,125.19292614254891,119.85260818795398,8.088407122947407,1.437025463408444,0
SAT-4525,1030.4447177037514,7.316638995881186,45.773084620385845,105.72394452638022,0.34780546452549205,11.294713549615366,2
SAT-4526,1574.761883190057,7.138104442825033,3.947497638371329,117.36508157497795,4.706766078820363,7.772894063460734,1
SAT-4527,1852.1704937127552,6.957212961149441,170.60175266183163,123.53237423755446,0.16976591886100634,2.228276902478721,2
SAT-4528,1272.6090383277506,7.1828595973250575,2.9461975272149,110.77009602209209,2.1384583418486347,4.3088979667554606,1
SAT-4529,607.3347559560452,7.587632294382401,148.33787213403127,96.79582751805565,37.35672359029566,0.816064407173647,0
SAT-4530,756.9559455513369,7.490237304608728,30.444766798045283,99.93911549160826,3.8338639847623828,5.82777130210818,1
SAT-4531,637.6957807255899,7.526041247922337,70.59964114836502,97.23054170681858,0.07062376345158103,4.160962401310984,2
SAT-4532,719.656946912746,7.478996019091979,148.04862777109005,99.06589890628068,46.265410249899084,6.17544401834228,0
SAT-4533,820.9062638967619,7.458163903275222,37.067787056222166,101.34738856114717,0.147764120531772,9.327414705739033,2
SAT-4534,1243.7274374804203,7.2301144441284135,155.82736899450643,110.2566758636001,7.131441310097179,11.744198877382257,0
SAT-4535,1299.5857700885158,7.170141761033021,89.59660903834225,111.57225199371297,1.9795210371376264,9.725096586296523,2
SAT-4536,1025.049570311164,7.376977327565274,65.90762328910978,105.60157102618288,0.3819900650451422,10.886199105933137,2
SAT-4537,1346.2153256954202,7.1781701450477975,119.23879441254051,112.35670121055425,0.1701772340425002,13.863662017838815,2
SAT-4538,438.67737353932205,7.68068975595842,61.45014995657235,93.18821778524436,0.17063852843857766,13.993808651038023,2
SAT-4539,449.24000299887194,7.670420275172076,62.511904619344264,93.42763886943663,18.800484782154616,13.785437638910865,0
SAT-4540,592.1100826080194,7.545995825336699,132.03475036889458,96.38546477381495,20.782966942815737,2.535385756124473,0
SAT-4541,1180.731746668586,7.285830931326152,55.76980041703941,108.94191598592167,1.242815237327548,4.091999224138961,0
SAT-4542,663.790953787133,7.514341579027425,36.13907670379652,97.90792482038692,0.1022902860538807,8.086972348348397,2
SAT-4543,781.5834859373815,7.427796744526217,145.37630303938298,100.04176793508907,22.46287373251698,5.803954774854829,0
SAT-4544,980.53182149409,7.354934706435748,144.96678607090172,104.41930724336304,1.4455045494279328,2.1935365956514152,1
SAT-4545,1680.1724108176456,7.044171347772914,89.56542666723647,119.60653333456395,1.035755559142605,4.675228730229858,0
SAT-4546,323.5656310518622,7.707020054588585,94.79801090933192,90.87138670673494,0.8337600419020006,15.609317310483661,2
SAT-4547,1403.943994402258,7.153978230092723,125.29379263817495,113.73587517058876,0.6223182338016273,5.616135412394925,1
SAT-4548,1437.090102769165,7.1677766503913665,91.66937251723802,114.46808702837036,1.8922835551679993,6.7607336859057865,1
SAT-4549,1657.714826606282,7.048182313150653,75.06719261446186,119.22837540675411,3.2553199831214696,0.2017826075310219,0
SAT-4550,1885.6799964025324,6.931235633839435,179.08095479341424,124.50968037379037,1.2539107193234569,11.538696588664159,2
SAT-4551,334.2343432137927,7.724174259909875,26.575277013460607,91.14274511777603,24.48581109835201,6.675446042171538,0
SAT-4552,561.4322993724675,7.586691824368126,106.69103626317492,95.61333071934035,0.4486975414667195,1.7399270000330613,1
SAT-4553,1806.4911998951882,6.931230297461945,159.45534469361885,122.50969602393577,2.715848718576519,15.500052139044284,2
SAT-4554,1079.481555717926,7.3229335117767205,123.69870741260065,106.66850132245061,0.3970377169552354,12.46118808010288,2
SAT-4555,1259.804086186888,7.235263928241859,158.56619383588293,110.74354589542986,9.099553352907902,11.645786421980358,1
SAT-4556,1427.1462463293506,7.149861736823682,60.54024966384107,114.39119428694163,0.1012356095929177,15.330170123982544,2
SAT-4557,1454.4132276425835,7.154826617648393,48.95873572684306,114.87716233473255,0.18410559827905093,6.578933343822491,2
SAT-4558,1883.958685638064,6.9353780941286605,153.22902964237886,124.33035369578872,12.664097168941492,11.52468329064993,0
SAT-4559,1994.8140095998383,6.909363011422489,70.94062371338289,127.00633909073117,0.177240427959162,3.3787055684286726,2
SAT-4560,1524.2676835825985,7.074010514907936,127.74281815031603,116.31644743625183,3.768851649017288,11.184216704488708,2
SAT-4561,788.2760556487564,7.469782505084653,26.594744114540568,100.39949383610843,40.70993041527835,0.32385756578288516,0
SAT-4562,1795.5790839003841,7.025386450317668,136.05086256780146,122.19647461818657,1.8520036813982976,2.1082555490057646,2
SAT-4563,383.6755547192947,7.661967332650166,98.81687682447648,92.09048432595067,0.18245650154165433,6.861616805785291,2
SAT-4564,692.8374498866435,7.496682173242787,48.35009518388296,98.41083122358253,0.45818739931328917,0.2922738474155298,2
SAT-4565,1825.5557196883153,6.959337969352169,89.0107135126029,123.09512325571255,14.768766823685933,7.4452571016616655,0
SAT-4566,735.5255745469035,7.491882680210629,125.44985265114663,99.13787369477446,0.5674828532969187,8.412388810133562,2
SAT-4567,675.1068013569724,7.500062904194532,2.139553592529062,98.12027074758392,7.404642261746916,9.983544901634604,0
SAT-4568,534.8129983384204,7.605763500768126,114.7440705865433,94.94483311267301,10.740393497925862,1.6961481641985003,0
SAT-4569,1760.4899879997581,7.018319562888334,97.4863400891894,121.73157469692218,1.5941109540259055,2.978089418722676,2
SAT-4570,1150.0990406248475,7.290634204216689,39.65151019441187,108.24083687614598,11.184334757574327,9.851205594403401,0
SAT-4571,1447.318445192063,7.104861817711145,135.5365933157154,114.63684019961794,0.4463535750845802,10.565184628155965,2
SAT-4572,706.4128529275504,7.524573728930615,54.62297723397621,98.81409927796848,1.7678643759699424,0.5118136285433926,1
SAT-4573,1588.6687157190681,7.095294268806391,49.83496767838166,117.69051053521653,5.736470918722404,8.691841057629107,0
SAT-4574,1592.0094264355673,7.091665585105466,84.81930281987809,117.86971776690834,0.15965754472867646,12.581209538781438,2
SAT-4575,831.4166423441102,7.446717343776585,121.70694211602566,101.4652679911428,0.3310060307693112,1.1987039567877662,0
SAT-4576,998.1604761174808,7.3590177133311965,167.1922756577258,104.61744937913491,4.519389939636818,6.669448557419664,0
SAT-4577,656.4734716313415,7.551936202726834,25.444303763778713,97.669673897129,4.62434645444688,5.291529241178619,0
SAT-4578,1960.1537396489373,6.955446965232892,71.36426173531206,126.1274621841971,1.5096558132764242,14.627283443097065,2
SAT-4579,1397.5243809992999,7.144016201950596,12.058126652273387,113.55139179928871,12.182209802943008,3.0542580519826394,0
SAT-4580,1888.7245972163764,6.968383426930578,136.53913454491365,124.65681350022666,1.3968015566323548,5.161930568997234,2
SAT-4581,815.7554241695263,7.445637481507465,80.59192014264492,100.94289442496539,22.026059120054242,14.385271445361719,0
SAT-4582,1629.2145520947126,7.055998379907328,127.24724433387333,118.62735184456832,8.066410081198523,5.357387566353567,0
SAT-4583,1601.9596946040615,7.039915520225739,57.99499631573171,117.89187689554672,0.43959687276305803,8.54842430531095,2
SAT-4584,1475.8146081731206,7.121557465552513,151.97710345313823,115.44320013465384,0.7668881547882682,0.625261861970982,2
SAT-4585,1941.5862579535608,6.904752170368984,96.26905408322064,125.68367826912372,5.035354620529967,15.759948735183075,1
SAT-4586,969.0440713807365,7.359909501230001,169.84940792825793,104.26178475301683,24.117254192335643,13.216652655151913,0
SAT-4587,522.2194501025874,7.582311627015168,14.186635045926154,94.92243637374321,0.17182889706154172,10.186975021472152,2
SAT-4588,1441.9050607149034,7.133725181787872,92.56982841757338,114.60926053479321,1.7496880293321195,1.0660088421306868,1
SAT-4589,1539.8266608112506,7.090236671680081,137.96194427958577,116.74056156792575,0.11358559786499696,1.2904323858272129,2
SAT-4590,1277.602974879985,7.2209481641515625,108.02747665325064,111.2162194879349,0.34461602624918464,8.765080729571967,2
SAT-4591,651.5904183267737,7.50161134694034,4.174945276831696,97.65796206473496,5.713655905159534,4.632524535634604,0
SAT-4592,1157.575100837904,7.247421415877877,175.02096210189853,108.30347445701614,0.0855409186724234,10.002352215300457,2
SAT-4593,830.72255216752,7.446857267427412,53.687464753661715,101.3149995854721,4.853396247342824,9.611260461379581,0
SAT-4594,1026.6930978833714,7.324468228700729,44.87001594594877,105.4975908258355,25.20016400224261,13.434557232640834,0
SAT-4595,1396.8715789359287,7.184868588647049,87.41877760918432,113.40652242578501,40.46512416985952,4.573895265331013,0
SAT-4596,1566.8650625744187,7.090764546452496,97.58845935420281,117.30865559724351,0.22328862914199016,9.288030039406781,2
SAT-4597,694.7819745322834,7.5229797419186335,137.93186476616856,98.59282919790287,8.823966977757731,12.460076769536299,1
SAT-4598,989.0531130998207,7.387376682952384,70.78925837861804,104.67108725803791,30.066394425784587,7.903290482524987,0
SAT-4599,757.5746706857697,7.471497135773699,79.1928677631982,99.74988600986809,0.09398919649731319,13.307234272529216,2
SAT-4600,637.6737435651776,7.529892698476547,96.29278486808957,97.47414839659297,0.8730534438612566,2.18729160502299,2
SAT-4601,1631.7582739929253,7.074903996869048,70.98967795349532,118.60343112169336,28.654926904089525,11.768974465839579,0
SAT-4602,1845.729580542887,6.975162510674285,164.61865423820808,123.3333960674364,0.20292357229824018,15.093415255183558,2
SAT-4603,929.3947156637804,7.385424372428284,153.2253539941654,103.34632263239098,31.64113514611429,5.3769448037977,0
SAT-4604,1577.1741714354037,7.109491235406207,81.8952651140181,117.37921995670867,1.9078587474296367,5.924749434350242,1
SAT-4605,1824.8919919194989,6.969575755257033,0.035075220717084576,123.10915259383879,0.09968946193725119,1.42843986733459,2
SAT-4606,1738.4111579013936,7.011562804131418,162.16820919527052,121.09169668204143,1.118412351298472,10.299735195237917,2
SAT-4607,610.782760516684,7.556316094649133,22.380583219103745,96.74100986330686,0.4761607468756986,8.883966537594436,2
SAT-4608,1925.6961985727141,6.912633604563671,44.01223473492832,125.4633233746149,0.3512226262513679,0.7414975638446478,1
SAT-4609,940.3499487300862,7.3851846915715225,27.425031185771676,103.62545397603031,2.10570113507185,12.060171228843856,2
SAT-4610,876.7091239955217,7.443914509518808,32.36680259658428,102.42115006113528,1.4117184043913165,13.285623482345896,0
SAT-4611,406.1332563722266,7.6780253885031735,144.51795682017024,92.6909774939147,1.3959552076401165,14.523201705837991,1
SAT-4612,1126.495211978301,7.2920189923722045,104.31025949986636,107.63418080907172,0.09191686376275802,8.77717197011321,2
SAT-4613,485.3231465895788,7.621473206026339,172.09712936256273,94.24024990746751,12.76217064711874,7.296022554937942,0
SAT-4614,722.5176955766242,7.502763721576717,41.66163221826896,99.07092631652273,1.390874517517816,14.030580757060031,2
SAT-4615,838.8024570043783,7.450444417788408,87.41428346362213,101.63419150022656,14.510670831850833,6.43927942318341,0
SAT-4616,1675.004749935863,7.050662567352108,175.9371064348446,119.55277589113487,14.885174455785952,10.521545691229532,2
SAT-4617,1788.330705673024,6.982790437071712,148.75983256945855,122.0833846464457,0.44707046401116257,9.88425987677473,2
SAT-4618,814.1927396844984,7.454667262720003,131.1508222416884,100.9831994423698,0.05152392219703598,6.017361487114338,2
SAT-4619,1759.7868061157756,7.011284305583939,34.01553624674255,121.51811228358889,27.083640265485375,1.4815500073001653,0
SAT-4620,1757.2925935286448,6.982615782026576,138.4929721637489,121.49938161914379,9.573132800850763,0.44050706486390245,0
SAT-4621,1599.906615654285,7.074921284949533,62.561722067265194,118.01590340916415,0.10488801700859143,6.908980074512656,1
SAT-4622,549.3816938258086,7.546111354254772,95.49664146841639,95.56132210181553,6.370171230457881,7.751105039691373,0
SAT-4623,1473.5488397312392,7.1379331483524355,109.64901834711723,115.20147307887594,0.057416909198188995,13.180584464219283,2
SAT-4624,1906.540909786967,6.9525476961132595,109.68546807436573,124.83179198382604,0.06056855490088016,6.6891452335923915,2
SAT-4625,1460.318813904167,7.149252023098847,130.77422494443294,114.91567242122025,1.8899039082617535,4.570442008262161,1
SAT-4626,863.7486434833178,7.414717967140795,119.106376675597,101.99233031372702,0.09706938812033492,7.4473338423949365,2
SAT-4627,1150.9848396324132,7.285699535858772,12.30675827590617,108.11436067608952,39.082251197186146,3.8840486387419366,0
SAT-4628,1397.7325736967912,7.191460106557556,82.32246467083931,113.4142849829804,24.013954547542404,1.5526337167278088,0
SAT-4629,1167.969694838456,7.299589204717035,119.52388920959626,108.58142014730069,4.4504722566834785,1.8973842356091053,2
SAT-4630,503.9200009426487,7.613805587431337,53.27873678983116,94.49305786747207,0.07764203627189949,5.174555912361148,2
SAT-4631,830.5088759084351,7.4425157444255055,56.350203698950146,101.46325161993667,0.47149357362652966,0.30155503918000204,2
SAT-4632,1664.0732519411752,7.0654822148346685,22.422158595830798,119.3213068537276,0.6518369842654653,3.6012322582316862,1
SAT-4633,1764.4106783623797,6.969679435651092,75.35069747547396,121.65654562834295,1.385509512358691,12.621617940824427,2
SAT-4634,533.4100556164694,7.59164887035487,177.62947817511144,95.34023072344111,0.16057525721528101,3.830413359641943,2
SAT-4635,1919.0574790778319,6.960811656230098,51.35748503184673,125.1036505909822,2.700877784787999,1.8605992255283028,1
SAT-4636,858.9984503426359,7.444560888149953,95.65864068349765,101.94508304210805,1.0145698402619416,15.190380903913171,0
SAT-4637,1425.933355842224,7.157400652892561,133.78270550023518,114.07298842680588,34.74248626657652,9.997274849990749,1
SAT-4638,1578.102748126358,7.0511317926989205,2.4295087591687192,117.41901800694058,32.177751484430736,1.0544125960270871,0
SAT-4639,1680.3085988844018,7.035160883926682,162.0791207276938,119.9830428594123,2.4853746842989985,1.089679067268955,0
SAT-4640,1907.7744937840812,6.927025507415138,69.57903325048893,124.95920663867416,4.285662947606439,9.832741798616798,0
SAT-4641,831.9632316489984,7.445599011267355,156.4408776079768,101.4106998973372,0.12952673181476895,8.688047952832095,2
SAT-4642,1759.4609727376426,6.985638874152396,7.010578601906047,121.43006329044734,0.2338512635589999,1.187158881048459,2
SAT-4643,523.867735841552,7.582851894168966,26.219439335461654,94.99760904636642,25.18350746740883,3.6666160520760327,0
SAT-4644,1498.5695408011077,7.07564422955364,58.05530180596066,115.9097797238678,6.258464210416335,14.871782340320854,0
SAT-4645,1561.362140173776,7.113152796996624,62.18311915139017,117.29765588979352,0.18503785961505786,9.194971886648176,1
SAT-4646,1452.1295100422446,7.130038830497782,152.60296014504297,114.83739604830986,2.56803490584302,7.1011738305505006,1
SAT-4647,728.93505142976,7.495900792873739,2.016200769882337,99.11666384085801,31.86058573939472,4.077471049533821,0
SAT-4648,1784.1733499258457,6.991164285140853,115.40011976454231,122.18582815778117,0.5426044145818825,2.225798872599749,1
SAT-4649,587.0593877296715,7.547412837722402,23.636238512139048,96.33697042094973,0.18048085133570738,6.501843777359829,2
SAT-4650,391.1791455854124,7.652419922802058,148.1788171279889,92.0542786253321,33.50007929856097,14.765628293367678,0
SAT-4651,1519.6904840402506,7.087303922172732,140.14318787242422,116.14838734682661,1.2099462704250685,0.8745111912729127,1
SAT-4652,1108.3087158956473,7.285793761017632,89.98578493401611,107.3770061708866,0.8926804019852123,15.85656317349158,2
SAT-4653,1743.4666339297494,7.016055147864471,38.28370059222753,121.32865748451195,0.31744727523121263,3.4042222512119245,1
SAT-4654,951.7751397990402,7.36195631044383,114.20917037380013,103.78288395166919,23.64426886496832,6.599401030344247,0
SAT-4655,586.0736004631118,7.60422754041999,28.126497178376216,96.32925608483583,17.211562768204008,0.8163157998349092,0
SAT-4656,1721.9517271987786,7.038576116222767,34.20428266667762,120.76871051680959,0.8089863664084128,9.398037029417697,2
SAT-4657,1233.1463737881218,7.256251989366685,112.80418240056439,110.06360083546787,0.0617745860699362,7.7885287198757664,2
SAT-4658,621.6328470636033,7.5476341556377795,178.4211202959524,96.9251767854501,1.0937656896281893,10.700641852283,1
SAT-4659,1524.6527975969577,7.135462031619828,160.39095070545832,116.43472212205872,0.17439902558289852,8.728582223934414,2
SAT-4660,1168.8931854321509,7.266508388076604,106.75932438306187,108.67880566627166,0.13402080270777747,6.431026775888396,2
SAT-4661,1327.3320698085438,7.195033647594726,96.93661837813627,112.00011763303434,0.7555284801821974,11.830331495205565,2
SAT-4662,1083.5271749511892,7.315780898375606,179.70927840145953,106.757183210289,0.09912902083349759,0.4978359318126283,1
SAT-4663,1708.8052724906108,7.037776671289657,98.53148657410087,120.40019981710778,37.27035463133064,8.702361431906063,0
SAT-4664,1710.2566166611848,7.035847633386409,75.62097395269991,120.66267533950067,0.06943645649667736,1.9106316408812483,1
SAT-4665,1505.9609971014565,7.104099105123539,163.71999643956147,115.94518714650941,0.7999795524588138,7.032532496064749,2
SAT-4666,479.18234157398587,7.617465473894519,42.15317325647188,93.94786437054137,0.15384313113918696,12.678892538042462,2
SAT-4667,1726.051565236917,7.029054184233922,17.554678253425614,120.77937295891107,5.826449262637981,2.365125865540363,1
SAT-4668,1440.7220669059466,7.157548900117748,114.13620618512945,114.53229904412554,0.08617957578831696,14.979384545482516,2
SAT-4669,1484.9410822073091,7.115245060016089,17.25293407837482,115.56870410917855,2.1846744367840283,14.227224609023331,2
SAT-4670,917.0708286865818,7.363672000410923,67.16673665153283,103.066158487112,10.429764202304918,6.696990626780505,0
SAT-4671,1794.7752454669114,6.982522792747628,76.24392940470969,122.57756434711196,35.41192285878267,0.19499996754239146,0
SAT-4672,1533.1317203992578,7.1138349767149185,98.55685206886196,116.58857172413985,6.230927431083649,12.656942744124327,0
SAT-4673,491.4037930996306,7.6574380847524965,178.49871823463323,94.33849079016336,0.09941348012861471,14.106243274255299,2
SAT-4674,993.2226584904765,7.333120042035951,39.77671019997254,104.8117152513703,0.09215770552720125,2.878335668451378,2
SAT-4675,1806.8466153322408,6.972979252605883,67.63614813124417,122.66622227942848,7.830043052004292,14.667456120183257,1
SAT-4676,380.2343928855443,7.67603389502509,23.803222393918443,91.99506148886249,0.22128818123672894,14.634146708985666,1
SAT-4677,1934.408253391484,6.954805288076941,109.37043468598225,125.64729639247894,1.098216413559604,7.593524531443628,0
SAT-4678,1454.5763661432568,7.136219383775856,130.98117281541002,114.82361960963087,42.54350906083701,12.788753491685686,0
SAT-4679,1373.3391619937402,7.156106742963812,86.77382818245819,113.11777976750194,14.410876606881175,7.174672854524616,0
SAT-4680,759.9507360295854,7.487619353424268,44.249628292194785,99.83715608281867,17.32806531332399,9.068335628106023,0
SAT-4681,722.946040856601,7.487827291759709,111.75988845271458,99.1236481506099,19.110837448516627,5.185440255975236,0
SAT-4682,1901.4989731306123,6.916967468025696,97.04839020639291,124.7196736650515,3.610821541366309,2.635562590601109,1
SAT-4683,807.0631721980087,7.434014172197517,30.813430212669193,100.99365597240889,8.526519231117023,11.969931682643107,0
SAT-4684,1618.359004422299,7.098066485730061,73.02274209038345,118.36459914578846,0.5968328902868196,0.12214622785425737,2
SAT-4685,968.3070569520346,7.377240772432691,78.33547649433508,104.25741808709172,49.46621537291053,9.314887765415625,0
SAT-4686,536.7319203339968,7.598438435941785,176.87119567885793,95.19612683260878,0.34501383717492085,13.848507819417573,2
SAT-4687,318.2160060821102,7.714361797996628,152.87144978799392,90.70957488453611,2.9443688485659734,3.6183088597455635,2
SAT-4688,1225.2374729259263,7.2496958391001955,132.1867418892469,109.88620399065198,0.3508771116310105,5.393101363088237,1
SAT-4689,1958.8239915331856,6.923133495074329,159.97986459053055,126.06786438958163,0.1084384137431599,9.441025060544957,2
SAT-4690,927.5315294756476,7.3959574574226465,132.3871930491687,103.56140003470405,2.521897602990091,4.025236919845128,1
SAT-4691,907.2269677881762,7.402712153564129,162.612333922632,102.90887934160862,0.5741376362164122,13.575041031559449,2
SAT-4692,884.9557503440516,7.429139825523645,9.819560678311436,102.53530231109305,2.809492046077025,5.928990357089624,2
SAT-4693,1184.9245234182595,7.263613223403081,82.09191766804497,108.86336878415325,2.371403378869118,9.34765814513619,2
SAT-4694,1049.1303018212989,7.309751729682022,134.44170034353004,106.0594678733339,2.117094245853396,3.6953262468274195,2
SAT-4695,1795.8548654359247,6.973958839117035,104.99324338980243,122.41547701734386,0.11718536322081904,0.7580427581566728,2
SAT-4696,1159.3853459299335,7.235876766084072,31.5299095471416,108.37357426332568,1.0459533792796931,2.861834229617204,1
SAT-4697,1163.188324920567,7.3141570599664565,61.288575575136164,108.59004596002927,13.645260229305665,0.8345631079799712,0
SAT-4698,535.2317110249462,7.614363334902832,57.19938750480443,95.1311683147038,0.4409613149571372,7.550802003850186,1
SAT-4699,1970.657219547656,6.896019124182423,47.04244437318048,126.4269798531712,1.0726660125587861,9.427534515596987,2
SAT-4700,724.9539144770105,7.489222566049145,61.76439963251389,99.06926677924939,1.5151819055279856,0.8103358021986986,1
SAT-4701,424.7189146813245,7.645894139827964,92.67359192300178,92.93204749663303,19.37153083141344,1.5386673224531322,0
SAT-4702,1427.348623257855,7.180217489139166,153.87642446098968,114.10610890003312,4.632008119652147,7.81984792628458,1
SAT-4703,1312.1228292666835,7.174379948389986,133.56587923087613,111.63714911441899,0.09990278812437858,12.80696092199552,2
SAT-4704,1005.7476117876678,7.353120289847735,150.34494672292206,105.08075152747276,19.700759156468955,10.085345944759936,0
SAT-4705,1017.7267975971527,7.3426989217202925,159.04867402135554,105.52651742553711,15.673570105899447,1.764892499651524,0
SAT-4706,1634.608665778933,7.072750202111922,74.9070820975693,118.81960725872243,9.118175483273522,14.211922154079767,1
SAT-4707,632.7114881694034,7.541973377437353,62.28473112481449,97.38468007590542,1.2506738209057342,14.687458733156973,2
SAT-4708,1694.4306422063125,6.994832284321611,10.372208703149127,120.16575165667675,9.367121528823786,5.266813562806428,2
SAT-4709,1402.870093621531,7.155591381030632,167.48849193775817,113.64955941876491,1.3651997254404198,9.894682890913659,2
SAT-4710,1012.2486154251915,7.3281505818729205,11.848143228865908,105.38185179462722,8.106634774187418,7.928001687936918,0
SAT-4711,1078.6486481925767,7.316366924157846,133.40439276668468,106.69432965266094,21.842407200823786,15.078177921214172,0
SAT-4712,736.3002522163629,7.517558088908672,68.05949480380569,99.31978577693341,23.474414005365343,8.189101673884899,0
SAT-4713,1578.594365584857,7.046240973856599,170.78053940985353,117.6118233658737,1.1553291387603284,15.36345643802182,2
SAT-4714,1171.8870619189552,7.253420948506842,75.52836376814322,108.62984935499755,18.92335088814157,3.2695465534302772,0
SAT-4715,845.4527226747341,7.420968396439626,146.98950324384896,101.48340268358272,0.10077252622770963,5.59403444736131,2
SAT-4716,1313.2851967936153,7.194600083161833,50.87786978946178,111.82234825053303,0.10102485988961639,12.523389317528585,2
SAT-4717,1992.7485684872493,6.9182877844575845,53.8359691038924,126.98014896144343,2.206839988781288,12.559410695934549,2
SAT-4718,1039.9458754161415,7.330379839416354,107.19349377811815,106.00438778833755,4.513400365168939,11.741714055911611,1
SAT-4719,1865.1753813236533,6.965061204589054,179.63687406734527,124.02120892036086,0.14386373532378396,13.767822288178335,1
SAT-4720,886.5286278717624,7.3984452023937575,93.16303523625533,102.52682847170347,1.3046984269177175,11.270484149806613,2
SAT-4721,393.045601772476,7.681140364476769,168.53555455079228,92.35541126117789,0.09595287851618807,10.213753797108518,1
SAT-4722,647.211580826329,7.5518122264878755,141.52496908477102,97.60626732911055,3.200873131716567,7.396907707932442,1
SAT-4723,1011.7817436570632,7.333180154842945,143.2555765519023,105.38176345768098,18.37604791483642,7.526695118936297,0
SAT-4724,673.3793786107674,7.537872925028746,78.47279804317753,98.06275104272693,8.163698036207737,6.557967741947442,1
SAT-4725,300.3859649710344,7.730715680268727,69.57760503110411,90.36583423575959,0.682094678996251,9.961367615290744,2
SAT-4726,1855.5026141707963,6.981743043023021,34.545925456346765,123.68909827148133,47.90175158983608,6.565956474804597,0
SAT-4727,1734.5949990925794,7.008529126081781,173.50942805705765,121.096022224094,4.872759016083252,2.445159593976892,0
SAT-4728,1561.8967935278101,7.096102713296166,172.6908502398876,117.03972965745638,13.954533019921863,1.7938208977174837,0
SAT-4729,585.2848125982487,7.568914740338364,134.4721921758329,96.31099405119583,5.105780804184953,14.799109176376067,1
SAT-4730,504.6180795569763,7.6120782435033565,53.32544097348051,94.62311319974737,46.47494426286925,0.4933486298523414,0
SAT-4731,414.92807410305136,7.669333281747533,44.132317261610794,92.77854680051898,14.556243300307052,1.7769294627098744,0
SAT-4732,1530.849620913966,7.1131259934843385,177.94984362965332,116.52105114077519,1.8081716595223516,7.180347506864828,0
SAT-4733,1878.973533169405,6.925933809185966,11.97770671947195,124.44397781127532,0.6303890965865172,4.280527643779639,1
SAT-4734,1031.9108955521629,7.366502332202419,151.8415725854356,105.73574286317296,5.564606923733568,6.55299751639412,0
SAT-4735,502.53914239328185,7.577960587931155,63.98244008684544,94.46073598297677,2.9487328685885603,1.9674133673427454,1
SAT-4736,1171.0677952445812,7.256123975573019,75.39654955089969,108.58248847858376,3.863863516644478,2.1814202958732465,1
SAT-4737,893.0142426796713,7.405766135702471,149.7559767747907,102.60123052724347,0.5345708870236006,12.830460748729333,2
SAT-4738,937.2023713949961,7.393469964309478,16.308542880964445,103.68276134681962,0.966396316760434,12.16982903119483,2
SAT-4739,1356.2620610647023,7.213699830702826,63.75054213364629,112.56736545779088,2.3618903350124314,1.757620565021368,1
SAT-4740,1521.820792545744,7.069285168902123,171.36436989052314,116.41593927433637,16.474802239325555,10.717867596894418,0
SAT-4741,488.0261180843735,7.613052167099325,125.83186429882615,94.3545354240199,9.720682484918875,9.788050041352184,0
SAT-4742,360.50339237100985,7.652538247852125,135.88904966506027,91.51892408746261,0.11348477889495949,11.442467290615653,2
SAT-4743,1990.3615145657152,6.905103065466804,136.35095417198576,126.79779033837774,0.27266710957079837,7.643737582543339,2
SAT-4744,695.6381931564381,7.515823136713039,10.902614969510013,98.53405173690807,0.0601095088136738,4.392790557781709,2
SAT-4745,391.51189234438044,7.709228246864704,36.577366786877604,92.32892920513713,0.052826484261465724,10.652498792768794,2
SAT-4746,622.788059463064,7.551816458008247,88.42738609461813,97.17359864299623,0.2355572156375322,6.00458308171287,2
SAT-4747,366.2283387923892,7.712685288026045,66.26704184556753,91.555164700948,12.500657271657222,3.5813511260933515,0
SAT-4748,966.0785208491918,7.382352445091201,73.96421276391362,104.21060106443593,25.894824910798548,6.5972013181366025,0
SAT-4749,1664.0830335672513,7.034554740888256,140.66052815262105,119.43966294432289,0.7486435755015641,12.235990386055168,2
SAT-4750,880.115564588125,7.386057941131968,2.6422623121923494,102.27573524530222,2.4466159020719918,7.66511182492561,1
SAT-4751,1055.111791693223,7.331858197929704,118.88854673782298,106.09707896064552,6.563383942469241,4.867841788591411,0
SAT-4752,1448.497515064646,7.109849742618338,0.01984172432804243,114.73342318963562,36.1226914986063,13.32671097569887,0
SAT-4753,1165.1199191187964,7.298592643043633,11.350534603723865,108.48504756181453,27.40101915089172,14.118135707376862,0
SAT-4754,1764.457666236251,6.996434019854106,73.49150157077231,121.5573463198058,0.07422443740470389,6.988681737985528,2
SAT-4755,1772.2606475777861,7.020224415116296,151.37073356486786,122.17436530261296,0.2776307293244863,6.057539529557625,2
SAT-4756,316.84818233496117,7.7105447398411675,26.099237801602886,90.74375567388242,0.07021075387258567,9.841913257601544,2
SAT-4757,1622.6787210214386,7.066853907434245,99.83185364315008,118.55522060912487,3.5366922219759,1.021793692320817,1
SAT-4758,1083.2471204108456,7.316705745774428,122.13094082881395,106.63959943360813,6.767837987440061,11.092038253024795,0
SAT-4759,1981.028920216227,6.907426209750142,41.3159191509889,126.63015458845439,0.42055252168760954,12.538372925498225,2
SAT-4760,1121.4945289882398,7.285177360623853,92.21944594852494,107.5556132111721,18.219050042900086,6.419326643389029,0
SAT-4761,1977.7231071601057,6.917543809495364,164.0533109648746,126.34007240550962,1.1413221755763234,2.8763920151176032,1
SAT-4762,1582.767914049752,7.06064816972069,92.2011345657959,117.55033533315209,49.444108369994865,0.5582121647397296,0
SAT-4763,722.6283038426208,7.471899231912443,28.318151121776637,99.17691848358848,0.05013823968027622,10.232205031844888,1
SAT-4764,1215.2714647878279,7.273465926627501,113.00657340375805,109.79231875244578,0.10652195527828477,4.376995165495066,2
SAT-4765,1986.6305871135908,6.920554925180223,106.59603240153253,126.76819102104537,0.40211449941347666,7.475844435228419,2
SAT-4766,1757.8020331782702,7.003858075751486,4.85185676366362,121.67278833087109,0.05963384308127504,6.24305279435474,2
SAT-4767,465.52371944507587,7.6690444712514605,16.30699303456199,93.74337088991473,11.11701975872807,2.880668255564656,1
SAT-4768,1500.8323945769932,7.1105632255916955,28.22064392538194,115.83533046282805,0.07199218717553478,8.183061828525194,2
SAT-4769,887.4852959803821,7.436926329396571,24.532033961136584,102.68107652348563,8.82894688720987,7.407537011577733,2
SAT-4770,311.8698451965918,7.726535498850982,46.703838700967964,90.78214168729231,0.07189114170449577,10.023947203630334,2
SAT-4771,985.9176473458994,7.3402358658066795,81.73895818240223,104.79561462270449,0.2865179256690919,4.104971413023609,1
SAT-4772,699.0825169324512,7.545520632199059,66.9089336218172,98.49780006548913,16.70322961586001,3.5127613696691524,0
SAT-4773,1692.0777598848017,7.050836313685985,160.31698045282744,120.08445400449347,35.6661216926494,13.048086450127906,0
SAT-4774,873.4620350378013,7.415220682092765,110.17969369314068,102.30262392392468,0.8760906236303481,11.26485669492826,2
SAT-4775,1706.790279721489,7.039159611818792,157.70598299313176,120.39402349237544,40.624394156441944,12.378082581895857,0
SAT-4776,301.01649601915204,7.721228905996096,94.8670784851678,90.43399162304917,3.7985056402872166,2.0603080069049464,0
SAT-4777,823.2925550444025,7.460042651894886,16.17668472408119,101.29635693223307,0.8840470344383086,3.6622303288995806,2
SAT-4778,709.9808643231953,7.454957814648487,83.39174083195827,98.93279942923765,12.80483646279163,9.250951107637874,0
SAT-4779,697.0645138166387,7.489235609659284,147.9658584316257,98.7308096248848,0.3845524341928763,13.729501415279238,2
SAT-4780,415.9172536012866,7.683181330175345,34.938678090079456,92.70737000156055,0.313587532921971,14.284622826378675,2
SAT-4781,618.1112596978529,7.546936090807516,16.418570175476958,96.7789675886452,4.662437628112548,13.327368399853343,1
SAT-4782,1244.4342688055538,7.238867885794268,59.298252900886816,110.26631448778207,0.7420481560801945,0.7900273427423953,2
SAT-4783,795.3138238241656,7.431040185374188,70.00160951522513,100.81281847636252,0.12785687491317044,13.151979036026049,2
SAT-4784,1009.5711299595515,7.385883806359584,55.126381753062795,105.12298345177794,0.079407717022944,14.3955497225852,2
SAT-4785,940.6736965902205,7.407280107802137,24.343341412420077,103.77015965792015,11.547759570055288,1.0023105334271678,0
SAT-4786,1789.0383724998208,6.98511094966318,45.15117474990861,122.33341482173041,5.329693075439144,6.71886621105411,0
SAT-4787,1839.0082983178763,6.959728743666423,122.81083282837986,123.40776937262248,0.8597351402244696,8.632104140417557,2
SAT-4788,1138.0268518149621,7.3063889469327625,69.4671329327695,107.92896281107723,24.41478531874843,3.8007309288476447,0
SAT-4789,861.2651155365274,7.463542651095632,113.85890003134004,101.92434928687106,0.8541620296137756,8.315301930990058,2
SAT-4790,481.5611968040182,7.645876392951177,96.53468038537184,93.86089063304868,6.758594938373148,14.186697028580927,1
SAT-4791,1920.7848949495615,6.976813977174804,98.82952917438043,125.12556002583439,26.687987771191537,13.884385850897656,0
SAT-4792,402.38580633050566,7.652800216331696,44.73892043060328,92.4240698488956,16.638584646289445,15.043412771993946,0
SAT-4793,806.0054718660767,7.436030985515188,93.87774589827269,100.9594507365391,1.7071997298413717,7.797345794473219,1
SAT-4794,806.712541989007,7.4282728251307715,4.24704849537632,100.85429942030306,5.506544860616354,6.62801443017333,0
SAT-4795,844.6821864383653,7.441254277114582,77.71387361848672,101.61411828432334,0.8708980828482951,10.686026322614419,2
SAT-4796,579.2876335630958,7.576504068360288,103.07210817418472,96.01986595111258,4.370805905778833,6.726493183856443,0
SAT-4797,1631.374432570285,7.054600179752723,32.75921184373967,118.8032168812115,0.29622882734665706,0.7669190764136383,2
SAT-4798,508.24636534218166,7.628179489253865,46.180531124811246,94.77502812996138,1.0073870081537857,11.546751089510234,2
SAT-4799,1379.3413205603767,7.1961213011427265,39.51558356681149,113.27886050186518,0.21262151931884601,4.567644666396898,2
SAT-4800,510.53824539988966,7.58021338458367,12.700431947776353,94.74710611288847,0.06509158732321009,0.8804564650483286,2
SAT-4801,419.9105839080261,7.649403111015436,62.61431780521621,92.67461559569396,2.9146711084566954,0.427875116777776,1
SAT-4802,1846.03015626599,6.981247722144084,176.2138379613491,123.511789367253,19.60008886392766,14.90864417037936,0
SAT-4803,623.2189027417996,7.539816464223255,63.69847316344981,97.21635937617799,0.059662964453592086,4.108008537442285,2
SAT-4804,1696.1252627514973,7.013293923496914,82.89659193065562,120.2937813025191,0.19366860597780797,7.22159716111671,2
SAT-4805,1225.8724808821307,7.263920854621291,117.55570517214754,109.6739742364416,1.200950706965971,15.214165601091802,0
SAT-4806,432.35608333490836,7.6285418278894115,116.72959521043929,93.07190334786097,4.973480904955596,7.53351996261353,0
SAT-4807,1924.2619254447147,6.925893082828067,170.98109640335235,125.3518373070386,0.16317648936961937,1.3498882440683504,2
SAT-4808,719.8339838862173,7.504137683714753,154.36154527184254,98.96266115945994,0.07396980796977902,8.875783151221881,2
SAT-4809,1761.397087099431,6.989515882732322,142.9111236789274,121.41221207306926,1.803500045108025,1.5023585899196366,0
SAT-4810,586.9770098337591,7.5844694339617105,171.29290064009592,96.27838469021066,14.292201927526614,1.6118972661392286,0
SAT-4811,1751.70289964115,6.993791226515728,41.537769386970886,121.34691525626525,0.06377856334973946,13.63848547345911,1
SAT-4812,322.48898193899976,7.745067734676825,111.06975503192267,90.75354962397576,0.5585709630228346,4.701802539496972,2
SAT-4813,1170.026776168117,7.2678070643606265,159.69541800998815,108.58344573475613,4.892312979792467,10.890856181787736,1
SAT-4814,1608.0523850166467,7.081371499053094,112.34486849005833,118.2054756848076,0.12336615315931193,8.191896931725722,2
SAT-4815,1889.1523797377317,6.961561512346569,175.9356854292365,124.51986806592018,0.25515867309341017,3.6349943901501853,2
SAT-4816,1845.643631551028,6.952457867279254,18.06348850314822,123.44984052975393,2.020449200985742,8.333342748586002,2
SAT-4817,1693.3622782309963,6.989392381231472,79.07949050277605,120.09782742891723,36.196376209067935,1.196997220806069,0
SAT-4818,1809.9252944242169,6.98741201389078,175.92532342355452,122.55782892252135,0.3639132421470447,5.620676358476379,2
SAT-4819,638.6734659230301,7.542290402902687,68.32224514258664,97.37448177163036,1.4506153475521186,8.413095977825817,2
SAT-4820,783.1133027099389,7.475449072176615,133.12014751787478,100.08195227596335,0.7920682291252001,3.7314699755618674,2
SAT-4821,791.2464923657994,7.455562684468554,5.472522194156852,100.50983452582642,24.612743198238267,10.596991269883631,0
SAT-4822,940.9916827028879,7.374700411925089,125.07068063345635,103.80015864513916,0.08215605868002537,0.9238095549712777,2
SAT-4823,968.6451396548208,7.409556316014692,168.23281185496413,104.19118816545759,2.4969668598250707,7.808477376142967,0
SAT-4824,1225.7440519129482,7.214164253552318,68.88713133420049,109.89658255060615,17.27146201949414,11.468432922501195,0
SAT-4825,571.7955977229503,7.591755948546465,3.833970826847304,96.06917921906862,46.05987293273186,6.936142337412688,0
SAT-4826,1475.1193284361818,7.116076998482536,5.023764791187093,114.94605833891359,6.239452701936049,14.005924003571113,1
SAT-4827,584.863116817661,7.563240744623788,160.56419502799602,96.20949853418685,0.6898845695822378,10.151865221726583,2
SAT-4828,827.5244195777308,7.434929364421689,130.05289927732713,101.0160402495592,0.859890323807018,15.34003736533393,2
SAT-4829,1155.6867220304619,7.261175819592797,19.20354916078437,108.29741486184564,0.5675663821012359,4.617536823122162,1
SAT-4830,1653.9489545899114,7.059129976204981,9.826249869215381,119.23960731162927,3.2345159998119675,15.02675036059048,2
SAT-4831,1557.0976965058364,7.118435793471872,144.8685654507863,116.83997022258319,8.263943066339353,9.748479179182578,2
SAT-4832,1397.4084058978879,7.172530753277038,145.77491390496462,113.76096178039532,14.367218448354182,11.948344497493038,0
SAT-4833,564.8145429862893,7.582956869800777,21.69393116256882,95.83752035963977,0.8886880357659209,14.444361760990805,2
SAT-4834,1229.9770875464822,7.221865235788549,54.273672699954616,109.83184447345455,7.06472906442888,8.864035289069953,0
SAT-4835,448.6590530598053,7.6555136974224745,140.40469162330012,93.5587647742471,28.03094765666123,13.80867459199968,0
SAT-4836,941.5174005543063,7.426170550135304,94.57417277172114,103.53986353712243,28.936392568136032,8.71298133945008,0
SAT-4837,1002.9781014929306,7.3445971549296685,172.18527493055387,104.90687272001915,6.47227575675028,9.62726294911408,0
SAT-4838,367.6794470577815,7.683456892049455,86.59127616228089,91.52340406284948,4.070770164021217,7.17706730906843,0
SAT-4839,765.7797690989521,7.46216981232398,121.85242876179227,100.18313798422437,1.965840286378114,2.415652974257636,2
SAT-4840,1924.604094353032,6.921993432218437,91.76100583348516,125.35651583789385,0.17724051728972764,8.90070141024698,2
SAT-4841,1921.1754333104723,6.87830865943906,169.73378922330824,125.31153324905401,0.11745160669727844,15.64142686123228,2
SAT-4842,898.9559922293168,7.412724461870698,71.75863657216959,102.84531889934999,1.4325276876967943,12.61625733214332,1
SAT-4843,373.27018521215086,7.67087709870871,41.36336193214801,91.92493467305219,0.1504189223611085,11.985225907579638,2
SAT-4844,604.4613968579087,7.527109287064689,58.79409485057877,96.6394010921971,2.6913475306870676,10.32860996340111,2
SAT-4845,966.7702488370182,7.385392079282611,153.49953674974125,104.28425332987973,4.325917126774994,5.6317479084471875,1
SAT-4846,1911.2254865476907,6.915737693296778,89.628941432184,125.03099402144485,1.8871950853961905,2.796881592206218,2
SAT-4847,540.0384080132144,7.587692469710924,63.76541463040302,95.23514503211022,0.0643057994682053,3.6703704661187686,1
SAT-4848,1597.9769342359607,7.101741656033233,97.96680392570691,117.99033240538525,0.07449958967035077,0.20052122372813697,2
SAT-4849,484.76031693697655,7.596837207831838,23.981347309831623,94.18231224120433,0.1093940140419081,10.80833869228384,2
SAT-4850,1968.1378815651706,6.883012676864764,0.9646748326072951,126.32213914035538,0.14451316720540056,13.008853181047296,2
SAT-4851,948.7480484855295,7.3847821938116205,50.505243064828335,103.72552297554951,46.62489273090797,4.37569048404915,0
SAT-4852,1617.8987161283953,7.086578872962868,108.90102956103762,118.30323919460872,0.540076219460688,1.5604213543439232,2
SAT-4853,882.404840778924,7.381580210818622,128.1025385390497,102.57259130282739,0.3757423309786342,5.438060378368494,1
SAT-4854,1367.0370911699747,7.185327929168698,148.789973943354,112.87242014028782,0.07174141054768446,4.7436145477299485,2
SAT-4855,626.4273440580624,7.559060317552324,166.79944069100455,97.14686889339451,4.026532199227717,7.268934136365936,0
SAT-4856,548.2357328048363,7.548782667783887,74.18022245365825,95.35639131385068,4.524205878742602,4.299222663704074,0
SAT-4857,1894.709037265823,6.9602757132242,133.29302392034182,124.49913177482685,0.16800262714614542,5.501750014985962,2
SAT-4858,1860.000372437537,6.976463852499117,13.441127435651257,123.77780427813656,28.621647394559083,14.530120991652959,0
SAT-4859,1808.6971983619,6.9744851694786405,10.355399778974416,122.6836791941681,12.60232409244487,5.423882110944739,0
SAT-4860,1363.236865283209,7.203984101383794,22.463638557508187,112.75344398386659,0.24543017370634748,12.589736943005363,2
SAT-4861,1674.055959067673,7.06162193019614,80.74243760953723,119.81814436130341,1.4339010972750652,10.050755833568903,2
SAT-4862,417.36279274933736,7.664842493070155,38.03065892977499,92.7878970287338,1.1861580837163255,5.466853335538844,1
SAT-4863,869.1413712141546,7.410825159536651,51.64648954880685,102.36828244927486,0.5553046847634825,13.102833489507573,2
SAT-4864,833.2953120871656,7.418833906808937,116.61843123221448,101.46590201187374,14.18646342824622,9.561709506580613,0
SAT-4865,1380.5970473194425,7.1701425606566005,64.53399218451227,112.95876763923017,0.10635635897748857,0.23703776882251584,2
SAT-4866,905.1282149000889,7.412877654546221,100.32688038924398,103.05178654216616,0.8808718344825834,1.1927784050011567,2
SAT-4867,552.4615287942573,7.581165685277971,74.2326762125866,95.40211728684459,0.9617526596423116,12.06696899529187,1
SAT-4868,1313.9940282030243,7.157950525534042,30.41446599356752,111.76726416629309,1.2739336759662574,7.19979185440459,2
SAT-4869,1684.4526651374385,7.0597232844343205,13.323598246060941,119.84336999542559,19.187570018411392,6.547573888722295,1
SAT-4870,949.6099405819544,7.382766115029272,42.52166915577981,104.10591827615487,0.22566832995289224,2.418652228713347,2
SAT-4871,524.8568156674189,7.595228573257626,10.386084508387983,95.12612905266576,0.10179806545910094,2.601365643984197,2
SAT-4872,634.3699354317991,7.560303689445059,111.35015278016525,97.17956483050547,3.56775803422525,12.78426395652482,2
SAT-4873,703.7216187879528,7.536590405465571,143.22916826389806,98.68876688207327,0.16613970281167778,13.281372429987139,2
SAT-4874,809.8259080907116,7.394397760701121,61.15333828273215,100.95470488932484,0.08390083091467601,9.004040396155794,2
SAT-4875,1392.7516198607254,7.173963694350906,69.67998996342448,113.55271642182277,0.9526155491639726,4.79253217591043,2
SAT-4876,1321.6073237141222,7.169802855223503,146.9143912966752,111.91321961983866,0.22798658686810347,14.929942985018501,2
SAT-4877,1483.3357646639665,7.133822188228108,40.07032422724085,115.35548267572462,0.6062054841015119,10.021002016824104,2
SAT-4878,916.2533737035724,7.398389088324039,21.448847735077358,103.11062294000108,0.3006791020826957,12.766609699283432,2
SAT-4879,1700.7960081959632,7.039938540879879,90.20126111959556,120.28552820435694,0.09481551155103037,0.15219843258262516,2
SAT-4880,646.9490239647924,7.526412294198051,116.31423051598269,97.63925851869469,2.3988970650791006,7.260081653918232,1
SAT-4881,1097.3692707808618,7.268136970831503,107.93779650836626,107.09567627500977,0.060259463180278465,13.948090472487298,2
SAT-4882,1661.5958266204316,7.035342691432001,128.49714814935254,119.33345742286572,39.63656845708284,5.4779092034002685,0
SAT-4883,606.2697011454527,7.566471862019224,10.2152127911443,96.73400889745697,0.5283984920396564,11.652163712269267,2
SAT-4884,486.767293359331,7.644213529190497,77.07629029650711,94.15760214265536,6.087549922862783,10.557029719545463,2
SAT-4885,1802.2627450695825,6.9600315228866005,42.94269431022476,122.65021741698627,13.491449807153332,2.520272025033361,0
SAT-4886,882.9804266906331,7.43331414335011,136.64182671828434,102.72920485572546,0.34378299512951016,12.420970853345041,2
SAT-4887,1462.5792123453543,7.120314270511124,157.09148713086293,114.96471308566306,8.81426557387146,1.8891759659735023,0
SAT-4888,343.0926272486954,7.712294763541653,50.640433345154676,91.33181003724958,15.712039802140735,11.673834135493857,0
SAT-4889,1473.0797102960644,7.118297751852332,17.13925423249349,115.15736216919997,0.2648022712355737,15.856396554787601,2
SAT-4890,837.3722296298499,7.439830102258313,45.61703315845143,101.5003421458073,47.47380428303548,15.331904765807028,0
SAT-4891,394.75945109865097,7.693407087871924,18.721528030605544,92.30994005186372,0.05768143455226368,12.823843714606374,2
SAT-4892,1336.681694631799,7.166753006337526,58.035989900421676,112.22004494816228,0.22385739470018695,8.598827045252264,2
SAT-4893,709.3664873243945,7.4895067762467935,96.87574409792863,99.06595738688354,10.940376630644865,10.829710755549765,0
SAT-4894,957.572311488196,7.378651253900247,175.26257179167717,104.03053290255292,0.19114506044749108,11.676923406471074,2
SAT-4895,436.9873808870731,7.699759537692686,71.88664578324453,93.23120566319432,6.219415823573584,0.2335842360239954,0
SAT-4896,550.177526861407,7.571637294423327,39.6071862938318,95.31278421831692,18.431522862206336,1.7276229131520076,0
SAT-4897,806.5613003429344,7.492932837576457,30.024313266750312,100.90462392093013,37.72357316398197,9.593240200053913,0
SAT-4898,452.5911509522671,7.683062572116838,31.14715790496168,93.60723375556155,1.3234652742129138,0.20389918827225478,1
SAT-4899,1848.4046499667359,6.961892521847643,34.66758298706266,123.5477533891985,40.95409876343707,14.551599847298606,0
SAT-4900,310.2799734127633,7.717979794132632,137.20806405674045,90.3325070497994,0.8586909670381501,7.885637140278737,2
SAT-4901,1122.5623720693293,7.279469537893904,10.984988057835585,107.59116725643885,0.2256078066528591,4.198496502121435,2
SAT-4902,509.5206788253374,7.6099253400614515,179.53248724974614,94.66720850104346,1.740746632062448,6.361756596601828,1
SAT-4903,823.0544521125125,7.415448460294253,94.083550409927,101.28168210184356,4.450816990706011,13.627344929176045,1
SAT-4904,1874.3012516910512,6.951369453380454,97.96894097414862,124.38619925810254,1.1826601202592812,14.84236669284944,2
SAT-4905,574.8807405657776,7.605331607338495,64.36149816592886,95.97956547860495,2.5112348877146635,1.9481361895893892,1
SAT-4906,1941.9149435211655,6.912338868609302,124.24596469418168,125.63013443841933,0.8875596853325933,12.46957407989367,2
SAT-4907,649.850440882017,7.530025364319814,84.86214135854358,97.45960094782696,1.8760994943495637,9.293811179642832,2
SAT-4908,1560.6623843936102,7.055006581168236,59.23103129361896,117.18701042410322,36.03769622853756,9.409493846865338,0
SAT-4909,1229.3513503254298,7.24937338175689,47.72491266744772,109.95110946432924,1.579295732870948,12.493288738143638,2
SAT-4910,1803.6138369144905,6.988180648497366,166.6172172479867,122.53700253535058,0.2874146511207383,3.6432305198967243,2
SAT-4911,1241.7885343553226,7.237248147973217,52.37811270943564,110.25092030494665,9.445171953984842,8.543614990801837,0
SAT-4912,1208.7506725657247,7.247390134614607,78.55078669737155,109.50317815774532,0.5149005760286686,5.177706585667866,2
SAT-4913,632.2786006262797,7.538431557010262,63.06145238096428,97.21452312023219,14.047256635159464,1.6027462851265861,0
SAT-4914,582.5899154878198,7.581231569522695,15.51218893704647,96.08722736628485,0.07404503986657597,1.7707631843500016,2
SAT-4915,1858.0315568963742,6.9591878236397235,33.468191006808084,123.76953931823992,0.49602542245563586,2.269896382939897,2
SAT-4916,857.3249380450579,7.43221579498429,34.110355558748765,101.69035915794166,0.09595104944793917,9.876907597586923,2
SAT-4917,932.5398334369231,7.391879467130654,124.85691259013787,103.55205791797384,0.09014122942703788,1.7827001541992291,0
SAT-4918,1591.7002193282603,7.097668271269898,73.18537379384566,117.85824943407955,4.722138076995173,9.164651097183759,0
SAT-4919,875.9999201187725,7.429882049286041,140.75416135271854,102.34746756949497,0.7161012113852642,9.45392322183843,2
SAT-4920,1918.5061592863046,6.938188067268495,127.61116638014825,125.23555448859224,20.578173771897934,14.471954510938069,0
SAT-4921,1554.4772072979606,7.122163491282446,34.56895795128678,117.06875947678628,1.7708648510877896,10.059387881575676,2
SAT-4922,1315.629712374814,7.209539607583017,101.32504562161812,111.76885005553694,0.3845914879108107,15.770846670015871,2
SAT-4923,1797.5217729260792,7.0115936949606175,133.72359228878452,122.45941987176425,7.27171196870181,0.5927820210592737,0
SAT-4924,384.33004419412066,7.693631174518967,113.94772622563013,91.95319786337883,3.7240918099494063,11.29592357265739,2
SAT-4925,737.0065767216549,7.451664071627119,108.00297145583656,99.34050144245312,12.524311676899886,0.5210332410433887,0
SAT-4926,1090.561768175547,7.335030315369463,133.12995973213825,106.91160308015628,4.2631914217563684,11.697103488207787,1
SAT-4927,685.8635171015858,7.518292624242098,10.22053306613524,98.25443785501851,0.15849306193112608,6.235018326344163,1
SAT-4928,1564.6388184136583,7.08621396755416,131.6559505250579,117.34133902505974,5.127434454207151,9.819793469742175,0
SAT-4929,1862.653652791333,6.963437359774075,49.07794736761711,123.8561964027312,0.7475110159700867,5.02165534620457,0
SAT-4930,1020.4092038825697,7.336636936084699,102.93700581168373,105.42405502023084,1.2257420781042323,2.62977012252712,1
SAT-4931,881.6254201902215,7.418005943093898,43.614899045371345,102.45944858907605,29.084642607340527,11.60384903761959,0
SAT-4932,1934.6362446338626,6.915756576137891,150.98716299723077,125.62531410360437,0.6009829390240975,14.48346404629438,2
SAT-4933,1056.2491358068194,7.351282628387856,86.50068377413608,106.26005506167989,3.426473941287735,3.018960854830556,2
SAT-4934,1131.3822807637816,7.28675075822162,115.72941816449703,107.85445030227503,0.6157652900132253,14.739177719137249,2
SAT-4935,897.8047829812391,7.397558413988182,142.93476782581106,102.58019768924396,0.0961949914582883,2.328895536352246,2
SAT-4936,1846.2324041206352,6.946260621779975,161.1567459128456,123.67093297344518,1.1469540796101536,11.797023932537547,1
SAT-4937,1267.2243215791464,7.229291435734195,131.77117747248138,110.87840777772358,3.0913951249220126,15.355178015046196,2
SAT-4938,1595.6967982087958,7.077166969996485,26.77834371427303,117.89614382163649,0.8346028827517834,2.4431970199241793,2
SAT-4939,1680.071421196507,7.044031219716474,153.81582652544157,119.84668158776485,0.7429653474671067,7.017931743410118,2
SAT-4940,881.1433712593389,7.393166710032218,111.3440248557911,102.34849516892663,14.457910967699695,5.465573969498551,0
SAT-4941,1037.2803632446462,7.303146351264677,109.70095650844925,105.56866975928973,0.06137980737922129,6.27679622792716,2
SAT-4942,1742.4020164906499,7.0216946661992194,165.8413007648859,121.14332193678284,0.3852354054460025,12.074921852195247,2
SAT-4943,917.5340978488774,7.4248735639539,44.78968001985896,103.1555673238172,13.622028998386712,10.612904027633393,0
SAT-4944,1649.689726868147,7.029049443092803,43.125771328926,119.10992206399028,28.877557027236122,15.502122734958826,0
SAT-4945,1899.6869483765431,6.97400439921016,92.37483984509313,124.66317185123819,0.8627178062770302,3.0491241033671144,2
SAT-4946,1359.457634215612,7.186369984018138,135.1553519762757,112.66393366148486,23.192776021785495,8.737847822281495,0
SAT-4947,1560.766388668211,7.08884165541358,80.50332748113165,117.16840647799768,0.19758791147291732,7.241105712162525,2
SAT-4948,1668.6654304699293,7.033301208816928,114.10045018063241,119.49145365673547,0.23080818609375642,14.709812131919419,2
SAT-4949,1736.5674031242922,6.984014106459321,81.4544503600894,121.1408125208973,17.28001575423393,0.26884579638366324,0
SAT-4950,971.5906743565531,7.387663135747575,109.86969248765436,104.42807913061041,25.62968262816536,15.827809372196798,0
SAT-4951,387.1478805991969,7.664378613903345,148.007214470468,92.38929651692014,0.23301683991327302,7.727775598523207,2
SAT-4952,983.1896611024572,7.346499827045476,32.485805296366195,104.7198625109517,0.07532559558498673,10.046080391014199,2
SAT-4953,1445.3855906329527,7.160951424459329,125.16813612107713,114.64649828036836,0.09331305658197347,5.824835637310876,2
SAT-4954,1065.5956558273479,7.283532434165655,141.736633080873,106.30842049147248,0.30416729143642235,13.65517404815843,2
SAT-4955,1573.2373564626776,7.052944582804149,80.48005334672084,117.47532556959538,9.623149565760201,9.035608327382285,0
SAT-4956,906.8701300967286,7.400233987735342,58.18204387221377,103.01581237846761,1.694125141949872,10.63869388637126,1
SAT-4957,1379.0650398768503,7.177468243789797,2.4379783063923743,113.11513419019161,1.1634200153049996,10.417584858164755,2
SAT-4958,616.9136682517568,7.562270993134619,143.47890402013684,96.96883528828917,2.827416563442387,5.8873160243739475,1
SAT-4959,1573.9280422964268,7.077072666940395,59.02895862647785,117.32145779917933,23.42282883296717,1.3082568333251918,0
SAT-4960,1227.683146982144,7.293294426736156,64.31570449344903,109.84255202070213,0.0933815639142917,12.942528994895396,2
SAT-4961,646.909460529221,7.531860638486848,60.48110935778621,97.57057405507345,6.069352860158366,4.706483115030648,0
SAT-4962,796.2489949462724,7.452873607351798,89.77307954622086,100.61537614315942,30.153834113584438,13.5979906327955,0
SAT-4963,1572.634804589115,7.067745451234649,126.44992317943388,117.4119136453151,0.21828310840305895,9.777423839774139,2
SAT-4964,1120.4221006245853,7.296830739693386,138.93536358009194,107.53516105709608,16.30372916242042,5.7238929337499,0
SAT-4965,667.2534486682227,7.537817867992459,70.6627296725685,97.85575974802862,6.20932135307528,9.548529668680601,0
SAT-4966,1944.361023629506,6.947613577717492,119.35836630813043,125.8886453314255,0.05525551264864322,10.363333808546857,2
SAT-4967,1515.7125336887095,7.079416753882362,129.72316504883673,116.07080663371802,0.2476310193676218,11.33626618336289,2
SAT-4968,1927.1292153176535,6.9258070592046135,53.445119701928675,125.41232271735983,3.284764867562403,13.175176338662434,1
SAT-4969,1026.0785771125834,7.3496559636982886,17.39186451667679,105.56508148245365,1.6075741823698437,2.640103581265957,2
SAT-4970,1107.6705791759248,7.3123097304100595,161.03982971600325,107.17959775367439,1.9176915822880956,15.111895717821005,2
SAT-4971,1826.5238675145326,6.973257443155116,121.88087492068672,123.11459891174715,0.24817685583147273,6.632365769397422,2
SAT-4972,1192.5838784171538,7.27032112530229,116.65987359773246,109.0156744419937,5.296395604420551,13.7811597441844,1
SAT-4973,1502.3741502396342,7.099042508237564,10.602452738156035,116.0171243240846,0.3149380376755126,3.605625566347784,2
SAT-4974,728.6938917424009,7.5240432403326905,147.21715035070676,99.11067842928577,0.7366732562503607,0.5615606580549651,2
SAT-4975,1059.434996794489,7.344079078569477,101.88974809548957,106.17290474295159,0.6393192068273797,9.216170293603327,1
SAT-4976,509.8647718776037,7.584200522761987,152.6191951171619,94.55016899881599,5.188538823302118,5.262193837251779,1
SAT-4977,650.1660609908349,7.513168431977298,175.42101307261706,97.44710269624605,0.09326706051629469,15.752945878672394,2
SAT-4978,301.60380595497287,7.708024372891962,172.27805775844357,90.56626333295763,0.2068215113703201,1.7608099299745885,2
SAT-4979,366.7505878027224,7.705066079780699,154.09608235023734,91.78865682032792,0.19973823891184644,0.8521155694559956,2
SAT-4980,1961.3824994007798,6.890772105001343,1.9705272896464021,126.17166123072768,0.10574114935939546,0.8157833149948186,2
SAT-4981,712.001281732496,7.495088743650645,159.43089748265217,98.8091636225075,0.20977558498352328,3.548291754058333,1
SAT-4982,1427.6282061568033,7.158332478343711,13.51121648897619,114.32257042009734,3.3124612623328256,9.30913875020888,2
SAT-4983,1726.4694879593396,7.014751744235971,153.2149146318181,120.77788986256924,7.860940642546203,8.138457640950598,0
SAT-4984,1236.1227807021592,7.243846011359691,50.431332350092255,110.12944579977763,4.784982405932583,5.666205296853628,0
SAT-4985,560.3456501427255,7.562016620578577,109.81230093600617,95.62908498194801,1.3320926078217734,1.5118104079288575,1
SAT-4986,1537.7979434714828,7.11116632210212,6.852281606978341,116.59648383569375,0.07182468295457645,3.816419807229669,2
SAT-4987,1320.4273971692912,7.186623721592042,138.81270530128106,111.96038569944092,37.66960241010935,3.0279383300769984,0
SAT-4988,1543.1260018905377,7.090386704214334,20.10710200193487,116.8652267156288,0.15966119918415012,11.95610271078117,2
SAT-4989,1608.5692588570482,7.072471815287477,73.92387090163894,118.2900778768275,5.060974109095121,12.501147489720895,0
SAT-4990,1958.1976250640666,6.91985043926502,147.14028041855425,125.98033981902987,27.39314212548401,12.454522807682933,0
SAT-4991,1275.057576045407,7.2206941832991385,125.16281937150033,110.85137725750128,6.198709621103962,15.507744656184963,0
SAT-4992,880.789891574023,7.398879895325716,1.0876854344520437,102.44577887448604,0.22548565856153366,14.159383346711108,1
SAT-4993,1402.389746730403,7.154843986664046,72.54582021765879,113.5928027245797,0.4429542782267936,8.015095480138228,2
SAT-4994,416.3492057124644,7.66339594465734,7.546953053611444,92.88626418949099,0.06160097773471249,6.697482732455725,2
SAT-4995,1825.5754411466967,6.946028184163271,121.22997494732445,122.84572975141336,3.445440281553483,14.660719431580443,2
SAT-4996,502.94771927493457,7.605676869535728,174.41072851559787,94.45199769064146,3.451031687206014,9.818481507565533,1
SAT-4997,857.3328244058911,7.433665904167088,117.94702721413665,101.882544856835,7.507092177235524,4.780938805706964,0
SAT-4998,1686.7671470644054,7.007789942284012,40.38703760116004,119.6881309901944,0.053945953309236266,9.07497804067116,2
SAT-4999,1315.4310431622102,7.224358932367671,63.94194577197722,111.63593188141269,14.206721627968092,15.875175820868408,1
SAT-5000,969.1803844716516,7.39451042887462,175.7971000185242,104.37106022036481,8.224374474854496,13.60657395642256,1
SAT-5001,1104.8406209375364,7.277047242206593,40.32943416582301,107.21660445433439,0.13232132252260534,4.572347485346711,2
SAT-5002,1752.7305684437065,7.031878060462247,101.07523314979969,121.60604923164054,0.5518865781070578,15.251975372083749,2
SAT-5003,878.0074563018167,7.412443525571014,72.08168556271406,102.52566528342452,4.116656999759726,15.705247572517942,1
SAT-5004,1778.4044641806913,7.002053406013191,138.29675362707988,122.06822710688512,1.535891826236046,3.7755546547051018,1
SAT-5005,449.8285326603756,7.634588732944482,156.1300689563797,93.46758009310258,0.11072681199218048,14.339914684171326,2
SAT-5006,1620.5573432546723,7.080874968918062,61.35070938305341,118.50345826692381,0.09141261435944285,14.14292321141143,2
SAT-5007,1740.8309761930518,7.0179834313875284,118.87134546588887,120.91647909103469,11.049405238044102,0.7320818144212456,0
SAT-5008,609.0900098234758,7.540524715507708,98.82858555319092,96.58833411030967,0.1468491233989685,10.748058169680824,1
SAT-5009,1031.589105032741,7.314685106006862,50.120008209978,105.65172262858228,0.1641526983687486,4.953963337195592,2
SAT-5010,581.3496169282146,7.542662836159299,48.94934450634031,96.21334006944468,15.550321786200815,10.826340761220825,0
SAT-5011,1501.2270192901701,7.1194990132934715,96.95369655581472,115.88166327308262,3.4307487045719025,14.625583237624872,2
SAT-5012,1210.0912057048165,7.262534929026538,27.720517235813965,109.39643182195985,3.2592436555297684,8.030590043033344,1
SAT-5013,1380.0496894041457,7.18416633439789,145.94578136684487,113.28177359394711,1.3709048674976223,6.689164009539579,1
SAT-5014,634.0278438255589,7.540985083234753,12.420871056072363,97.39486763000136,2.546566651831154,14.752347211879934,2
SAT-5015,659.9679654891131,7.506276672825148,17.02340751749694,97.88108880272931,3.1935893803661646,15.58842719204267,2
SAT-5016,370.54545336684083,7.675700076804647,61.60073560690817,91.91085075923172,40.0358182356668,1.0895576119214634,0
SAT-5017,847.5148098327405,7.454007612941186,21.256516475484005,101.66996991488575,0.2332866715159491,14.773284299456495,2
SAT-5018,1251.5659242672473,7.221639284165722,85.62600382598865,110.49296265379871,0.22011886431439628,1.4160196829980327,1
SAT-5019,1758.489353795459,7.00511256948048,71.94166027953666,121.59247403645085,0.07423786395676409,5.462850792799076,2
SAT-5020,1433.7766606797572,7.1249088089496775,129.92576325942906,114.41808230497497,4.715919691286354,12.224928546642195,1
SAT-5021,1040.1737497795775,7.340469639369501,171.54074793774967,105.86201752023705,2.218689595715745,12.454888012841154,2
SAT-5022,1920.3041944700342,6.924425216039853,135.64054525304266,125.21370600017222,0.10781709245791303,11.640568061798744,1
SAT-5023,1522.7168409789142,7.126981900178926,32.30075931850878,116.24140645764709,0.6202786167085287,0.7218885601709871,2
SAT-5024,1881.280844866335,6.9654244652474615,168.39383138359256,124.33461146744168,0.17177486675375464,2.214160163583083,2
SAT-5025,1196.8995545626817,7.2474883356096145,70.58401785955209,109.29870924357039,0.49364554903023417,14.985842321694001,2
SAT-5026,740.1372671483373,7.484320578139859,85.35408496684433,99.42040285596889,35.70775222201461,1.3952360754946636,0
SAT-5027,389.80536682002736,7.667358891305588,75.8837227267144,92.29495235566091,5.609530594004983,1.3488800798725546,0
SAT-5028,1534.3442475225459,7.0724311698468325,50.49846419178942,116.65823295507418,0.05268382599905643,13.386770410350136,2
SAT-5029,506.215096609408,7.595969532440328,161.10797180354712,94.56738490193251,0.28608443230349784,10.296125476243889,2
SAT-5030,814.7177180623441,7.451863895977818,59.8029958613909,101.17227805783492,0.05370993732238553,5.691331287938355,2
SAT-5031,1205.2005434026255,7.259930708625318,104.14736454231834,109.34419474940843,6.975502531181823,2.7347967444388597,0
SAT-5032,1259.508199225571,7.230538439181825,43.20604518737944,110.70889166158528,1.2800749842538848,14.158309676295756,2
SAT-5033,1320.9914348781313,7.192589353794593,143.52756745863246,111.94027767938253,47.97622579322167,15.817750346293343,0
SAT-5034,582.6340615944911,7.5898308635407,139.3557587152536,96.17679814770794,7.938158888497607,0.8945504822409835,0
SAT-5035,945.5535881968028,7.382277681197702,53.336184920467915,103.71652940336311,1.7894057660970437,8.910402775234209,2
SAT-5036,1349.2301860988434,7.199511609932907,122.67973316582165,112.50479589331216,12.974370301219547,4.254727000002459,1
SAT-5037,1948.692069877434,6.886264158560719,126.69723595709095,125.8491538016515,6.507002266982164,13.334950653440295,1
SAT-5038,1536.9729340894708,7.021191540111339,101.2520548988579,116.51685114619137,0.26933856209489826,5.602562159219411,2
SAT-5039,1868.4263870597283,6.961048324198319,108.10770880890063,124.03064624530099,1.948699298510599,11.462605698062804,1
SAT-5040,1595.7604991341009,7.044901235883966,103.40183489234325,117.86539054212317,2.327909962050018,8.678422402267806,2
SAT-5041,1305.9188471170808,7.201438275965454,14.735592719072212,111.62672962098759,1.128925024900313,8.710221767360027,2
SAT-5042,626.4397275317857,7.541391707520638,120.6477620484813,97.21928213501418,0.17240421241829681,13.7421909557687,2
SAT-5043,1433.3656082172722,7.178358027619441,84.55950177096443,114.23520029664256,0.23392528071418545,7.579430372200571,2
SAT-5044,1359.745262131842,7.188558111268912,78.92231049745443,112.91479895032285,0.34842732540329185,13.545032592897241,2
SAT-5045,1324.197589777353,7.2004414088280315,154.79985938072414,111.95397798679886,0.053670476671855184,5.8784865657974485,1
SAT-5046,1132.6359755800092,7.305153399368865,4.180808423001188,107.71456336057727,28.170962197208496,2.87904878518245,0
SAT-5047,1198.7162267817685,7.2639014943338305,45.23668523257593,109.31513107657743,5.718182065706158,7.34209030474018,0
SAT-5048,868.552296100777,7.411002394386738,21.85262997169434,102.12627256814866,5.858979138897886,8.023856923894654,0
SAT-5049,1182.8315774919154,7.285586788836888,6.361388029750636,108.88751286326747,2.6059246006670636,7.7062928424408845,1
SAT-5050,635.8450396534131,7.520171471758781,49.62185958167056,97.24403842533069,5.846587164842391,12.952453548880587,1
SAT-5051,1668.7964755126404,7.047659741653273,177.925729103042,119.48972598947202,44.11209194225404,9.078395169215543,0
SAT-5052,615.8208229878032,7.522215550218587,48.64125117736328,96.94013357821822,0.7152387199149157,14.226260740964966,2
SAT-5053,444.4426928120929,7.651620540552707,119.46704756323885,93.29697974018387,6.863517810070255,8.27554936916348,1
SAT-5054,1041.6182448071677,7.336883174655668,21.293800207329866,105.71274996820631,0.5991795982831196,3.672969817823868,2
SAT-5055,1419.1226471603052,7.186669333213121,108.33257340850139,114.10008615807624,18.274116975688944,2.158983860177767,0
SAT-5056,1044.1186023870205,7.300487462062647,177.20666696489639,105.78942122652927,18.75235538777877,13.906968853019473,0
SAT-5057,770.4820243172246,7.45891304699379,52.53075422288376,99.98655817202682,25.454776057036753,0.9931475025451663,0
SAT-5058,1248.8910126137494,7.249054647901073,152.6536109476049,110.44653029138921,0.05192302390391945,1.9699928295242202,1
SAT-5059,889.9039702007399,7.415944258921868,179.56284846597637,102.50361749066778,0.39223318936233337,1.1121704507904933,1
SAT-5060,1885.8750732152762,6.951625622732421,105.93973596973392,124.2150317246328,0.12610812191544327,6.837373735190942,2
SAT-5061,1868.4967373260724,6.936220156424391,55.69219807704636,124.11628272480502,1.150611202364839,8.568588300658135,2
SAT-5062,1154.0320939525623,7.266228166014579,121.23562678184811,108.24313610883426,1.5322122576998365,0.4160082232593517,1
SAT-5063,857.4027898310395,7.450777188080627,152.0726771283514,101.91321597072336,0.2928748861798967,8.297820053576508,2
SAT-5064,1553.1251037262864,7.091369882003441,30.843043733156097,116.96878016369403,7.401325093963805,6.360775593520954,1
SAT-5065,362.4120039212133,7.7014914349340815,81.4528374914616,91.66895597432426,0.3223139896153302,12.40095840104878,2
SAT-5066,1107.107310274207,7.298539756095665,57.453787822291375,107.18706890789123,18.224017768994013,13.29631028576495,1
SAT-5067,871.749770259567,7.394856146087691,51.00461945322838,102.3862253206732,0.17058785516456365,10.990982238540665,1
SAT-5068,1864.911004674343,6.975533015109448,154.94782693323108,123.825402065851,0.6319400622716065,7.62857901153432,2
SAT-5069,320.40514636356033,7.728161495690311,75.89772122793093,90.83400751631383,3.6786060401519527,3.5367626611676113,2
SAT-5070,1239.7852887211934,7.283039070393522,61.0337415247043,110.19378022902168,3.273220147657007,13.569126390110705,0
SAT-5071,1559.1280878132643,7.069403511599953,108.63189745668247,117.05724188784271,0.08571510082974416,5.532539326706227,1
SAT-5072,1124.53057879087,7.3088046839006315,39.49228433472863,107.53505201103897,17.288043271702815,5.765041006399692,0
SAT-5073,445.1851512766268,7.620894265417396,41.38082830225421,93.44257772930624,3.1128973849466104,14.664583600274012,2
SAT-5074,1953.1843630474339,6.923018620949692,93.65197155687083,125.87240402893173,20.349261392090956,15.611996364006817,0
SAT-5075,1180.6177333393666,7.28475210988106,73.66909115631314,108.78715163218318,20.039032010530157,14.380282206513616,0
SAT-5076,1344.1166153423194,7.146384689612916,53.096829106018404,112.49058456134709,2.171331213229763,15.97193210462119,2
SAT-5077,702.2366306027625,7.502786875218236,9.711203809338397,98.67390214875356,26.99692973954088,13.91565061803349,0
SAT-5078,1121.9467446815665,7.282346253591785,93.73936295493388,107.40205926820525,17.546617168999195,11.299284530159301,0
SAT-5079,1029.5541363291472,7.324958813137458,146.98965700819352,105.77280271524214,37.4402584509755,4.771728453186418,0
SAT-5080,427.32293140337237,7.664869007998118,153.24789695149042,92.92119177277841,17.801852570211878,15.252017077508032,0
SAT-5081,480.47260103069425,7.6498207698009475,42.37919635069444,94.02636156361329,14.540574213593843,14.038366622658684,0
SAT-5082,1723.7032833519168,7.01460818860567,107.9354167105479,120.82396455622559,1.279532868179556,3.9278739994088863,1
SAT-5083,707.6939187512035,7.50810099501968,154.05863570332926,98.8471500674188,0.21630332003644645,7.877683324545048,2
SAT-5084,631.429061547672,7.54703051536172,73.57066708972765,97.38862265928529,26.983370934844903,1.2138850039462472,0
SAT-5085,1158.3494671252367,7.275993667171022,167.78462711535514,108.20070944080548,7.355590846392355,15.257610925948752,0
SAT-5086,1606.870123316272,7.04668293298832,162.53613524331953,118.27516461904622,0.3501173211802197,9.207016410771148,2
SAT-5087,405.30908158427945,7.6917612822822745,37.46410153538569,92.59726588484604,0.5271778718851979,3.9986886802578305,2
SAT-5088,1280.573463385035,7.2235155570137355,46.61366992203668,111.00235617396953,5.717491661656301,4.7491490866196235,0
SAT-5089,502.6577528289747,7.622985775488248,32.4795597562744,94.60261768848858,1.3565066570377315,15.692436324814768,2
SAT-5090,361.9837864035514,7.678098713095939,35.28978326184641,91.73047407406193,0.08778446968769514,9.888267239686742,2
SAT-5091,389.66471867576956,7.669276677841177,163.41517569122965,92.06454407204372,0.13283540419347656,6.788861673291819,1
SAT-5092,1718.0789839543502,7.016190194132835,167.60482365467215,120.8474863464727,8.628117580746448,8.047542842390056,0
SAT-5093,500.5532221677047,7.585571688018548,9.34150341332357,94.32460637575095,0.4838141765807388,1.6669461507997596,1
SAT-5094,376.7573195008963,7.652040735345065,106.84860402099686,91.82528585111163,1.6669335573610267,1.2928618851587286,1
SAT-5095,1044.4298081429508,7.319618131960303,101.56168131436289,105.89046818189965,9.973197950188945,9.52405311847612,0
SAT-5096,1734.7889023014422,7.022924063212415,70.29857641040277,121.23911347880843,8.963895510603255,8.240864179401031,1
SAT-5097,746.0942400318133,7.470657225056107,113.70556670815927,99.55873256248746,0.15849482438757753,5.810535741724714,2
SAT-5098,1016.9114497940578,7.324898662231399,170.526208591953,105.32442232252772,0.0986623822577734,9.101211844930695,2
SAT-5099,367.8683053583771,7.674575079142268,30.64587888998631,91.90041472313501,2.9677470586837162,1.2555475960510392,0
SAT-5100,1063.4334740292888,7.313149800951181,21.673963748962013,106.29402784787578,8.392060886843046,15.109459625761586,2
SAT-5101,1281.942237083127,7.209888985398699,6.010302749215621,110.9280194695307,0.13998766525005205,4.770015835769128,2
SAT-5102,1270.5419913786461,7.265658002605386,65.48999541122582,110.75610200511986,0.6528837605000389,1.2412827716847823,2
SAT-5103,865.1253766964207,7.443005175583851,60.77312587401588,102.2354602421024,20.40816666126484,2.7951179339282546,1
SAT-5104,836.4064071273303,7.457180395266291,77.5475438685559,101.49825397955387,34.012568466790945,1.6180352402720182,0
SAT-5105,481.2601521922164,7.650340329783029,90.59580555857082,94.27592249701489,1.1512755650391684,2.939811619318932,1
SAT-5106,923.5571450986563,7.372150613249964,136.40831892548184,103.41133555260167,0.08659998293325807,6.726389471743128,2
SAT-5107,469.14093708403993,7.609275089881523,70.5804102823533,93.76888742315883,0.2965236743048551,11.83500921357478,1
SAT-5108,1603.2131060104878,7.047953013382897,59.51035968502204,118.11641798428002,0.2499653235225312,4.430338724535132,2
SAT-5109,1942.666306171916,6.950937775603435,148.83818764673285,125.64748604921783,0.2605320555299902,7.031233288872138,2
SAT-5110,1949.1265763334018,6.91061508419627,152.96340071765815,125.81254712210394,1.5157065258857862,14.867240877422958,1
SAT-5111,1770.6208689381695,6.971998261426313,41.89787357280357,122.29805141463719,2.809615948170991,4.803565655283009,1
SAT-5112,1321.3466538773525,7.189837879071168,56.6409280880355,112.00647867941288,0.11654637510383464,12.736044076908886,2
SAT-5113,1491.4716853145958,7.115381113434371,148.52094676381589,115.72352427730895,23.282950986926124,2.6092882724696262,0
SAT-5114,784.8498645567039,7.468795050357542,14.29348397359767,100.34180826165834,3.6215248884590343,2.935315765490237,1
SAT-5115,1372.309714293455,7.179749175469983,58.65242047033282,113.17549423617437,3.0954599912581195,7.352830688272624,1
SAT-5116,1074.6042340477916,7.300198126512111,80.70301926735502,106.6737303030033,45.79383336471766,3.822225782415543,0
SAT-5117,1119.4294776207853,7.308549034764282,33.67289073610279,107.71572692228271,3.831792092150941,14.458146373328738,1
SAT-5118,1588.2201526377685,7.063962455875316,32.38455538992567,117.9616726654947,30.60888095046682,0.9069614288632968,0
SAT-5119,779.2612045153278,7.463217403921682,76.47517044243517,100.13861813440437,0.3611943277052383,9.59663380168705,2
SAT-5120,840.6673398806838,7.448223128894152,135.81391045227403,101.47019738403588,0.2626385520211139,9.707247398777366,1
SAT-5121,1871.8910449186824,6.94107423834504,151.24193631857293,124.03028281434398,1.7722544063463221,1.1498122475592185,0
SAT-5122,395.5813012466528,7.663716365888856,176.26231665651122,92.22940933673627,1.678018896694866,11.747771016447171,2
SAT-5123,1125.5783073026787,7.303676975748401,13.317129016509428,107.69233988957748,0.23901268617517787,7.555470957743917,2
SAT-5124,1851.7613606933648,6.945262540725285,39.00279620627868,123.61955605910589,6.2796722138202625,11.596866638567455,1
SAT-5125,1337.6171132908669,7.18316111272826,136.1933716291556,112.46710616568568,0.06135803771635381,13.24810727636761,2
SAT-5126,1228.8920261606245,7.25322582388791,97.30776709001913,110.08367924626799,5.90012784325615,5.234099696652033,0
SAT-5127,724.5651046899038,7.53614665384705,58.98235931323528,99.13736792436924,1.1762609048651331,7.803325538674254,1
SAT-5128,883.568331409562,7.424580656072327,37.00613902450384,102.6844946247963,5.834350781539191,4.246096398311381,0
SAT-5129,1748.482306867978,7.0160107236859375,50.48595929564065,121.50229509512646,1.349621214543262,3.304064070005127,0
SAT-5130,1250.6708240063788,7.242372503803036,77.27201105417134,110.32085570907368,42.75346841025514,0.10945665287825276,0
SAT-5131,1175.0617293865257,7.246432294307851,31.887219511085895,108.52679355251426,0.5046901836099941,15.421741042069414,2
SAT-5132,469.2855130180492,7.635953643540502,173.5606720578151,93.81454644300116,44.32908992562525,7.110762662341407,0
SAT-5133,327.2478659737093,7.713558228243291,19.36592002797739,90.8643572588884,0.07832345409478275,0.307809391636097,1
SAT-5134,1938.2648207679836,6.932513016200597,177.40393820805943,125.6536219896636,5.626681449845369,0.24212338333196587,0
SAT-5135,940.8764843876307,7.385697288587081,151.54079148012107,103.71471202809852,1.1524646810733288,4.684805839964001,1
SAT-5136,1325.4622055691573,7.204126913092555,76.16729115247304,112.00073665078784,14.634668215209487,0.32160909149088285,0
SAT-5137,435.5156244183845,7.646325733197094,133.16694018987783,93.19467744498724,11.690099656725002,6.054782420770918,0
SAT-5138,1461.2942857291791,7.135028994908471,120.87274386534949,114.85104970552179,12.577680338986973,1.100722172879271,0
SAT-5139,1885.3634048001336,6.923678240511977,38.39164523080757,124.47624470559485,0.09620237686314163,0.7241002992899248,2
SAT-5140,1278.6309300956134,7.212129859471483,61.032615501410355,110.929837640865,14.657743038908809,10.743164165785345,1
SAT-5141,514.3960480381979,7.636410906784526,92.36206130498242,94.78612264515502,0.21932618104856694,14.518776502141867,2
SAT-5142,1288.9265967049105,7.220051348057525,114.81195237979084,111.29365567921373,0.05970501281751256,6.609246674506241,2
SAT-5143,1602.790262277909,7.069859456606397,97.72109664419187,117.97947597647648,0.22500188855949524,13.404649841387327,2
SAT-5144,990.9081121758318,7.396158089986469,85.13774298116529,104.74389127479265,1.3703304821195714,0.5653208320583794,1
SAT-5145,1795.7241715004955,6.959046498073724,79.76740922188203,122.4022800232538,8.419844755261122,12.465271889925901,1
SAT-5146,1402.7610207075197,7.138474861389255,89.68760987310323,113.63444826383588,0.22639532097824785,1.0985198779339655,1
SAT-5147,1828.7231610916442,7.006445484899061,78.18327357227466,123.24681698749599,0.1091421861567178,13.431186828837891,2
SAT-5148,1359.9590291204734,7.1813781242547465,97.43941395822887,112.67620567335264,4.333828980583823,14.129624883465818,1
SAT-5149,523.1895524082012,7.598888664827452,159.8373538284,94.89218447012101,44.73671732428109,12.596984093878797,0
SAT-5150,826.4759088788215,7.417829327949536,113.9092763498301,101.21049321421103,3.173809900731907,13.149909488139496,2
SAT-5151,643.0514120291768,7.54744481717088,130.07175749793723,97.5437924899953,5.91755218750915,9.027604604683871,1
SAT-5152,1845.0050461186659,6.976168535605769,107.54696407153978,123.47459357339567,2.412527850415993,4.311670587064166,0
SAT-5153,1592.6801143887205,7.052874539150373,115.74318283452041,117.92337559642137,11.117709885552701,10.32737294230937,1
SAT-5154,1449.8772271470102,7.136256472749337,104.10296912067243,114.9185730494599,42.304178403649395,7.088712220314146,0
SAT-5155,811.6427433737568,7.44278332932734,4.835973995248175,100.96107051121197,2.1446562503945223,0.18485131861283133,0
SAT-5156,612.8761124853629,7.559878695537088,179.92770879600357,96.9177066475709,0.8899006819180041,7.681528732313876,2
SAT-5157,1585.96684958115,7.055363269160522,6.049663238321403,117.8954845563643,19.054571545228484,10.453888000353674,0
SAT-5158,1106.0685079944355,7.3263896136638325,71.12664148205766,107.34271065089654,40.56533208209343,0.32075018909200026,0
SAT-5159,683.8422386560695,7.534982141311613,18.920822093808017,98.28410035922506,0.12204357670847042,9.979629344119706,2
SAT-5160,1348.2573628809675,7.178635782654292,17.447121079367843,112.5565666652625,2.7132068244190704,10.475257308848015,2
SAT-5161,368.5675486353683,7.686141436307062,142.83485130140704,91.64275083936722,11.92202373124189,2.6139104939984588,0
SAT-5162,854.4894320180309,7.42464485150754,76.66664028445385,101.79535709172157,1.9906193429023462,6.9540795439885015,1
SAT-5163,1096.5468908049288,7.290437863640442,144.20496749377767,106.97474325307178,0.8444246624404721,15.432888354137207,2
SAT-5164,551.52916798599,7.579291588180034,49.10156472254967,95.75783256293923,4.620186084628996,14.158608722016542,0
SAT-5165,1973.9126119044272,6.9058666712000685,46.16330252512226,126.3610513406212,0.32311289306957724,6.632060623446218,2
SAT-5166,655.4655198023443,7.564085947336201,45.221648726603185,97.61062662071429,0.557662232655852,5.662555661584073,2
SAT-5167,521.6003210735514,7.623549240869923,110.90621275342546,94.81050363611037,47.4023618275146,2.0728828275320104,0
SAT-5168,646.0092856077239,7.555594971893924,146.699890172208,97.55220787257403,4.058504272147641,0.6595064441885407,0
SAT-5169,1607.4039263715313,7.075631832544364,81.4069818135433,118.21869421675187,20.785089517391366,4.829658161329052,0
SAT-5170,1023.3596207621327,7.319724843956672,68.26480031539482,105.57421664770006,13.251820464925594,15.05050521860759,1
SAT-5171,1261.2070975793144,7.22593320064074,175.24431975629687,110.66198783864652,4.526762062346653,15.34195387620531,0
SAT-5172,335.7155668768133,7.728691957933575,21.015726482094983,90.96325872709532,16.640150569407613,13.019057515162793,0
SAT-5173,358.53322457463474,7.671035964607008,87.59388276808065,91.48588382743272,0.3634506840983438,5.678114534965766,2
SAT-5174,1057.9034347059273,7.337712532549828,73.52779557265819,106.3419822462401,4.076799478576756,2.383660282825568,0
SAT-5175,1688.31391344276,7.079115897328823,17.662787385640268,119.98674202077703,2.9565176288100306,9.5689822621303,0
SAT-5176,1804.9060938028608,7.003575479490751,48.27606517587945,122.73939763143099,3.6832297236277793,10.379429614578285,1
SAT-5177,447.40116491258834,7.674162949978195,5.119418264240165,93.37141505884811,0.16027500008140252,6.850719751005105,2
SAT-5178,1215.2172735717386,7.253002053501281,157.85177201693227,109.49997700611145,0.3393900644601363,11.097184049382381,1
SAT-5179,1852.4904666747598,6.981467187645802,109.4129152182722,123.66236010758254,0.3621970933139742,11.972241981862592,2
SAT-5180,959.5536824764068,7.35959818481703,146.70332961664514,104.00659144581859,3.197484825181253,12.550680450839002,2
SAT-5181,1710.2619134282265,7.0390244464459935,93.87980143253816,120.4410746364808,41.36286815327752,8.086539970584365,0
SAT-5182,527.2826124790415,7.6145719336495175,107.91176929594099,95.0523849069296,36.40597427576053,12.687088363199761,0
SAT-5183,1890.1706324352579,6.952011130158081,126.15380600564968,124.59496261431433,0.2401810080831563,0.5050751776843629,2
SAT-5184,1577.4196398032145,7.107872873324301,163.4420929435587,117.37968891658242,0.41068206164525245,10.918429431148027,2
SAT-5185,1900.2684677377329,6.931195832972939,16.515339808652236,124.77048457195205,0.06414394716393526,3.8465799171026296,1
SAT-5186,1450.249297039261,7.135151023560109,59.570711052430845,114.67052765714702,0.7859895534931891,4.401272637833686,2
SAT-5187,917.786684399026,7.396961829661921,127.62471432600009,103.15010493640519,15.958511076334718,1.5516971350470439,0
SAT-5188,1894.907993292028,6.923629893661947,172.5031013402507,124.66421522069852,27.93992405459474,3.159036991131551,0
SAT-5189,768.4635197256034,7.476525464082794,176.54533712820097,100.00440204693015,0.2561294064291127,15.872930904731847,2
SAT-5190,864.6932875049453,7.387755756216177,114.85854164470723,102.22745012686484,0.31358366008404925,6.704703075959257,2
SAT-5191,1491.3743106029585,7.14113640580994,34.84772599587611,115.75407246274382,0.22988966841340974,14.851469839150099,2
SAT-5192,1601.0377091931566,7.071987738193058,21.45760405451221,118.18116463200941,0.5614107276728589,2.6901024982654893,2
SAT-5193,1879.9859225435616,6.940080799788797,170.28785597047658,124.26406802654373,12.9792082323947,3.344535589366461,0
SAT-5194,648.1640953955562,7.519057441771035,78.10698410325135,97.44488952627005,4.360561479578634,8.969232325659632,0
SAT-5195,1656.5966598726807,7.041851559413686,35.066885987283264,119.30754448828394,11.397057987097115,5.657567399977411,0
SAT-5196,1555.5282907748378,7.105090031731592,168.1006528399682,117.03842422473066,2.8058427207120764,10.338251816339259,2
SAT-5197,408.4507456311164,7.678769881682633,18.814368881576137,92.52643394978529,0.2965986968183038,6.8105405539548425,2
SAT-5198,958.2793400573519,7.360485517407458,131.32279743427353,103.95867818085968,0.2415196913303842,13.004396075700845,2
SAT-5199,780.7012770021677,7.4486703848626705,112.54734495780015,100.31267355937894,0.05320741034640681,6.961789231620231,2
SAT-5200,817.6337214018516,7.459526784257459,15.79223958856053,101.05449719507702,11.013273258450715,9.200352000768396,0
SAT-5201,1971.0096952429915,6.8980275446575465,60.97478321509959,126.4451726428776,17.391365517400203,5.205063880377287,0
SAT-5202,1392.7216029158774,7.166490468410033,26.987524117201918,113.53222757893936,10.088295694878845,11.2942517002746,0
SAT-5203,1520.0494682489493,7.1097236484860655,108.80974665596904,116.3785292240841,0.08359420608363503,10.510273922554854,2
SAT-5204,1960.2499834355156,6.923177985049924,85.88034570193719,126.0059826764365,9.674641609490347,6.412316421107517,0
SAT-5205,941.2430301779858,7.400347478283811,0.7695224388883726,103.75369331498645,0.06859182589156053,4.488910434370484,1
SAT-5206,1663.12828636977,7.018418931610327,175.62790193110345,119.37222578792304,0.10369294316993526,9.864259559642754,2
SAT-5207,1038.7026376176423,7.2962427709454545,62.925236980117276,105.67192506840559,1.0480840772696967,15.096111222455022,2
SAT-5208,1778.2072420854656,6.982418797099404,46.476790710669,121.97763262129165,1.3409452033251206,2.2090240820229647,1
SAT-5209,607.1178202292153,7.593906144237824,40.03973204293848,96.79366852405819,14.038668344260891,12.805954231694411,1
SAT-5210,1911.0665010092753,6.977888116886541,28.58686131124221,124.97940202853704,5.464503147647673,8.73356918764864,1
SAT-5211,671.9119042984955,7.559652939132484,179.84467371897176,98.19311704955662,0.14418847223197004,8.45639915326436,2
SAT-5212,854.5748618675835,7.42346975914566,53.119704218688874,101.93005599863443,0.23845715273872198,15.39077794645807,2
SAT-5213,1585.526797981527,7.042301694158525,72.99242950037069,117.67917397314076,0.35974566483314163,9.733409281340053,2
SAT-5214,969.3837406611914,7.322155304762133,156.844064912056,104.42887086903568,0.11748648664251093,13.305233461201436,2
SAT-5215,1333.9593405029593,7.180282844009752,115.53975063771807,112.22449378038257,0.36467388470742335,8.280188257123575,2
SAT-5216,1055.7749518180285,7.322069575262429,66.36499411414906,106.06655272178256,7.669454423565825,4.07266853935592,0
SAT-5217,1562.0288930526292,7.11443130987045,161.69911846629356,117.38336340619065,0.26495640020340944,11.142395316183942,2
SAT-5218,688.1631290266384,7.531720959657296,134.95035639844804,98.40203806849566,16.034260885809278,14.778512780659662,1
SAT-5219,399.3785783026909,7.677498840710444,41.022091357505936,92.40340947283356,1.2809170005238044,13.4755585202002,2
SAT-5220,809.8799757042126,7.43261104801693,115.87301902798568,100.84583174018239,0.4653473960503699,3.2539813392173462,1
SAT-5221,1106.3247302763316,7.282009976209997,166.03172969263227,107.36345767800587,0.863424401023482,5.138536993088189,2
SAT-5222,585.6340887275535,7.574619387294958,89.36295812107426,96.29236078721867,6.721407497936284,8.318402716181474,0
SAT-5223,903.1553924158608,7.416427105107165,132.0502325097001,102.96724036718572,1.7756121743635964,9.188492394253437,2
SAT-5224,979.9711310990665,7.371545109862907,174.79867391804865,104.48787748730048,0.052578234163165254,3.1816444198905995,1
SAT-5225,397.56613427006505,7.653286018400814,124.27454536113832,92.44783827963288,29.237588142859,3.757196206241117,0
SAT-5226,1291.6223219131477,7.225419529849306,18.43896415789451,111.34780132810774,0.07887838560019016,12.165413997663439,1
SAT-5227,1803.3838275511887,6.991507475124158,44.02071916763208,122.51951624316949,32.721563789951354,11.712046925767584,0
SAT-5228,557.962952020189,7.563223094411878,107.11735872167681,95.5252866061769,0.06073352314048502,13.443420152599368,1
SAT-5229,1316.273622782574,7.185146216364123,49.600046766943095,111.85207170689854,10.27798570243238,14.933583935755674,0
SAT-5230,1430.0566483484386,7.1618954565917825,172.35750697004516,114.12783526317733,2.0090656523892587,5.001351790552798,2
SAT-5231,1012.8689567127902,7.342595022194225,72.96336612399128,105.25637988878194,1.6449342605601982,13.767559809472212,2
SAT-5232,1491.865898519259,7.151757679609601,82.30147303182571,115.60138692143768,0.08266192447030957,10.689587481291364,2
SAT-5233,998.2436239347205,7.3645950210767985,126.28837682462111,105.05052069882096,0.2601387417799865,15.32854973987961,2
SAT-5234,1157.8833895616394,7.266450179856778,94.36495164153735,108.31736993893944,10.755038157106169,4.425979080772312,0
SAT-5235,312.50017574252587,7.7224557117878145,68.7862740399783,90.7394119363183,23.591170756360633,4.387776876068457,0
SAT-5236,1475.924194028971,7.1284711537594605,13.794817527824177,115.24316572846115,1.9334192908836387,11.298265834214355,1
SAT-5237,1424.2825542060316,7.136204607922071,107.3602061114155,114.25830716600368,0.5741167179043717,14.861731307208593,2
SAT-5238,365.28149145478574,7.674093580013804,156.16440554292623,91.91041255369001,0.0756483793778836,13.210437614104311,1
SAT-5239,926.0251825717262,7.404904621135814,123.43723951681011,103.2831865543292,5.56551788274761,11.659928968914363,1
SAT-5240,1964.3541293458345,6.932139124570874,68.66910180845139,126.25433006105376,0.34222350613275976,6.258216249112474,2
SAT-5241,1015.2521563666486,7.358175393250081,22.990691632163294,105.56701174515914,0.07311578537028644,11.512500621761387,2
SAT-5242,1153.3071887241308,7.30870147634077,146.9408736427639,108.26453632101395,4.9719321301669614,12.83741966524995,1
SAT-5243,1846.8812688715216,6.953648707372253,169.51470520161686,123.57233143988826,1.4326146400100812,12.077242308670609,1
SAT-5244,1519.3451889717858,7.141051154557028,69.88913834332766,116.33173397816448,0.05430708016279064,10.861291692749356,2
SAT-5245,1289.51922291118,7.195377724567701,131.15559405313107,111.21492761877988,0.10758262124939498,0.8493869018821774,2
SAT-5246,1656.2679582798232,7.026433698635737,73.93741918033602,119.12129164394372,6.260021028359186,10.589467436525458,2
SAT-5247,1769.4226529751545,6.962341146232571,90.4080489933959,121.93647338267608,0.07762185254701028,7.704885022178275,2
SAT-5248,1076.7097219533537,7.306811524131327,150.56574851095374,106.40869868720132,19.808847058038655,15.38895141764,1
SAT-5249,1107.6842203841202,7.29048747481696,15.016381598007644,107.23307428417027,0.42948582687869713,9.75431914569543,2
SAT-5250,956.2865906081208,7.3861177617479195,95.46036278160692,104.15455132463882,0.09225064591217065,9.770813374141259,2
SAT-5251,1943.400438031383,6.928819771853787,38.63164944082004,125.71380809303842,9.51134946654269,15.905477479179023,0
SAT-5252,1485.1826322935956,7.099143108882569,61.16507018923723,115.42932807214534,1.8717666615545412,1.5880458575163965,1
SAT-5253,441.4792125537229,7.641350327165701,115.99718843560936,93.35267334209087,0.4158053773348323,4.49342893309561,2
SAT-5254,1767.0313596321314,6.991139092674281,4.901114220632705,121.68445774973982,0.8265421952400333,10.531663079607508,2
SAT-5255,1116.9518994216558,7.260523002608152,106.8885178151693,107.35199696523325,0.05797051934694172,5.112256470946557,2
SAT-5256,416.8816409182287,7.643432779247024,51.019603101674946,92.78753312171109,4.864807018374081,5.603787352073038,0
SAT-5257,1234.5193337776286,7.224015000671961,120.50718494545299,109.99699645812926,0.6255918341259283,14.293054542774026,1
SAT-5258,1009.1792742586936,7.377794062408065,25.484643344349756,105.03793811764103,6.935578849494842,9.311727090132765,0
SAT-5259,1792.1739882664622,6.991611217827625,132.44608868691216,122.39801480695193,3.8325112838169604,1.735562766586058,1
SAT-5260,646.7908261359585,7.549725565318585,116.21514955733608,97.55896431399592,4.4950296635002225,5.042715113148687,0
SAT-5261,1704.989836136711,6.995426459365057,174.8235299184632,120.34375775019329,11.95771332347588,1.309328186340747,0
SAT-5262,1248.0707750152696,7.25687459448407,164.02236538646665,110.28032280223125,3.912408911626267,8.942465941809608,2
SAT-5263,392.8375154628974,7.70268200053772,50.99451537594642,92.31469370279828,0.9018779978982636,2.854964322378236,1
SAT-5264,1952.137012253324,6.88034016126265,4.916983090578655,126.06675235130166,0.7391842242312312,13.728130885399189,2
SAT-5265,1171.4459149754398,7.255531654808981,117.9663410001164,108.62129723059134,0.11421320656412788,9.279293020658347,2
SAT-5266,794.4906521936903,7.468319583943368,108.51973002084105,100.6725691077749,10.896831711836114,1.0440727067044056,0
SAT-5267,1097.991631381739,7.318185162802557,4.937178377960292,107.12279432563994,9.600532664830677,4.883923051626671,2
SAT-5268,1758.3582319797313,6.988730793090808,22.08195525646668,121.6628874900128,0.2740722755181754,9.899768909054416,2
SAT-5269,818.335311454608,7.43991547436054,105.2463068164774,101.11363528052385,19.364921571953534,5.434423259281869,0
SAT-5270,627.5498740273906,7.534887396727988,164.12890752782855,97.0205271806964,2.9240162221027433,8.259509030643896,2
SAT-5271,519.4211197824984,7.608027678899614,163.17004977241325,94.82363617716533,1.364679072096265,14.558860485455497,1
SAT-5272,806.3609772633591,7.476177725760029,27.26730983017347,100.89148713309793,0.05642335538422139,5.665571931049826,2
SAT-5273,1626.0817479680738,7.044553440869607,69.22331035294492,118.80160461678207,0.7033857440035212,5.4403785132696285,2
SAT-5274,1101.764820831945,7.3234692553792655,7.7765155833913235,107.09901428952172,4.178133467009313,13.134133776871911,1
SAT-5275,686.718726279018,7.499500298684342,84.46893234532723,98.42637680503913,0.09294232179478457,5.168228714376641,0
SAT-5276,582.5144993365736,7.554282078162574,135.55502274117703,96.14309853784935,1.195836846749391,1.3395376718322372,1
SAT-5277,865.6401100676445,7.4380206948927325,142.19508804581005,102.12032210260784,47.78348911363045,2.977024772376169,0
SAT-5278,1897.871433905705,6.961416376141182,89.81810398738313,124.86952603507638,7.05644427045063,15.185923987661187,1
SAT-5279,883.1454114030414,7.429716836839241,17.25654144747931,102.5564291841653,2.185660314895769,14.93935540198577,2
SAT-5280,1979.8109291228802,6.882514925803221,68.64551553268196,126.45226070973162,1.986408930960238,3.67451224337255,1
SAT-5281,1124.8917748011054,7.282858509633792,167.7783527953856,107.58795832508488,0.06764960281553314,8.900679782269105,2
SAT-5282,604.5786610932564,7.575710782396658,41.330260173548645,96.75965217094962,37.23173857779091,2.2841527967257456,0
SAT-5283,1814.938156048966,6.978890160232245,57.55580098429077,122.86058382857658,30.44408916172172,10.827374293333419,0
SAT-5284,1082.6041343292059,7.291360312569475,134.42889158335277,106.6206964230461,5.5742204000767375,3.0463621565559897,0
SAT-5285,1506.4412839576914,7.122551108357889,132.04454199946886,115.88592475494661,0.09908432459707124,0.891667724453503,1
SAT-5286,1972.3096914555579,6.897639799855681,164.19641184448784,126.47622966200557,0.21012208161971935,13.21585923461991,2
SAT-5287,385.2980955439558,7.716832492402759,69.86136432966758,92.21286702473681,0.17811422762944654,5.273866085305649,2
SAT-5288,464.3807516388641,7.6672768256305766,92.62777029737241,93.7372202256941,1.8101120505620663,1.8255062166055427,1
SAT-5289,1524.7764604866854,7.117202724920638,84.13064301968598,116.62046907439631,0.21007850968887817,13.35907281870938,2
SAT-5290,779.1025056023025,7.493645923278849,166.99539078404155,100.36560355274948,6.114651206877779,12.22211989298376,1
SAT-5291,613.3123748151684,7.555819028803055,138.47950598843425,96.79122344300944,2.1610243588971647,10.971759361868294,1
SAT-5292,366.9151956935401,7.7067214775669965,149.65952037009268,91.65617046983132,0.05648648302935086,14.588854486528014,2
SAT-5293,337.1394103765431,7.738018380147315,23.95768838929396,91.03282218791239,8.533785361318015,7.878694781243099,0
SAT-5294,1616.6255253036445,7.069062028720541,142.5324047162688,118.44296798738057,0.1842706697353631,2.1360983116300836,2
SAT-5295,528.536826528235,7.595689488291353,77.93617789034946,95.00933331192061,14.915072315661769,1.0754079173324005,0
SAT-5296,1095.1250471509566,7.272607237579151,4.200962909516479,107.17201685701643,0.5809066066100373,5.163212185558572,2
SAT-5297,1330.0245858051212,7.192738183123359,10.81590349379123,112.24066447122485,0.5185958586242043,1.4806101991849179,2
SAT-5298,1028.1980609670386,7.356138913129371,122.02342915227202,105.63238013892045,0.054252781827576826,8.614600101518658,2
SAT-5299,346.0813089715963,7.722244111642691,66.96223940627458,91.19468572202487,45.93639960164016,0.3305343833882103,0
SAT-5300,1631.952554399445,7.067471582059328,156.26080318022647,118.68318171730817,3.427543867708757,7.155836493999077,2
SAT-5301,317.8724817208109,7.7087319121178846,132.16916409765597,90.86354756036957,0.9271724166357692,2.937518608672008,1
SAT-5302,1595.212820441723,7.0341032620998405,3.9024021000531173,117.87730209305982,0.09746175280884085,5.955461897487814,1
SAT-5303,1818.6176394398085,6.96658727195842,123.63989613048035,123.04144653023444,6.2576921898713955,10.833041788853956,1
SAT-5304,1035.8278657971928,7.329802265141004,34.623445091824124,105.77986489456276,0.3525018611315012,5.680323959706154,2
SAT-5305,1210.422204266257,7.244668631550991,76.06486236670418,109.49802057844185,46.11184076997064,5.527304206483422,0
SAT-5306,1110.8717674500112,7.311377731752185,112.4523363821333,107.27306106215812,35.531380527181184,15.852936652148081,0
SAT-5307,961.654651659846,7.412612300279816,157.0892114332247,104.13872998998978,8.032672130737641,11.529154091347952,1
SAT-5308,1808.6217101296124,6.983223676804203,82.09761991054906,122.72320187038115,40.9435782671854,8.270401218415817,0
SAT-5309,1819.6869681389837,6.971701518083723,145.5282817544042,123.0565635698352,0.10372216940551528,9.312072850861513,2
SAT-5310,870.8878198906087,7.413774893689222,140.9338193041139,102.13178988654057,0.34571329861402494,9.960903841149094,1
SAT-5311,1345.6185818249867,7.189615532079802,74.6169323132265,112.40839689618025,0.2875410608657673,0.4907488431593867,2
SAT-5312,1875.742855647969,6.935720618100774,90.17642941792252,124.22216137598154,0.08222577579479247,1.3762069893514368,2
SAT-5313,1935.4994482002976,6.929638104774382,126.08730180896636,125.63652738539626,41.271456740562556,10.422110686570763,0
SAT-5314,1165.2303687174808,7.281651454532702,5.606718236449151,108.42445457988308,0.0756645170262752,5.895054855688188,2
SAT-5315,1069.8021689833554,7.323316084844616,160.3460544838643,106.32905542904606,18.57961525069201,0.9815602396876085,0
SAT-5316,773.7803370784939,7.478356991782439,138.56690869878483,100.23863719941085,10.079854844346732,4.830460612220855,0
SAT-5317,1930.082184423697,6.938169064260264,44.89485865241947,125.295644616083,0.6707663489249395,2.171506384700104,2
SAT-5318,542.7843176038746,7.557519641309644,176.6123915740156,95.48130266483756,0.05693667378010716,14.669390091398508,2
SAT-5319,1285.7102792811324,7.227927532256936,32.29026346613138,111.11229329805333,0.052150409055776746,3.326513741594529,1
SAT-5320,780.3354547816862,7.452361827850617,164.53560126679233,100.15437527086591,0.2046216236478572,2.384690038565434,2
SAT-5321,774.3140935912543,7.447010388972251,58.40522249816001,100.13442393056799,1.5156528638037587,10.056084191709004,1
SAT-5322,988.4465985395204,7.337377039326576,137.36640782954444,104.75739033477561,1.1822244554135044,8.39839969140164,2
SAT-5323,1997.9479908866126,6.910011287049527,82.14778678463011,126.93570977850369,2.8500188604529266,9.257326019169092,2
SAT-5324,393.4427216276975,7.671865042505598,132.5641297410004,92.2820413945741,10.34779778747297,7.031575553841012,0
SAT-5325,1283.5210909460034,7.182582449623279,28.040948629085925,111.15423702124924,0.6776943250554068,7.527992043820859,2
SAT-5326,440.37266865997117,7.659386910110516,48.5111625095669,93.22180549742053,0.15137741713994615,12.48288113796936,2
SAT-5327,562.6854109838823,7.553260912605011,17.974408404964613,95.67109976872545,12.563676775596283,3.5967627387281116,0
SAT-5328,1047.2570010139277,7.333032294911923,155.72591665880455,105.94732669605274,0.49778527814533746,6.404815915016622,2
SAT-5329,1167.7822232889503,7.276174199826342,53.332737798509875,108.71190649261011,0.36275691320674885,15.329423620354392,1
SAT-5330,739.9470942196908,7.504665512681734,125.00572129499942,99.62906693151795,9.81535743903687,3.1207726488581184,1
SAT-5331,837.9771224865075,7.471508400078636,147.63981559347508,101.32235373670139,31.724027566555893,4.771000161165686,0
SAT-5332,447.8439344350862,7.6183406008218535,162.25528254828225,93.50458250133322,27.787779905724314,3.1459140961472496,0
SAT-5333,815.4736325352259,7.446458355626765,19.133480756109208,101.07435582282261,0.1292103437591469,0.42587839209435663,2
SAT-5334,1943.1493469469249,6.918519799426159,160.74268803227025,125.83616428258546,1.6160115659756928,4.390295808162558,1
SAT-5335,1906.0025488432188,6.948241502788854,35.505499991529504,124.84694309333103,0.09496877924989881,0.8388323907996028,2
SAT-5336,869.2930932328745,7.42408969997428,132.64236208637308,102.00977423546597,38.18544719541171,2.5594935098654705,0
SAT-5337,1270.4516916738946,7.215339322137771,131.19282348563002,110.85431043508825,0.22113305303224057,5.8666449140750725,2
SAT-5338,1846.3121648886054,6.955907292765475,1.5305655133717622,123.45921932064498,0.19555040900148574,0.4294673513964361,2
SAT-5339,310.5124984895243,7.701479424898656,39.71230349584577,90.44942885836664,23.207428620248674,12.072009398298393,0
SAT-5340,1678.1620695739061,7.056854449869016,88.54353263967612,119.64855434908877,40.04254475934091,12.749865318935795,0
SAT-5341,1912.2282397411623,6.946142206464403,75.60624719939078,125.10303058972575,6.192510935962648,6.64147945845197,0
SAT-5342,455.253748367047,7.659838743999196,165.34322637922972,93.56170101095644,0.11534136996591918,15.756189072050883,2
SAT-5343,574.4610662559658,7.569414944443803,64.75335651045417,96.08711541786055,1.4339593363575054,10.896003245442415,2
SAT-5344,1933.2687147113043,6.915027775595781,168.65706867047322,125.58658710855161,14.08592223803665,11.925175792893908,1
SAT-5345,1213.8182441885888,7.227737456339343,82.6972773106556,109.52433339424456,2.6085643546360404,3.1575767362915217,1
SAT-5346,324.1342786019303,7.723125443486043,173.58352139522984,90.85837898703474,0.12495526748607229,13.415258202865243,2
SAT-5347,737.9743978979996,7.467196826157638,132.723865804475,99.36803156623725,0.1639204934853096,15.126237728541948,2
SAT-5348,1064.9042462570615,7.3585057282361905,149.28022649378806,106.33457996994045,19.561179207712197,3.8573316485232896,0
SAT-5349,1477.9451487421052,7.100133015261116,18.877839902820178,115.24240479370945,1.9057129948860108,11.014782280743443,2
SAT-5350,1546.3726428325592,7.100897058439819,105.5054579836262,116.88975970027529,6.5536059608282455,11.976362673746968,0
SAT-5351,1992.2165719732754,6.935041932256917,25.686064769283146,126.96606294961218,0.6578965107136147,4.95218983177183,2
SAT-5352,788.7690389523904,7.473365603896218,53.571780369175336,100.40496151316134,1.9789132350517258,7.652643140899513,2
SAT-5353,1214.974173176408,7.252264896822411,112.24177311010826,109.71960161289614,42.685406879919725,1.6508715879335134,0
SAT-5354,1206.6500313613285,7.233362078146247,130.72062684490035,109.42249306877478,0.4876173110503668,2.8522073829561765,2
SAT-5355,989.5969410603037,7.331255586749118,7.05308076202515,104.76813961249493,5.288537483708785,1.0789713259903964,1
SAT-5356,587.5752195321143,7.583881981228077,95.56987159302565,96.11097457802279,0.1646215459952874,9.00663129967017,2
SAT-5357,1961.6761574125323,6.946467729909407,101.75651753217954,125.9835749728071,0.11592835146574179,10.041680066708583,2
SAT-5358,1750.6392173331963,6.996850480881246,14.18903947983621,121.41625213572341,11.217351738718273,14.666301376596355,0
SAT-5359,1147.1661481002034,7.2585858721184335,90.12384615613745,108.20434402812255,17.033136794932652,8.720738488915263,0
SAT-5360,1325.5172185628508,7.147343811278723,128.49161040896877,111.92849761823854,5.0571413244091605,4.243720795848788,1
SAT-5361,686.3437910514259,7.495718068714848,9.580911277595574,98.50507074315229,0.14912742433303738,1.045629390798789,1
SAT-5362,1224.4380196659697,7.241960939064849,136.84819973831316,109.87011268935181,0.2634716560847748,14.170753538738305,2
SAT-5363,1481.449226306509,7.156678137093079,103.75677088274463,115.32554264277222,27.070553059124727,7.713843448596049,0
SAT-5364,1175.7839482572008,7.281011000507145,149.98089748892235,108.74640950386063,0.3673517818435388,11.823419632132907,2
SAT-5365,1983.4847899944002,6.913413345681958,39.25126311373259,126.90762187882757,14.307098031506246,0.33292464266986466,0
SAT-5366,1339.2808156211345,7.182078706851397,149.98926315836133,112.17193437661709,0.3603975841108933,7.86140887036424,2
SAT-5367,930.6553114066874,7.376869784295277,17.020975548144236,103.5412388302511,32.9122605385279,5.278989708347328,0
SAT-5368,1612.6584469469249,7.094019876966408,72.68934536004085,118.28894975493232,27.69036897983644,0.5822672345598469,0
SAT-5369,589.7862696887914,7.571293614107315,35.90726247443673,96.3974999260649,0.0674154635715306,12.433197632452087,0
SAT-5370,953.6768833006531,7.334860810461499,157.68374981235735,104.10496159605918,10.237925500347961,8.25513628100845,0
SAT-5371,889.830215641896,7.395804751772781,126.88556693431929,102.58306414132463,0.16119638016575563,5.397565863558981,2
SAT-5372,1034.0720616832214,7.319594490516357,4.565119888931073,105.80670182448992,0.22119987746625874,12.912195894127649,2
SAT-5373,1629.0257040788347,7.04774987257151,1.7142040105121015,118.90738557013191,1.1981346864312634,7.206082884417647,1
SAT-5374,1123.0941546777926,7.304310282992497,52.42486580670055,107.61311337456446,2.6787023185279493,0.15561750625599072,2
SAT-5375,1649.8245654521365,7.047368362219572,25.79096057050177,119.22690051036035,0.4746452742703114,15.116717349409376,2
SAT-5376,1280.031135337772,7.216330139964349,113.45480596083524,110.94522590522784,2.661460965824814,4.1653555733519285,2
SAT-5377,881.5180389178441,7.439789711044168,119.48344809886076,102.44744272300501,0.16253433487061741,13.306150800807128,2
SAT-5378,1676.9638642619032,7.023691829135653,169.55116265904616,119.7359820518746,0.05834222226888702,13.081004606892241,2
SAT-5379,705.0924399402556,7.542654526727069,171.36718641825135,98.80988471899543,2.5860872279898084,2.681745508635628,1
SAT-5380,681.4510656596524,7.504513689634339,118.6014069740422,98.35628274551833,1.7832645829442606,7.636642631314948,2
SAT-5381,1157.6549708932207,7.278077146059164,1.0215203134875694,108.34075773439545,5.86046257075481,0.7391637581260382,0
SAT-5382,743.4437181355511,7.479489819944744,64.61962498253058,99.6872925279968,4.450780639515635,5.737371598926546,1
SAT-5383,315.44795941706775,7.723425715078926,92.36547238450791,90.84165419328396,24.62800000671657,11.722563609576959,0
SAT-5384,1402.1057964079625,7.169857605678259,89.85235617152387,113.75618753527688,1.1950219015752601,3.8694045747546864,1
SAT-5385,1168.8594965030766,7.279561449006383,108.6013133104008,108.54209232181512,0.05297591034432695,1.962334098802729,1
SAT-5386,1057.3802846383742,7.31017705131732,172.8992669048569,106.13304806221703,3.8987738916562553,8.163264459866642,2
SAT-5387,1943.846474851136,6.90129794501116,159.3346845519277,125.67834332620548,5.301115823047594,8.638083511540751,2
SAT-5388,1271.0386127369534,7.272176331794119,19.60344602108789,110.90354334376336,1.8342349845182144,10.845680008006413,1
SAT-5389,1767.8336822419537,6.988543679923101,47.876470450810785,121.66640061178944,5.846347356218967,12.170290174161192,1
SAT-5390,537.0654015487723,7.610084129209055,149.95969513553453,95.30220260895427,0.4674352327239608,11.163371547108017,2
SAT-5391,1267.650987320027,7.191561340807925,148.37524358745725,110.62684373561663,0.13976386882374628,13.542054111888126,2
SAT-5392,1775.565365442535,6.9893094124457,49.56673034190077,122.04351586450234,4.927549505673661,3.644212782084434,0
SAT-5393,1291.2797873758266,7.21002339948642,131.5058455235015,111.25088192038024,0.27197519197888376,9.159291264842288,2
SAT-5394,1520.6241028159027,7.116446092488863,120.9667281692143,116.41451351807454,1.1692778753266966,5.82551618299907,2
SAT-5395,932.4740652807525,7.333163990653188,85.23431369459307,103.64122626627977,1.4922383471094427,15.397586476326111,2
SAT-5396,457.1641789630132,7.643737124212267,36.26189148222528,93.73053618950198,1.3507303421108237,7.100444422295698,2
SAT-5397,1078.4305017160214,7.2918876049765045,159.95577256093551,106.79202525510469,3.121170082327412,15.359451536823551,1
SAT-5398,970.6149644260578,7.374885065578565,122.01321317523026,104.35347525748534,0.06128174609515875,12.328143899539786,1
SAT-5399,1774.0023100442104,6.9748462241728415,30.418726478107445,121.81018318364005,46.56048431462691,11.523575406892315,0
SAT-5400,714.7920139992028,7.483122160504118,126.86442207135494,98.82801041152183,7.045331396384843,7.915863019557047,0
SAT-5401,1943.4481868096836,6.918449519142683,133.45806952385638,125.54186073458929,0.9443507938409594,7.149712334664073,2
SAT-5402,1928.8348036676434,6.908968219361809,159.63845132178733,125.31079804467522,0.18748222336454232,8.47211618154267,1
SAT-5403,720.9737932214458,7.487451592455697,40.11106594354829,99.06964019566007,0.08699653826373216,4.768765700538556,2
SAT-5404,891.6883243114448,7.384460162730736,177.9757389744132,102.60511760614976,5.194470284838017,14.48170804343162,0
SAT-5405,1822.4447594856044,6.938198631146866,27.61081605484582,122.99739862361791,0.4465158186788721,12.729857418719325,2
SAT-5406,1943.2577755233826,6.944360497008487,108.12400053472496,125.79549738650073,0.24400873816811167,12.842194083768199,2
SAT-5407,1053.846474821275,7.301061417928192,118.29177094922613,106.08805576450155,0.6899746989811765,6.9871421676460335,2
SAT-5408,845.6949775895263,7.428323895132769,75.4115211478549,101.57524344899767,3.004272121788704,1.2303142770830515,2
SAT-5409,1194.3598225276214,7.273678348495281,85.50678757866957,109.13974422218551,5.177089278108881,10.96092935502783,0
SAT-5410,1469.2076508217492,7.117956813972179,160.36381740998473,115.05674039822463,4.310029199294594,6.053175985145447,0
SAT-5411,764.9066761374656,7.457345455435079,116.14936133978314,99.95760425403634,19.443155736382153,13.939841967968123,0
SAT-5412,1552.0043968524237,7.0974264189706044,89.46017248224352,117.10968781064733,0.2265908129442563,12.50738117135283,2
SAT-5413,387.8175070948898,7.701868967478187,23.102921238034444,92.13790366839545,4.066384992946317,2.410717457637122,1
SAT-5414,383.80063769950794,7.658407029060413,1.3207725401642345,92.25989958420787,0.10053403946615601,9.667280115562376,2
SAT-5415,956.6890987474269,7.372393486811048,22.494351267330025,104.18554476386672,2.201780768418578,11.106201422242231,1
SAT-5416,900.904426503225,7.368981798249249,172.11322214577098,102.79862455821672,2.823873330397846,9.133387519207346,1
SAT-5417,836.5764661241589,7.428733160084106,137.53562093843954,101.38364715566563,0.22268035302339367,8.273270600868655,2
SAT-5418,1134.7335965371472,7.288079155442784,174.08093895184462,107.85202109514964,0.7482545981101499,3.7230228925944666,2
SAT-5419,845.2470899296711,7.415035652641526,6.427567747470935,101.79329275612287,15.15474639373336,3.8509188262968315,0
SAT-5420,626.8384613957562,7.538078783819363,122.43967269455507,97.04793369330922,0.13937894265737188,12.311329404416618,2
SAT-5421,826.0982334506216,7.413844135083308,7.972834752615238,101.36432239884074,1.005746655815929,0.39716759046055883,1
SAT-5422,1957.3372637773994,6.919687759923151,140.77016439638817,126.18661583355339,31.417325962643066,12.484669997018663,0
SAT-5423,998.8928088912426,7.375362395677239,68.57103109233496,104.86511726991247,1.626660000190416,8.476099910972312,2
SAT-5424,1056.0117206591708,7.3039713947214855,17.23776481916907,106.09728022411561,7.48809145266324,14.985940172918893,1
SAT-5425,1280.1264829169381,7.205369038459229,102.24839552175276,111.07761120408395,15.12056860502769,15.957412608794476,0
SAT-5426,1971.6793063041853,6.922248003068322,50.421635388249854,126.4067392957111,0.20431164893886122,10.649404585232485,2
SAT-5427,710.7221699407971,7.526628499389321,118.72330953692733,98.77943282460913,0.22574685619320153,6.654889391280178,1
SAT-5428,1458.1795879051374,7.1054119173134165,118.47145671248227,114.86850847488603,9.435053620010748,7.653865946115041,0
SAT-5429,1517.173979020931,7.1051681514443406,126.9013453417355,116.19785094713755,9.09683293455536,3.347025299658972,0
SAT-5430,1332.4515085482121,7.198930106004645,178.64371417999664,111.9905404706035,0.07577395683846458,1.6778257514645483,1
SAT-5431,450.58317738229493,7.642057772901291,69.60558779053297,93.5283274474586,0.4639431067990473,9.302337953503947,2
SAT-5432,1450.68286890688,7.089158468118053,83.75678540731816,114.69086018301414,0.7844539967637909,12.907372057668951,2
SAT-5433,408.9610087614983,7.677548355136411,144.83010618456134,92.31939787604661,15.349393318284562,4.26208763189449,0
SAT-5434,1313.4425042348248,7.2325457136279185,104.10660414393936,111.72979470741762,0.9216303556396418,6.7724796829010625,2
SAT-5435,1557.2880012769626,7.092871057027061,6.706297923803934,117.01828337071119,29.974826330673984,8.920901222253994,0
SAT-5436,658.6488140539157,7.50950091550777,151.75413364677416,97.92865305026457,48.841988356991436,14.53557533752391,0
SAT-5437,1730.7574128227159,7.003955613205166,9.269762748847374,120.89778066239006,10.993816946170668,2.3042365198266914,0
SAT-5438,351.60146940610724,7.735566319062308,30.74762456852117,91.31540643487719,4.990339278560871,3.8664423828016363,1
SAT-5439,1734.4818682191203,7.030805713014427,18.374394055353697,121.09053518640776,0.7493099546841439,14.704634183393978,2
SAT-5440,1082.5593860927006,7.325656653517014,14.026883918601634,106.66857450780651,0.07944898303152388,0.7286159311595996,2
SAT-5441,669.8994978837957,7.531232674869453,4.623277554847835,97.91661024584252,2.620512728508397,10.532238581551752,2
SAT-5442,527.4228464897456,7.5881841652648605,9.90498851502613,95.08614033217717,0.6082536461471555,10.26846154316543,2
SAT-5443,1920.6221848900334,6.929434528204853,79.6390540521858,125.12901209456368,0.5645003711893407,6.193745494757767,2
SAT-5444,423.5314988879664,7.6577423985532,45.513408596870505,92.75069860664873,5.7822619516976035,7.543818396213178,0
SAT-5445,638.4588138910736,7.551951583779635,22.776639015387374,97.51150638843232,1.2299517652061227,13.693195428540925,2
SAT-5446,891.2979906361782,7.438705144548092,118.56699769077468,102.71075671891849,9.020934690735492,2.7232148072137883,0
SAT-5447,1354.3992432339048,7.20540900621205,40.70014391416653,112.60021964121383,0.7825095966138811,3.781922904634941,2
SAT-5448,1226.1618449693674,7.215024469855942,3.4108479620657017,109.83365188705531,0.14176210742993142,8.246371541894257,2
SAT-5449,513.5939371009338,7.6135173537068495,75.31556107811899,94.80015174138774,1.2106332089768241,6.614952225700479,2
SAT-5450,792.5375723549648,7.474156206509199,55.87793855609492,100.66330346849502,35.64573280049085,9.23252271096842,0
SAT-5451,705.878010846241,7.517331163329444,57.348797642368694,98.67103523912141,12.692404129095337,14.741343058891353,0
SAT-5452,663.0228526335803,7.51519673039639,80.14860507268106,97.88764285589129,0.2071179646137077,14.681922082031603,2
SAT-5453,998.945372015978,7.41250446938154,120.40450690216998,104.89297211681709,0.7462279461216905,3.757291601468369,2
SAT-5454,1496.8534694058167,7.092175945878282,110.96624160683892,115.73726566829409,30.36311259012054,4.904099344296562,0
SAT-5455,669.6699847693011,7.502563289367687,168.7070897619976,98.0058336798832,0.1175079312553485,2.6768920326227756,1
SAT-5456,923.3540954950683,7.396901817177956,93.18899993445386,103.33255951285778,0.28894869004978013,14.85186690627643,1
SAT-5457,964.5596256299758,7.413774808226302,85.062583750513,104.28360767357167,0.305941183201767,6.426039670151304,1
SAT-5458,1959.9761000401973,6.900326542675653,38.414598339041454,126.17440120515947,2.5808848680502288,7.250311803650467,1
SAT-5459,1922.932806694417,6.92716351657936,135.96863199266824,125.13459349286424,0.8534340446518055,12.861988414361608,2
SAT-5460,1660.233890678529,7.066493193531126,25.33963971857125,119.24464852290045,0.08681245267395156,8.256278217683642,2
SAT-5461,710.8201653926149,7.5019775341823,88.40392016768713,98.81311907490861,3.859351795462665,2.0041121673220426,1
SAT-5462,415.66343395583846,7.657047365222102,75.83799570974,92.91797418198904,0.09912965572733046,7.061794480138876,2
SAT-5463,838.7370341250621,7.446795478702072,118.49415811279258,101.45524039812655,3.2977277611411586,10.125332288130245,1
SAT-5464,753.5507340375125,7.4852531087245415,165.1718645921986,99.72528511318485,1.659568354989069,11.535424495336878,2
SAT-5465,1160.0738602488696,7.2957333355454725,170.38720646968005,108.35031146684963,1.513477561257031,10.361094459248013,1
SAT-5466,1622.1374471152483,7.087545357611623,30.203868089368513,118.4766065473692,0.07970007686345068,1.9949734357945763,2
SAT-5467,1759.1489960940587,7.008100207617134,47.127099288092076,121.61052004150267,4.136483963610551,4.939077950072911,0
SAT-5468,1736.2689451978645,7.0176681832830505,146.0943575936472,121.21985167636117,0.9838542819436037,11.763677854915123,2
SAT-5469,911.4484540792153,7.402552225856109,93.2903572408547,103.12594104783011,0.855634665045931,14.095024089943587,1
SAT-5470,1468.298383883161,7.140451808304733,81.54622230403173,115.04620576817763,3.0783939270098055,0.8502639994899298,1
SAT-5471,831.8181357911741,7.440156572162051,127.91258142852705,101.66959117161608,3.2939286236110776,0.7714428183126367,1
SAT-5472,403.5394234998106,7.670581887953428,108.34649146925491,92.49458053416515,0.05547149768366918,10.33013201649109,2
SAT-5473,1492.660951525002,7.143547335474798,174.72852979584025,115.60593009951097,0.11875385262304236,8.813933851196166,2
SAT-5474,316.70683936863935,7.750552933383274,105.11543741188805,90.85547167569229,0.25616787570783794,2.569890903231653,2
SAT-5475,995.6103986794305,7.325735720336815,83.87528874250559,104.82551147377953,5.4063231913831125,8.81783614898167,0
SAT-5476,859.9447578135288,7.424771429076326,97.70712517407162,102.15504784797479,2.6865404592744526,15.594348761663529,1
SAT-5477,1478.741815482049,7.11215034727664,145.5371670054552,115.26962679029117,9.372542134726286,10.131313504306338,1
SAT-5478,1602.617303692644,7.064135129571819,110.28151022133974,118.24107641051967,8.332847252900939,7.241344381190526,0
SAT-5479,816.9608811511825,7.454787641569643,116.46865644960918,101.10081584879372,18.135043930405192,13.257766558239249,1
SAT-5480,1679.765924556251,7.0497849936148755,174.85899840658655,119.94530218613616,0.6751722561292619,3.48387752186921,2
SAT-5481,799.6584928583874,7.453473650738941,111.31118719658232,100.90613508231668,0.5422026088434756,6.68779025014792,1
SAT-5482,1058.754811977154,7.286294964059112,68.45134470021716,106.11044641695432,15.560237214845182,8.491509479792473,0
SAT-5483,1535.9314959240278,7.080806172180945,124.43868486230338,116.74721689021567,0.2580920373684565,8.12218428360701,2
SAT-5484,1477.9643896821406,7.144207125598164,118.70269145591605,115.19866399163216,1.209169336633547,14.743462260457322,2
SAT-5485,1978.52640293074,6.854553766860697,2.492574391148743,126.44246825269327,0.19140221546928307,4.753422905222145,1
SAT-5486,682.7737411670842,7.540983495066608,84.11927342144996,98.18311144814035,27.57352124665684,0.998409159600952,0
SAT-5487,1425.94045301729,7.16043672299637,133.72264851883187,114.2450924075186,0.8363326343537147,14.670397551768497,2
SAT-5488,1336.4592440688216,7.21772058532687,89.82746238980322,112.23785594267103,0.21698549291874406,3.551375748499648,2
SAT-5489,1855.667372633051,6.956792750550131,140.33180446837008,123.74765709758512,5.9567610077393764,6.126544786229648,0
SAT-5490,565.8156407962877,7.539114077490705,81.15906535697059,95.8442862783242,0.27095928583219747,8.541176829837426,2
SAT-5491,1578.056878097786,7.089876124776407,176.99788757470242,117.6119722077491,33.84393200481666,15.616499481716595,0
SAT-5492,1266.056647656906,7.2499612145434,52.72048605669996,110.76711238294241,0.63360857876213,8.610768221894709,2
SAT-5493,766.9319786394392,7.491282826887446,16.582069466293238,100.13666886514933,4.930513368100888,7.219118574120817,1
SAT-5494,1106.539354050196,7.28786695538602,77.40212420773751,107.43212481285704,0.542881194411511,9.379851824330583,2
SAT-5495,867.4202150186562,7.4224713852457205,97.50762447730543,102.14481733242432,13.204037628987685,15.53584974268249,0
SAT-5496,1284.8327847403834,7.204946886395036,62.83687170284307,111.0566739015635,24.53229776684364,13.105319120227403,0
SAT-5497,1811.3010383849319,6.963224731693319,43.61060882123262,122.8258853803356,11.55380630737934,2.7865933673595613,0
SAT-5498,1267.8184735007435,7.242742745636677,120.97056444938802,110.62417119499665,17.55767721262484,12.871834236976923,0
SAT-5499,1373.928111155193,7.150029846131335,67.88251797412538,112.98609956672581,0.10106772457149894,13.473475050881826,2
SAT-5500,1181.871340095006,7.246742692751988,113.64633523811464,108.97486117857294,29.59129935294575,11.082036252939615,0
SAT-5501,386.98136095730905,7.657904845827648,140.23286074777965,92.1354390382624,3.7314032972562794,10.550012000759502,2
SAT-5502,695.8595466893603,7.480466890579316,136.98047299680425,98.41620003352749,20.25921441408618,7.109944313480087,0
SAT-5503,1136.4029400345407,7.289513091233105,67.55567591442443,107.74428086607915,5.653017070300053,10.302956655199313,1
SAT-5504,827.3999823659981,7.4645657996042045,102.22168121103145,101.30586249583752,0.2016104365303918,11.827442057220898,2
SAT-5505,608.9981161940302,7.55315998909612,80.93848039969363,96.84006957411682,3.370041967899688,2.052841944381355,1
SAT-5506,1157.025831261345,7.246482270554067,156.74494548773885,108.45099629956239,0.09371491670317424,4.191546366916627,2
SAT-5507,848.7766488613455,7.447110128187794,158.17652636399987,101.76365514096092,6.111377275649236,3.1859018755640753,0
SAT-5508,738.7829933948051,7.521280908981961,61.873484919846625,99.63702908411219,0.8432831596835351,13.475268206805627,2
SAT-5509,1088.7752096486474,7.296883937790335,16.51274061817153,106.85768049083103,0.1426164177597085,10.912041205355106,2
SAT-5510,526.5832387396944,7.59229844841047,30.164846998323508,95.0039838454121,43.317107802743166,7.267378779245307,0
SAT-5511,1877.1677462281925,6.961999167965162,66.06031358355908,123.99313077288153,25.247784633773215,13.234286432766643,0
SAT-5512,1775.0935664627063,7.027541701447286,101.56499185733833,121.90583025006069,23.966308455149225,11.49682330588092,0
SAT-5513,1502.95499575891,7.104562660678664,118.22166197359726,115.97604488850438,11.626016189680518,14.626129996570219,0
SAT-5514,480.56350690037556,7.600707460041962,59.64678833148004,94.22490555765498,5.955433502886018,1.3212312379568605,0
SAT-5515,1618.991332598478,7.075734514951065,120.14984153231744,118.37901276241033,4.615390429974783,8.195602366505641,0
SAT-5516,1673.5274577853322,7.055105393429155,168.7931970612761,119.72318242348717,0.10405225999624372,11.337291666862457,2
SAT-5517,1605.1998501143742,7.06933247003251,117.36254289041108,118.26014146499506,25.157571188650262,3.3991416701970474,0
SAT-5518,493.74200810271,7.6088690130712475,28.541741299983226,94.3411619595966,21.99658155629536,5.301307088344688,0
SAT-5519,1394.6435270152,7.1842931212896595,104.34040433597296,113.27952451761935,8.760479625542386,6.7617223959852435,0
SAT-5520,1718.3521527739777,7.030155073057974,97.5411930180569,120.7033514273529,30.263202340616544,12.729777330502367,0
SAT-5521,1281.5007820734352,7.201805616329194,156.72601996171574,111.11239792889891,2.281499398078387,7.947861596809402,1
SAT-5522,1398.8925378877514,7.163428225010148,63.05454993833538,113.50628260362993,1.1012781140807304,7.936633522279849,1
SAT-5523,1079.2179150247205,7.287461718376205,76.13020981020239,106.63743727395536,40.06934201148925,6.95111313497911,0
SAT-5524,1198.8024438028895,7.270208027112692,107.75862998756887,109.12567230974408,1.2341375537635815,3.734566519811415,2
SAT-5525,358.44065919793286,7.691009517346986,94.39655611356459,91.30770759474922,4.197042118854316,14.776837416242959,0
SAT-5526,1386.2371373545839,7.159572252816424,129.42298663293136,113.42629275146635,0.6578947866144659,5.153037818441139,1
SAT-5527,438.4602619149706,7.6502427985836725,7.270018364249246,93.20238354833367,4.054606221125986,9.122704006241419,2
SAT-5528,1039.5248103783797,7.334865233007879,101.43288345725277,105.97134265738623,7.232142773956569,2.4655977948046734,1
SAT-5529,797.5136660345934,7.474730076483181,21.900940740697546,100.75650614917559,3.7405596108523613,7.00446993437485,2
SAT-5530,1227.227515359912,7.254725996461612,56.737618653549845,109.82168942273461,1.7484725880702479,14.470475907090561,2
SAT-5531,526.8077703894521,7.598617622323397,119.09283507583027,95.01416214203113,0.3974682083902248,15.927897292318415,2
SAT-5532,1475.793783354641,7.142536074336119,28.334556106591986,115.34833024460288,4.270778352667212,5.851854522062126,0
SAT-5533,1651.5196127783997,7.056787232887286,55.59153039083319,119.28287157361981,26.56175032606419,2.5484496863979347,0
SAT-5534,577.702564563366,7.565323693238957,126.54116691035615,96.10835579934182,0.05244544537313281,5.099779275013282,2
SAT-5535,477.33224849819965,7.626661293546488,117.1449436548301,94.11253126406346,0.1261121955559691,5.303144117353609,2
SAT-5536,547.3763207385106,7.587472824053564,16.38714045775285,95.41815085188516,0.1143640376519161,10.34768982908885,2
SAT-5537,1791.116855227453,6.998339934078854,103.9083288286183,122.21084248093406,29.416155525434508,7.988891919463509,0
SAT-5538,1197.9217449858056,7.249571925983519,26.5058031453551,109.21567725135144,4.866459027290426,12.318509679423524,0
SAT-5539,1094.3436932127543,7.299273857807169,45.408848168608685,107.00836384150455,35.83722090501999,11.25072222350995,0
SAT-5540,481.4100924740023,7.66626042387778,82.65803015444017,93.96579121211487,2.801623837768749,4.095808710411416,0
SAT-5541,1404.245211486835,7.1787752118130825,19.682428193674042,113.58476240108098,1.2138602664936693,12.569665469183871,2
SAT-5542,1775.5993062216528,6.97967508228139,178.85645422534202,122.00666206738605,11.912385513270195,13.574643683945574,0
SAT-5543,1707.91597784987,7.03554559228409,29.766520989720206,120.40452856736474,0.15198362779827493,9.614404017088628,2
SAT-5544,1364.293005267362,7.180814069813886,140.6362731171488,112.82648371512727,0.69660141658235,14.84991657705236,2
SAT-5545,427.97381830784514,7.664629247589982,149.37099210418052,92.9515762428037,1.252543235759651,12.548875151479349,2
SAT-5546,491.07494619922204,7.6242591882229,179.00351458128026,94.43712765588336,0.3929571432528949,9.566794919283863,2
SAT-5547,383.8252780867019,7.7055721763591345,77.15757921340831,92.20948379945942,0.6498705274775411,14.50803935728195,2
SAT-5548,737.7146680371977,7.4950418900294435,157.33701362508123,99.28999150749587,0.08576015654633462,9.64569983582457,2
SAT-5549,530.6244941726421,7.598401791452961,172.3570990230332,95.04807914851175,0.19630021383319018,8.386938924663708,2
SAT-5550,742.0816684291376,7.506674313270451,31.120946081040085,99.59034860317063,0.5075281850282561,5.764507612536533,2
SAT-5551,954.5986947222349,7.381114376270747,86.29849603071587,104.05805698165169,12.207909582533283,14.13752695645168,0
SAT-5552,1903.0707329209306,6.9432254470868,10.80194739409579,124.83148927159397,0.17638517035284346,2.0513620168778632,2
SAT-5553,1337.6393016288764,7.197127056258936,111.73032216435628,112.14657098139608,0.5481395340557023,7.628693156057556,2
SAT-5554,1719.4554356610358,7.017243530571984,104.65310823418194,120.635057766761,0.07829443040094865,8.644871976812848,2
SAT-5555,1507.5975512109649,7.1130472881787234,36.74273123937549,115.94167717716877,2.345757096321697,8.920510797639452,1
SAT-5556,491.25532189527394,7.609678302841712,143.6224966009427,94.3164845725663,3.4097510261957007,10.465048304715367,1
SAT-5557,1551.064690835713,7.078298976165862,6.708370097437177,117.1249726864913,19.747830673003282,8.142150425635668,0
SAT-5558,767.6680986505115,7.452431686321801,145.12091834296027,99.97403795932021,14.332369623520103,4.18340854747484,0
SAT-5559,1386.4833398910007,7.1403330513528,4.796152409496129,113.22638389787957,0.3590077867630586,13.725415898618047,2
SAT-5560,879.6353551930805,7.396888327144094,118.22918618454304,102.39476993140072,0.12877485570174774,10.5546527125849,2
SAT-5561,1996.0428475499207,6.89864077371212,14.17851250468223,127.04879377638518,0.14696690587077962,13.745186237993869,2
SAT-5562,748.0375151445223,7.484760843768367,45.220593476218134,99.48566110985784,40.35169975578534,4.4890915065879895,0
SAT-5563,774.5218003162585,7.463392686428546,129.94440287613045,100.3321976968645,5.231755582090504,10.229204628954864,0
SAT-5564,1882.142834456077,6.902476292080902,50.472863932569624,124.3451047966527,0.06709379659846035,11.455362546714682,2
SAT-5565,341.8954878817485,7.737224499322172,92.01129276919225,91.1538130158404,0.128619782094036,6.196142049848631,2
SAT-5566,1484.3712793844347,7.145100023859003,164.7446885136206,115.32078693812515,1.4334092398685458,13.01468147948973,2
SAT-5567,1533.0548642509928,7.110314183218507,8.934183726584102,116.62665624579853,0.21011469019238332,0.13988951999251792,2
SAT-5568,1721.8435815976788,7.056229800191694,145.99436287242122,120.73964251954779,12.880922265555379,9.559224028406124,0
SAT-5569,1956.5468280854082,6.8989272265205415,11.748959742328115,126.0648956094984,2.621931595526979,9.855738678598874,2
SAT-5570,1958.523262566309,6.9554061526106175,22.823071980601796,126.00262025718182,3.44244196770661,8.588105179314303,2
SAT-5571,410.97048786298865,7.647086255801592,21.477438700057952,92.60702983736498,1.223056861680764,10.117770942019247,2
SAT-5572,1697.1268486799343,7.033596480168127,178.93841097793072,120.15531080862407,0.2931961954959632,2.7589070266699967,2
SAT-5573,1398.7268872175482,7.137045935195133,32.43353747967601,113.58733271659504,2.9321139484499557,10.988025560657775,1
SAT-5574,1400.481628434255,7.162007896490455,161.41713232612827,113.5689217920255,7.077504315018257,5.4390445091029775,0
SAT-5575,518.1948752449812,7.614219517974072,178.36778933037976,94.69114403545072,0.6483570494903746,7.287654506957093,1
SAT-5576,1405.3181829576106,7.1563927137215835,69.08125867421363,114.01482484072721,1.6360662892068427,5.396438887540672,1
SAT-5577,1970.2203870221213,6.927079088731661,113.58873783516339,126.2220616345046,16.52045163089224,7.635585635641817,0
SAT-5578,1850.0915682170598,6.9651045284076725,140.23642567745026,123.65671190048127,0.13964175225683134,9.982950701536788,2
SAT-5579,1046.522123368246,7.320150679139267,70.67611473051748,105.78427500906055,2.160942754554126,13.429661187239262,1
SAT-5580,367.91155458636035,7.679507846444755,29.12654528960531,91.55838545020292,0.5548913947393181,7.786617416479514,1
SAT-5581,915.8989330003482,7.412228687154452,78.07729388266101,103.18463359830504,6.41732861524296,5.2392588588972915,0
SAT-5582,1704.863529720944,7.012379267079522,138.93977610053003,120.3943459593075,0.05693780671812463,7.858275874913611,2
SAT-5583,1492.5484724907822,7.137973771244323,140.53729729471254,115.78732048494112,5.133220307954114,11.051978258721197,1
SAT-5584,1080.884214509726,7.33813226996301,41.4969825907644,106.73859338331874,0.10178017807577484,5.61254139594015,2
SAT-5585,393.67260977001285,7.642811828138049,31.493815180334376,92.26976156390322,0.07821197689726339,6.687084988102158,2
SAT-5586,1025.7210372996144,7.36355783355827,165.70092637806295,105.42110598417719,7.461736477537059,9.049153090438908,0
SAT-5587,1097.3423975204018,7.34682337086122,7.9198255004959,107.20221588737773,4.168659884447082,4.7747472948548655,0
SAT-5588,1878.544405920031,6.956145967940117,132.25292563771563,124.37386765746469,24.197906651586425,3.424446086756624,0
SAT-5589,1389.8463760896711,7.178601127137466,8.355849380415721,113.27805829883334,1.811068478330181,2.3322373134258654,2
SAT-5590,829.8099583129031,7.460830503209414,150.82200915497782,101.35566379501837,1.945553961969612,5.706498731704581,1
SAT-5591,1193.0410495662263,7.25374361478596,162.97466640049836,109.13093524854848,6.6072921642779106,0.8686522123651071,1
SAT-5592,412.2940232976721,7.669288184067665,53.53544236123782,92.63149382617523,0.4668342738448604,9.377372174681074,2
SAT-5593,1953.3660006045527,6.893512202837112,13.308415833005562,126.05279830976943,0.0645219331108842,2.8969589193606398,0
SAT-5594,912.1018332822342,7.40071084377196,86.52321654253714,103.17739034155653,0.24496694239641645,6.10057719804768,2
SAT-5595,1112.374503352331,7.308235951231771,53.72334661418583,107.35663730568744,0.2588273942126322,4.380642764834123,2
SAT-5596,903.9827562027684,7.412388401825358,75.08450570586822,102.89378665793572,0.5080969116631252,10.123200464833815,2
SAT-5597,1460.2699411975402,7.155631856582466,119.69738162796244,115.09964355093986,33.834378505649305,13.620496017323173,0
SAT-5598,1425.794669160308,7.134582924492065,37.768686470769055,114.28480990183134,12.98668780320984,10.169486583514685,0
SAT-5599,1516.0479278995306,7.098399144141573,64.25128251253554,116.18725713892083,32.12467479844277,8.725828365906962,0
SAT-5600,755.8434903402654,7.516509646153623,140.86124825268126,99.63133939322874,49.52206828634711,10.73843145522047,0
SAT-5601,836.6364179789122,7.433559684463067,115.8771509915079,101.53042587949969,1.0007071817751103,0.5768511403871773,2
SAT-5602,512.9270928635535,7.613406663895644,58.72958840722296,94.80560777011814,0.23998823647242506,2.0532301092977043,1
SAT-5603,1414.3669521383913,7.153984449121982,119.57428804678715,113.66511107206274,2.393219253551369,1.6093430519396037,1
SAT-5604,367.6551164706093,7.674556831617283,137.75632612055398,91.77803963534508,21.997495938192337,1.661334935405666,0
SAT-5605,1316.0599703898804,7.233403288443139,106.64740457150174,111.74760460150799,1.2478592061019491,4.241691071625113,2
SAT-5606,1778.4830042477774,6.983095385946814,43.10942985018153,122.00460107212535,1.6412241999965362,8.559630940092962,1
SAT-5607,1814.414652092377,6.955736752727404,0.04415229215875227,122.74387377950991,0.12655733531780575,1.9234371006422792,2
SAT-5608,1063.3641926289347,7.313275962119398,144.51283925789065,106.3077544875141,0.9127177195737711,14.96834823491129,2
SAT-5609,1080.8162699622253,7.2736772565077095,148.0740399569096,106.83637858009571,0.7243599561392051,13.682683162205205,2
SAT-5610,430.8476111136295,7.642154798413281,125.56881025098517,93.00186790490478,0.5675910163073951,15.549145225944413,2
SAT-5611,1440.3005432531606,7.12407433044168,13.784567646170483,114.60691017790221,22.954403635642684,0.7757507169070004,0
SAT-5612,1696.1410146338374,7.041599754982139,105.34001175144832,120.10130513176229,0.07531375547487566,13.63729890872013,2
SAT-5613,715.9135928280122,7.48617001074932,147.7837208288893,99.03262883180832,41.248822258036675,12.879371799519681,0
SAT-5614,1016.21149877672,7.363378825371883,70.14029761946982,105.31281311034083,0.052931046456218954,14.44348324717912,2
SAT-5615,1726.0268725009596,7.044236503349996,35.64013215964574,120.8856052137154,34.33618547098612,8.494312265790958,0
SAT-5616,1791.1047950258896,7.003863376793728,105.77291350346472,122.31100107540297,2.203497250060227,12.627436225333208,2
SAT-5617,713.4059664491841,7.496657714217205,148.73519291415803,98.9683982450926,6.4018535885688745,0.9154613815481734,0
SAT-5618,1235.9700787203192,7.241563204968636,8.796592567271801,109.79000973096414,0.18212457587967484,1.3064568527954223,1
SAT-5619,627.238356080906,7.516503286301851,107.45121908893243,96.96329334627241,4.587801524623058,1.9846626310984534,0
SAT-5620,473.1938990372461,7.628786209441745,115.77128316108156,93.95848679729158,22.12294858022087,14.645142926441507,0
SAT-5621,1848.9048523663278,6.946418088507294,108.42606708269034,123.40744226107259,0.13104197315915067,1.072592655276337,2
SAT-5622,1694.8627571945856,7.043694676855918,117.00606316266874,120.10031668410905,0.1202859329994442,1.6923774745158637,1
SAT-5623,1592.0593330653955,7.126495234751454,113.64755536874782,117.85815415361363,0.4082288859371702,14.89352540180948,1
SAT-5624,382.90274198233874,7.692300377048104,23.472699296462828,91.98162998217313,0.1528085595136808,1.8075420511332232,2
SAT-5625,1734.3389476074376,6.972845485231412,42.288619850804764,120.96738442764133,0.1073760808838519,13.929125149733444,2
SAT-5626,1044.6749290391524,7.324287314242823,111.41892095202184,105.94905690760753,5.419099339436393,12.649405530190354,2
SAT-5627,882.0717096029614,7.415687101580337,3.1847690046187394,102.55817783285481,0.2190028900859735,0.7404836176612527,2
SAT-5628,1229.00981374314,7.243802008243551,114.254013370184,109.79992111396257,5.01204201033904,0.44737361054511704,0
SAT-5629,455.3005126300449,7.626840943108396,119.76959228130576,93.49121124052903,19.26449751921801,8.596775297866131,0
SAT-5630,1586.299133899078,7.082506329487391,43.05145677509853,117.6625976620806,4.519021198349949,15.9550889198916,1
SAT-5631,1290.1396307101031,7.18825404977579,107.66390935556514,110.9821918927149,0.11404367770428883,14.073399545573885,2
SAT-5632,617.2031646843848,7.533521685897942,96.13621093027761,96.91065438092132,2.6284681958698193,5.029404390603426,1
SAT-5633,619.9947396073775,7.563827783799195,46.924478667560486,97.04802157770875,0.7583261929248065,6.242316822434914,2
SAT-5634,613.2227076735462,7.5342584315077,83.33532213745583,96.91537144642679,0.5358988369488509,6.267705340185807,2
SAT-5635,396.90405883828777,7.685117556929034,163.73241529419266,92.26379980986363,0.45140296796221435,11.773443172889735,2
SAT-5636,1299.2573639318641,7.181426361594962,76.78850048277891,111.29777583454657,30.709070807446903,5.524010767331898,0
SAT-5637,1728.5919019004639,7.05045227557214,113.3719518383103,120.90999351078025,8.442914171497184,2.4499732758666455,1
SAT-5638,329.7469637785606,7.697229497411756,6.363147787324957,91.06263952453645,0.12604231554593692,11.97900779647845,2
SAT-5639,383.30789645116505,7.677600199466132,14.004020397977783,92.08821333542869,1.3396348701808107,7.382448330097163,1
SAT-5640,1273.7094703678079,7.227463444157135,14.635453194597323,110.8956529399115,0.45044236507679486,1.3207817066148253,2
SAT-5641,1693.142665156289,7.0192508437829435,140.0833374527602,120.22912475505368,42.932377753244275,12.661831069023766,0
SAT-5642,855.4561139666771,7.429744617815033,63.04624106462148,101.81989254657151,42.95927300095083,9.406449096808645,0
SAT-5643,894.3444779731277,7.418480475190844,40.97010390584641,102.69540989931691,0.4545413812460164,7.88097227177367,2
SAT-5644,1313.7890457445192,7.221208860644587,134.51842232131008,111.90320053719353,0.5692582754391886,10.806156357641749,2
SAT-5645,766.1619115110499,7.489021468468243,30.592811260111404,99.99138452781239,3.142046628433307,8.135346156843823,2
SAT-5646,345.23422233206304,7.700381010754285,44.368654512650515,91.16857913354373,1.3705378923260918,10.409880353017138,1
SAT-5647,1549.8884807727134,7.090916325959051,77.56765978860375,116.86161848638497,0.21790772209571077,13.893067871308613,2
SAT-5648,1363.6048520004704,7.225748568316388,59.65885242263039,112.73419190383555,4.788577331480839,9.854878452966894,0
SAT-5649,1287.2851983946205,7.23344597379179,105.37059798659597,111.19789099762399,0.5027544646226766,10.58764791588297,2
SAT-5650,1560.8630192860994,7.070503259168192,60.811311433472575,117.08205358412496,4.572139781093522,9.860311503788727,0
SAT-5651,1447.8924238554637,7.141967805386867,70.73129445460054,114.70443742788477,0.7079695375692263,8.545758464369415,2
SAT-5652,649.999379903146,7.528057067546945,155.31958948490745,97.505791170684,6.303760229219368,2.834361334509998,0
SAT-5653,899.2177798036969,7.401783754628114,159.21565913304045,102.60843446103915,5.039279153653519,5.43727453258596,0
SAT-5654,514.3872408536624,7.584009198789077,148.98801434641334,94.79660457936335,1.6803829723572468,11.120432580994143,2
SAT-5655,520.7569228103978,7.5968437140392,155.66956788683387,94.91232154859212,6.504141433249037,6.865070096558257,0
SAT-5656,1449.5327688061168,7.175450319543518,102.55116048104107,114.76519934288442,1.2074440980561978,6.557451289385269,1
SAT-5657,1759.620181870247,7.013338780665325,116.32197865524911,121.53596792249995,0.11152825400280039,12.172381617675871,2
SAT-5658,1936.6453925639364,6.876933122725355,100.29116997988929,125.51829104746945,0.17590928539242548,0.18854488391621377,2
SAT-5659,1368.1900998340554,7.20097394548051,141.4058551295256,112.9685019182824,0.2734950099537801,10.896012235900882,2
SAT-5660,612.9722497136269,7.5764997457164895,99.18008743705997,96.96040144269797,0.07738500037135991,7.878701516791243,2
SAT-5661,479.6055872631822,7.620703997260283,19.993853619140495,94.04989928463644,6.809475571639446,6.090525041816998,0
SAT-5662,1681.8466516124881,7.0498323920872235,145.72442168223478,119.90510836515746,0.6326167472939829,5.514532124020074,2
SAT-5663,1283.8860098119987,7.198861835463941,136.90533072195655,111.0560139088268,0.09539813694057633,2.848720375511196,1
SAT-5664,1351.0845357233238,7.1751786254549055,147.65410715087256,112.39979887048985,14.415986485963938,5.414608115702789,0
SAT-5665,1628.4855508830058,7.088884389142039,34.27730341015713,118.76998812189623,5.622543934930297,6.323553706554928,1
SAT-5666,1495.5712871451676,7.112863075528495,48.89106948869407,115.81871011938942,1.1366917703650161,7.055437818854874,0
SAT-5667,1718.5790298553643,6.982101284677101,53.2353055074354,120.75477676409064,0.27621420508095773,10.789580154972688,2
SAT-5668,395.5636392817934,7.673847346607953,91.45449651342125,92.30524738547399,0.14262895021913852,7.3117792088257785,2
SAT-5669,1570.7850824690581,7.082938299709288,24.097875149422762,117.45127977914896,1.1860215482925427,12.760920437151274,2
SAT-5670,1746.4496874475622,7.03140247028234,69.36871558947612,121.3972914824047,22.6311817983838,10.271834158316153,0
SAT-5671,786.4295721791343,7.46288984592846,32.788468994225326,100.59939144440807,0.18371980430855078,3.1145935639560203,2
SAT-5672,1388.76036578853,7.1586892785549985,47.65728834589256,113.47774126332065,2.5406666759917083,4.507053447051164,1
SAT-5673,834.0755085228526,7.45878885168743,127.14977422051692,101.44831972414096,38.373197597681774,1.3600620644180288,0
SAT-5674,1928.5508130201717,6.932549176600964,153.8660081371106,125.28190226500504,4.076803025588575,15.136975903280824,1
SAT-5675,356.8200731403564,7.68218060971527,4.123055987493094,91.54721420209626,1.0443935831251436,14.196152651545338,2
SAT-5676,1285.6478345160235,7.238319502440198,101.86145340390007,111.15218418483718,7.048373718485683,1.4482599846699005,0
SAT-5677,583.0560299841757,7.57481305597892,6.490757171208084,96.2580424603158,14.883455091779554,9.227808651974614,2
SAT-5678,1510.7743488011697,7.111487681661863,15.344864102079052,116.19890621949673,2.9547374588520836,15.370388919887015,1
SAT-5679,599.0134818117256,7.565826403042619,126.91512623053963,96.50889480857877,20.62847301533558,11.979570360143875,0
SAT-5680,700.1515452272079,7.486578861283432,132.40945917038098,98.8369000891862,1.7488206890460303,7.919813884133696,1
SAT-5681,1140.4303787777887,7.27407802683556,146.5165211711038,107.8041651162326,15.454573023820286,3.9335375236154944,0
SAT-5682,1855.2194149946927,6.961025307467554,85.36347211865488,123.79619622384774,35.89448491125584,4.5366894937926,0
SAT-5683,659.9144326515504,7.525551992180602,154.76534676291388,97.70632099684202,1.594778622340407,11.806183479274635,2
SAT-5684,545.2080359007759,7.617075586712781,30.03089249549238,95.21222766283536,3.2656914642067876,12.511146844577162,2
SAT-5685,1590.260614151852,7.080187504705958,44.94895445430048,117.80347800213728,3.3680042680869735,8.506223857187777,2
SAT-5686,1151.0532049676826,7.296583597024719,24.21038656835484,108.0635191674867,11.047769259856285,2.023084354115606,0
SAT-5687,1850.0346910490114,6.963336233629702,143.55670690473778,123.6211401323156,14.718634636904298,14.948507140662853,0
SAT-5688,549.2447471717319,7.610538295042182,41.16152130959141,95.4899632463403,0.06034731512745783,13.531727479611085,2
SAT-5689,1398.0774181391669,7.17077261213082,27.992023696493217,113.6950031091818,7.9259019711659375,2.3345665865360234,0
SAT-5690,695.8945484580856,7.510521651839375,112.15992376585012,98.38699283949207,11.230930461303442,1.0019685796987503,0
SAT-5691,566.4927287077868,7.579706600683714,13.874764744921393,95.9345382055764,6.313327558708779,8.620296155720764,0
SAT-5692,1461.8300057673598,7.114524082696088,8.082049899631055,114.99390610936923,6.919217496683411,4.617867621899463,0
SAT-5693,1309.2638538448464,7.214256296989154,19.209176739442604,111.74394242900473,0.06655467727720173,4.60367037969163,2
SAT-5694,1583.206679215963,7.078172089107906,0.04335911769016709,117.62392164784913,1.059463477875579,1.486823324731547,2
SAT-5695,826.0863799585101,7.431974959681014,125.45822775992264,101.14003871694248,14.239966037402535,15.25883478081506,0
SAT-5696,1061.551815849723,7.3453126938553375,101.20235790860616,106.16194628872971,31.695049051161206,13.29964670859153,0
SAT-5697,989.3018497617114,7.334034165890642,37.7775196267903,104.60855214424438,0.24399097700359543,1.9099700108270776,2
SAT-5698,1972.9520887430742,6.903219948515607,41.94089063596726,126.46826103165945,2.7324663690320214,14.037920405648201,2
SAT-5699,796.8232264569594,7.477744980707916,145.97434772460713,100.80392223590037,12.940788014011614,10.959001289813878,0
SAT-5700,801.1893051895037,7.461230932205829,90.32762085485408,100.69171676890456,9.040510041686563,5.2745139960748775,0
SAT-5701,902.7319550086326,7.401744370230399,125.73510427471314,102.95824493214674,3.59451545524461,13.952883815200595,1
SAT-5702,1259.8099381935467,7.232444653622107,81.4959812294848,110.41215064876096,0.05689100019489006,9.608552785733139,2
SAT-5703,728.948665248367,7.496338977111297,42.78924468374261,99.24792992641179,7.423821561651065,13.59385052491674,1
SAT-5704,1855.9928986447655,6.930293170091225,174.67250412292324,123.83857300194843,10.439928256035254,7.561359999347313,0
SAT-5705,751.6654602726479,7.47380734731952,101.81656140757154,99.56170582535482,7.3708661404775,8.060351538573057,0
SAT-5706,1822.886743652331,7.00700435618723,23.576742678224235,123.00497781853477,9.917392207425012,4.727059467634202,0
SAT-5707,475.9076081991939,7.61676283430051,73.09620759310322,94.0442327197222,0.9811031777421498,6.264313801920861,2
SAT-5708,1416.156594079409,7.148136365169876,59.28073415044212,113.6864761349381,47.8879716192624,9.127257899138721,0
SAT-5709,1841.8753813450144,6.955773919405339,38.53574434593384,123.58681041782427,10.26433344400279,15.158241656967014,0
SAT-5710,586.8740452769903,7.567122018819214,168.0191980632467,96.3017333506876,2.7227641278053176,9.641872383493343,2
SAT-5711,1946.1558321687335,6.91113248353275,158.56559918275545,125.88365037864656,31.735388085208275,2.443313249308258,0
SAT-5712,1069.9017127063698,7.328808236167707,35.846480973620956,106.42157684908985,26.519481138153985,0.21123934907613895,0
SAT-5713,1907.7156843497417,6.942794729170743,63.38662002999301,124.76849912802498,13.889007113387656,13.630706902588011,0
SAT-5714,1450.59407417108,7.154205782696954,137.21677050074788,114.79018186616761,2.4550184556424566,5.892774231521833,2
SAT-5715,812.6976787850376,7.427927818612857,37.53108866523882,100.9825384502626,1.9066591492477278,5.107958440273342,2
SAT-5716,620.114292359081,7.544040458200573,106.48167526876401,96.96024838374909,0.4842769519168419,12.831624854783872,2
SAT-5717,816.349578582669,7.442539540090763,125.96290958246699,101.17657739006489,0.2828811062085152,15.131292355528384,1
SAT-5718,458.12959574654747,7.648987178038373,117.71501862793795,93.68308478572686,1.7220610951673039,11.993916904796107,1
SAT-5719,544.5755427836606,7.5761097493024225,127.1535552495901,95.58198688215795,2.705922098798749,2.8641722752917738,0
SAT-5720,477.92274858901794,7.647139840620121,127.20592602517733,94.02951566895932,0.27073805133718454,6.3229148680975715,2
SAT-5721,1019.0040243606481,7.367963049912737,173.66506557280712,105.30324760894952,29.293666659397825,12.174436983712376,0
SAT-5722,1652.483239637897,7.0285717464979385,62.369800113657526,119.18881630738301,2.3485077330174584,14.520120453262116,2
SAT-5723,540.3520421677783,7.584476074154482,158.1462763876511,95.34405765483343,1.8988295447446208,15.977741016799596,1
SAT-5724,521.544736392971,7.594008908056091,3.92527125271922,95.01533324093414,1.0136433357570926,8.233818423497155,2
SAT-5725,1393.8292141794623,7.217428933529841,51.87653339819098,113.34329582268691,0.07467648909942236,13.178144611637002,2
SAT-5726,635.2110693457126,7.534109707166862,8.75804075984368,97.27211705026087,22.19085357246114,0.8414431201604068,0
SAT-5727,465.9370647852857,7.669063309350354,117.21671279205124,93.92840390138869,0.4466349286748934,4.644613521103991,2
SAT-5728,583.642582949482,7.545287908387757,18.14226673169152,96.17528848070836,4.230103637740822,6.00706311322508,0
SAT-5729,1870.3433729905194,6.934770566571014,152.22723545736832,124.18880456320203,3.3210138076094893,15.610829139982116,2
SAT-5730,1696.5011297195244,7.015362205002964,116.38650308224676,120.23929743207778,2.83419991379172,0.15395900661628267,2
SAT-5731,901.9097560036599,7.386206186682047,5.186772189649025,102.9734715255577,1.888454869065197,4.99752973042523,2
SAT-5732,1414.8953044565678,7.149723890316843,128.65992577823215,113.87118620666959,0.17510135411293615,14.893554927845171,2
SAT-5733,1213.3686452356646,7.235343058639921,155.16629050625298,109.47614471135029,0.34736593585474257,4.976183937199779,2
SAT-5734,1451.1112479203587,7.122111999129752,119.0017813791869,114.75018276017741,1.8686769048734684,3.6785615764517723,1
SAT-5735,1460.5409591866908,7.1573693559193625,5.494358868305794,114.80249270354129,11.668025219054616,11.708407331832138,2
SAT-5736,1368.847825601988,7.200810409204634,154.42551872287316,112.91577753617865,0.988409512196032,11.95088839869786,2
SAT-5737,752.3723265134246,7.4994073389077585,131.8435043281263,99.7466489204949,0.20452088506717933,7.607628334095384,2
SAT-5738,366.3109152967908,7.702237626728918,68.12123624711717,91.90386385765458,0.09179167159408727,15.155987770860232,2
SAT-5739,1074.463529383185,7.318685735005067,59.15344649679047,106.60103986305859,4.875318744770656,3.3230425647152857,0
SAT-5740,1814.6556039741965,6.968239142729987,86.36763265333921,122.9025585366622,0.9310862565031907,14.6233117602756,2
SAT-5741,1268.145339481579,7.204417278963765,156.07831516881677,110.86215211459566,0.118872851937144,12.112578416752202,2
SAT-5742,1715.0647708932433,7.02828102671582,45.37068333652036,120.50860138217577,5.276800125543328,5.954512619579353,0
SAT-5743,1985.7613830340879,6.882898102504229,18.173486023416203,126.6951963795385,0.20975204170480397,12.929847053601645,2
SAT-5744,578.1475470350697,7.553734770948704,155.63454713298898,96.32785895426647,1.682744381801311,2.2179146049786866,1
SAT-5745,1476.0219865413699,7.1502173399594415,4.732172798530129,115.28882975039426,0.41450896658205166,2.182621641772314,2
SAT-5746,1446.2990752900419,7.178708632193733,163.9794640039316,114.7539251200013,31.191782771398998,14.886001531633754,1
SAT-5747,1965.9242605090733,6.922448341902619,55.034134974252126,126.35716750823225,0.24201049678034714,1.6070100747420462,2
SAT-5748,1975.5212477197606,6.932735180311123,91.48008630388819,126.331061313386,0.9093384793172635,0.1648657489055343,2
SAT-5749,1467.35363993102,7.126181941826662,23.81319445540105,115.1367959034885,37.79643118542021,6.2855848161999415,0
SAT-5750,714.1451463697302,7.473820705228222,162.40589448780335,98.93439022822322,0.4520073992369859,1.7512304934708316,2
SAT-5751,1657.5449248220184,7.058370420556838,134.97052020919284,119.35347646398837,4.292887360836255,13.822280242583592,1
SAT-5752,481.9495281587648,7.637970879903026,166.34800558944616,94.02164367817309,0.4458113647616089,14.770826863742634,2
SAT-5753,1627.1888170917687,7.060919035091179,122.98122920126924,118.53269861627444,0.10739769034506805,7.770579193266962,2
SAT-5754,1847.333411045984,6.959445080271712,33.2448798136187,123.52874954020703,3.8160293155615226,6.864997374859587,1
SAT-5755,950.81677110634,7.397597712341445,55.48806053752487,103.90755913434808,27.993977563629176,8.670724503411062,0
SAT-5756,1372.0800014712368,7.155121919433087,87.6327435186252,113.13200510424082,1.139367969123501,3.696494535035281,2
SAT-5757,1031.2426445646047,7.322685258967068,109.30647696483724,105.81596978973614,3.7800681735694033,4.837657196583342,0
SAT-5758,1044.2005934798185,7.311584275297071,166.76269872052927,106.05139586663142,3.3547892608165277,1.7055370106956762,1
SAT-5759,827.6305114838041,7.442916046175405,69.11126384204502,101.39187564184839,0.8795066189918364,7.1985564486706775,2
SAT-5760,1595.6203547655518,7.05170090407788,126.55296394328626,117.84222464742089,3.496712456380673,9.825896798285182,1
SAT-5761,1891.5001590830589,6.9319691797676,172.98159280394793,124.53297922524096,0.29986395006442895,14.890557376826472,2
SAT-5762,1899.2764606985838,6.928272745446258,27.42733141478154,124.77076798714629,0.6809006019950572,11.851263412965457,2
SAT-5763,597.1281842873875,7.55807902344047,155.28772598031867,96.4160081521438,1.0615160705049171,11.596713363495669,2
SAT-5764,1787.0642044161623,6.960222762284365,75.72709267077575,122.2771943303576,19.543217033318147,4.997183497296224,1
SAT-5765,1553.6334504261076,7.09391668163365,131.83591966728062,117.08353765328414,0.5545857277600745,14.223863430409708,1
SAT-5766,729.8235811734917,7.517235149204289,52.83690097267506,99.30186929791795,4.0214358820499525,15.156595577211963,0
SAT-5767,414.3838419665747,7.667171852117171,60.11715928788028,92.81139922914116,0.2183642390638334,14.92298069101839,2
SAT-5768,755.5953537034425,7.509556117425248,4.883980476251903,99.69858938811731,0.2862063014747646,0.7169681217377224,2
SAT-5769,1850.7540025285937,6.989523684810264,174.85274757005274,123.7467928853888,4.408152705015213,9.709175117233942,1
SAT-5770,1376.403747322813,7.18838890061006,146.4214635415412,113.03861565949613,9.680544516714823,10.327279181032191,0
SAT-5771,1525.792923526382,7.1061571984209575,16.90523242671969,116.30131673313755,1.2170867485373027,4.791536047442406,1
SAT-5772,737.158996885463,7.488872172608376,179.9115832194794,99.45528231932572,0.5061381748470247,15.879353712211083,2
SAT-5773,1522.9598644771945,7.121214257094923,108.90442749652946,116.45436615252734,26.90200642845045,4.729880595215087,0
SAT-5774,347.80656067247037,7.694508938655047,153.67115483358896,91.39656877847457,0.12775957236927166,3.544125365078787,2
SAT-5775,938.0462878141235,7.347146061635911,11.998937390016414,103.64766357270511,7.262944362596016,7.797915842046749,1
SAT-5776,1365.4806925219632,7.187736118844926,70.10121212854627,112.90007329966785,5.881420806090148,5.238043338348461,0
SAT-5777,548.3641614202444,7.567274066787771,120.53720201464978,95.48190392865067,5.884444790321976,14.792068411932114,1
SAT-5778,1699.106076559789,7.008716920015484,19.158069365946275,120.13560820706155,32.005995335337964,7.0972200279048865,0
SAT-5779,699.5532079802617,7.508314378455914,88.00251095772012,98.49002141431278,7.64787722305705,6.621377919294076,0
SAT-5780,1408.8778917913587,7.155945912035019,79.68201741794547,113.81220147504517,0.40148153188352637,10.051207868725152,2
SAT-5781,988.8351423780605,7.331030299016096,38.887240405244356,104.73575680136297,0.5743778412390697,1.3897232728928617,2
SAT-5782,1313.2741123120002,7.205547730921958,54.0485704533244,111.7296424216218,0.7452516117236431,12.132053854382697,2
SAT-5783,482.66593946914384,7.645509274097875,174.08130380909682,94.1794209140286,0.06185802170620327,12.317541266697456,2
SAT-5784,328.75175986673247,7.690720879633868,51.95672748178848,90.93789659384717,27.510656263706984,7.637010772169916,0
SAT-5785,1846.259526546512,6.9901973105313875,38.41670411431399,123.60842778272755,0.08310512669658222,15.29559726190681,2
SAT-5786,758.3710149042108,7.446070298203802,96.51765079230002,99.83289415850916,6.2856884385544225,9.311491861652389,0
SAT-5787,1693.4509047267804,7.072769963389738,120.77244613265361,120.30416444033106,7.7527007161166255,11.154259622495355,1
SAT-5788,1998.8955108027403,6.892724599620873,130.51675999252168,127.01861812712619,16.986940133817278,14.79708479249931,2
SAT-5789,659.433138598149,7.5326153294851075,135.7644932094449,98.01020469041832,2.285897597158223,10.694890960454199,2
SAT-5790,750.7902600117045,7.443411558571135,6.629848472655557,99.7233428112888,7.494855703484664,6.9660335228362,0
SAT-5791,1426.8616389789318,7.148347062651977,70.87687206832139,114.19359928991976,0.4047051935868351,0.4938616925670587,2
SAT-5792,1941.2626788210562,6.929401893820567,139.31245436095622,125.6110224977141,8.62426389487467,11.679959118545769,1
SAT-5793,1856.8843919242647,6.958526075935153,162.8733783240233,123.6475466512454,0.5360647078497,15.441369584456618,2
SAT-5794,1154.8883841114944,7.266368854325201,108.39602219990098,108.19285977692178,25.555562207137065,7.576738464222302,0
SAT-5795,1651.687480295432,7.029767452446082,9.41523363174342,119.10196349433895,0.15456651948630348,5.5023213408334,2
SAT-5796,530.7679502698318,7.622175116532543,71.39624505392362,95.1438056304181,0.44283499776167656,8.356224879979077,2
SAT-5797,1961.644913146821,6.916973894619761,13.360880856321838,126.11097506739199,1.567755593710616,11.68215157038608,2
SAT-5798,1939.400497861177,6.956423106884328,134.7368152832252,125.67742153079305,10.62971635215392,0.11097854426458365,0
SAT-5799,578.3392283945907,7.562979091463663,11.430984470699741,96.21749110340801,8.817943659181202,14.206666391436471,0
SAT-5800,809.0193121652812,7.442158573598438,33.431592012331905,100.90445903651826,0.21434858816048008,14.193169468885317,2
SAT-5801,470.2634957615038,7.64940794615585,75.05251631365937,94.06438390176679,0.1354182178924414,8.70663714437847,2
SAT-5802,761.9199181269055,7.442953867768936,83.27670608067696,99.8043349810041,0.40820546737151586,2.045822382192166,1
SAT-5803,1687.1248420058512,7.008913302751823,73.16670605670221,119.96545569911704,1.4132938182715171,10.781712134356578,2
SAT-5804,943.1365321809411,7.404176018904075,83.41139638908,103.69994367905912,2.070070511531863,2.2917460411166823,1
SAT-5805,450.27484414948924,7.620832983317457,128.38304736363597,93.53907788728593,0.9691316503718043,8.169999707779622,2
SAT-5806,881.7833921241378,7.377003609276871,66.46838813199747,102.22716005458486,4.877983806864089,1.5887165544997603,0
SAT-5807,1968.3516682101763,6.9509465658007334,98.59508264711145,126.17162999942941,0.9586207715652265,9.46613887893027,2
SAT-5808,1370.462111940645,7.147709923156859,54.606466355171804,112.96735316112795,34.510959508491375,5.1573022693759984,0
SAT-5809,1007.4736088904682,7.353653340953436,63.65294911628688,105.28098853017565,0.3033028898646454,13.312763494326294,2
SAT-5810,583.115472945359,7.5722891667223395,110.48381262757455,96.21095697389889,3.811416119126681,12.819143406713795,2
SAT-5811,1976.5005553822812,6.853988091627924,88.2890372946636,126.36597847620747,3.412744852818575,15.975734620043612,2
SAT-5812,1695.4433157473188,7.0242088293261356,130.1465330746706,120.04663075656208,0.3496988225163034,4.1943004777994,1
SAT-5813,778.511414166563,7.475702694083416,100.89694584931495,100.43805208552511,0.8590785548228544,1.0826373751953275,1
SAT-5814,419.11678272602205,7.668876552197022,144.64333536909712,92.74378865095724,0.6242964461047118,7.143751915866632,2
SAT-5815,396.2634475418487,7.6927869695951445,79.81347833904898,92.24346830765947,0.16461415779907332,1.4261130259684762,2
SAT-5816,504.64285415940753,7.606238944888408,88.38605157602427,94.71257805311735,1.3516232143030196,2.938145469545634,2
SAT-5817,1287.3065921445168,7.228688204353718,120.59484280216913,111.26375024442986,0.7226978511515596,9.597072247648683,2
SAT-5818,1878.897816049337,6.937170423598735,39.823909994168794,124.41637487067837,0.17136498391816044,9.514880536374347,2
SAT-5819,1144.4638276101737,7.254466709684771,69.46731664762696,107.97207518893597,1.1184334323744303,0.7889068959020769,0
SAT-5820,1733.0073201755351,6.987289847884138,112.4714239221074,120.85420356003198,0.9215139396030769,7.142185547550631,2
SAT-5821,1058.0072537616734,7.2956880764726915,5.197728467832549,106.22099236265251,0.12389878208413253,8.530477216589142,2
SAT-5822,1504.592027805303,7.134411561606949,78.6548580541095,115.96049924876418,0.12374641615291762,4.361585381337787,2
SAT-5823,1544.1836533870514,7.066113458134261,107.79298853510103,116.83871460112933,4.380181876122011,13.965486591820355,2
SAT-5824,595.7383000356757,7.569526378406446,174.1275957560756,96.59820581703485,6.587375473649749,2.661468497578108,1
SAT-5825,914.06730025888,7.391621632577193,157.8629810911808,102.96257568513485,33.30514003720269,4.137038699598809,0
SAT-5826,1383.4136661146406,7.167538407014582,50.53355152967846,113.34769633785467,0.09119773992572225,2.596211199020773,0
SAT-5827,420.18423391342253,7.688460339453974,91.29781872520645,92.71812503729439,0.11286375142172651,1.9530914785418736,2
SAT-5828,914.6183191970263,7.3878918446641855,10.154587078816435,103.2332274524858,0.07151948684827791,14.075769025713303,2
SAT-5829,1209.1590926780273,7.263763342156308,43.335794667205285,109.4179909857746,1.9754011242788465,4.517960724612712,1
SAT-5830,1993.5816381758857,6.903892753673526,139.47405625225622,126.80821424191772,3.6915592833636244,11.588131909538914,1
SAT-5831,1106.7070564581493,7.297998535428755,22.19652220956202,107.19273910698072,0.811970704010162,6.904919519631472,2
SAT-5832,1687.2964870943501,7.079107047177263,46.38429447011219,119.8397865887096,12.378746441709877,10.210388343669278,0
SAT-5833,1034.51438461325,7.307712864846602,169.92765031244542,105.70832374413543,5.74206774954822,14.85800151913813,1
SAT-5834,1653.8642284535051,7.0735253332811805,148.29404408864244,119.16116871803726,45.34101804841618,13.529265085987666,0
SAT-5835,1312.2051627541841,7.215867030277685,140.72898827680416,111.78382620234744,0.12961490749383117,1.196883639481782,1
SAT-5836,1807.2122505540772,6.971764109752823,155.62034825438823,122.73652864702638,0.07480265235456618,13.538720310939562,2
SAT-5837,998.6023389951869,7.386979811985884,134.9290235848237,105.10513144543127,0.33371914408440595,7.283993892963084,2
SAT-5838,1327.317513696514,7.158703476465012,21.70551890128229,112.07156611839642,0.05703226114319015,5.667317057390177,1
SAT-5839,1371.0317570520065,7.1648869545889005,92.98103876734164,113.04262586118011,31.390937623136512,10.790968014839892,0
SAT-5840,1009.5510010608047,7.324766843678073,79.96390574441796,105.31026077409247,0.4081548677848617,15.208305182278044,2
SAT-5841,545.3304742687186,7.59980149155498,56.00728408866841,95.34271699729699,2.2712268058496106,1.5967544116513854,1
SAT-5842,459.0509917509704,7.61709761854005,150.127273749529,93.47699757839662,0.44996517506721756,12.312424780978802,2
SAT-5843,328.34163601937627,7.722185084428543,83.54505642736206,90.97110170528845,0.27314664485060625,3.3357776890514916,2
SAT-5844,1785.008249216865,6.987122478364448,10.853568244358945,122.03101160358676,0.14323995511805168,6.144164352949281,2
SAT-5845,702.0073508057808,7.497420117096379,49.49380506964828,98.91102431128357,0.45715951712880215,13.993785958585672,2
SAT-5846,659.5614737790056,7.537407210925006,41.151790445300115,97.92435951348526,3.5093509005468424,8.778207025796195,1
SAT-5847,1551.2601807243113,7.087862370040968,159.74619926603106,117.17532669979454,41.09922224149288,1.172560702411778,0
SAT-5848,844.027392248566,7.410983621309584,116.53885811501998,101.65842719298226,2.361816353785821,8.17797194717414,2
SAT-5849,1160.2759771001222,7.331054397712591,100.86772785877352,108.46336743031571,1.9819705755361228,12.655306236098646,2
SAT-5850,576.2688110056756,7.564893835191832,91.1968635021669,96.00040708222662,0.06379094835020337,8.509201345472933,2
SAT-5851,1931.5677264853477,6.884521970729042,117.02034495746379,125.56940818090716,16.567884234800278,2.7535388997669314,0
SAT-5852,1747.6883800293035,6.990058532036973,135.87759841988245,121.21412874464392,0.06815443617384956,7.176153093414757,2
SAT-5853,1768.4423590405056,6.972616160486266,99.78924704967179,121.54693051196094,26.161752131980755,14.797091351830424,0
SAT-5854,991.5153725724089,7.374455076823278,168.8913747274699,104.70591331180245,2.0653096792696943,10.565443442496397,2
SAT-5855,1596.0140633021938,7.079717039641344,175.83015071706922,117.8058544825062,0.16009206997320033,11.70519545348657,2
SAT-5856,544.5894641626262,7.599940787793289,179.16161698958814,95.53794385063422,1.1326407442468156,12.596390468446259,1
SAT-5857,314.6523044060265,7.714016302408905,120.49039981595605,90.85403040932154,48.297366018385716,1.5420254446740236,0
SAT-5858,333.95398538264783,7.704707840783815,167.8716840160581,90.92511425123676,0.4113566859511883,9.346431292392424,2
SAT-5859,1297.2229535877527,7.2023532154682455,72.80634515543184,111.5077904681447,0.32162463768674276,6.077051571646399,2
SAT-5860,1074.1713389214992,7.31535058542755,154.72663042452936,106.64963378301994,0.1129763889866448,2.3126307023863446,2
SAT-5861,1180.6260931444835,7.2819246254310395,163.65137377314255,108.69102110319021,3.09312200550292,3.323081977033979,1
SAT-5862,312.687338709273,7.729273202657758,162.74528501980961,90.59346482515731,0.09260853230171608,12.520451532223277,2
SAT-5863,1018.5672534176238,7.354454037237628,149.5523309235087,105.30501089381572,9.931027757285952,2.6676767741073872,0
SAT-5864,1520.7158740414634,7.116939646235701,73.18784909542508,116.35797754746926,28.6180835544622,5.0674558548253374,0
SAT-5865,1052.579293344641,7.345296560194141,28.603346756532183,105.96841902340428,31.23081645596381,4.629486078382995,0
SAT-5866,1544.7726507307777,7.1019039093472776,60.112144142000254,116.80540491583103,0.1053704325783301,0.8732227862416256,1
SAT-5867,696.1322394746192,7.517303905202956,138.11194247365674,98.47412933699923,2.3646006051541426,7.448319342905801,2
SAT-5868,1682.3414076189333,7.059047130587292,41.91939203939555,119.92103044218833,0.09779115353232305,12.278284490490417,2
SAT-5869,1300.3331087708689,7.195009257813341,86.08897166867503,111.42470766947325,2.600269900299182,0.45222686070750473,1
SAT-5870,658.2972690308407,7.513196478631794,101.77191323724097,97.69891306403231,13.92873769836071,1.8895680626303484,0
SAT-5871,702.4248089515161,7.483067237079674,108.69454123881755,98.65303597716873,2.052770941183437,11.550968205601329,1
SAT-5872,1367.651789768213,7.180547370463933,168.43059870818377,113.12017738881875,20.660055443240342,9.537937751699326,0
SAT-5873,1710.8973084611537,6.985756443227633,119.06874367457716,120.47015154773568,12.705538276632112,11.472437063374043,0
SAT-5874,1006.5672294495638,7.3596655155761335,141.5337868939144,105.00238017640099,0.3377653182485272,3.7586528825465026,2
SAT-5875,739.1107295169068,7.48521044265871,104.738102620494,99.50135706548139,3.883978820204968,12.879923654428737,1
SAT-5876,1773.9197317480207,7.018301064764846,150.0444573951534,121.90985580269083,0.0526267297711084,7.729949855753399,2
SAT-5877,1437.7560959764194,7.13116228943587,47.45945035255731,114.31288320873995,0.7710734545817557,9.803801389443828,2
SAT-5878,1061.7453283812301,7.3190217620735645,37.77798090038206,106.51099665559798,0.2587322157011215,1.5652393334932966,2
SAT-5879,1129.4303319748133,7.312414990951049,166.73760877643454,107.70773706576718,32.383146320195756,3.3600021754211586,0
SAT-5880,647.2359954918738,7.5639058784310365,124.82655774432811,97.48400722717436,0.8225021455439159,12.396390317603899,2
SAT-5881,1365.5644711102348,7.16425412593458,120.8746038704798,112.88687485098124,4.5831417504812615,3.6601442149015786,0
SAT-5882,909.8622679229106,7.402711469096856,84.11314295312098,103.2196799076933,7.850816601270733,1.5712242575911928,0
SAT-5883,1992.5968003463938,6.909436286721604,67.8055066728319,126.69922775654638,10.437767538695871,9.595532187808395,0
SAT-5884,1116.3119759452093,7.303827497059756,100.02441500615498,107.48804122939269,8.059267675320266,8.812190606971551,0
SAT-5885,1126.0055305223423,7.286384332661282,21.70194289590008,107.87792516908056,0.36852350011736557,9.765513470834359,2
SAT-5886,1261.9480385981421,7.252039926148684,81.84826099495939,110.62384009286802,5.717064533772038,9.931057392173152,0
SAT-5887,1858.4852053018694,6.92177825568736,81.96618680378657,123.70443119119008,2.21818850879116,8.05313779924561,2
SAT-5888,1661.3907697615755,7.036017366696764,96.90057232996774,119.34438676431914,3.0980469760303615,7.951005337041627,0
SAT-5889,1066.9211186563305,7.329498358029282,114.24341058609642,106.41957487196503,0.05028215196574232,14.794232488102454,2
SAT-5890,1521.7887521537532,7.11560991903704,172.3173058773652,116.4399722375688,0.29767530494148164,8.58871942558787,2
SAT-5891,1296.600347927295,7.237119727307686,117.39044287651625,111.33112085995755,30.975697502314087,9.915073218380353,0
SAT-5892,1137.0239827921232,7.310247944064151,159.07052735161406,107.98931468013046,0.3708499751557093,4.344813331826039,2
SAT-5893,626.9368137333959,7.5414547517004635,100.13469506444947,96.9554629074332,1.0304254369478065,13.950381892754839,2
SAT-5894,1088.6916478733147,7.335847150439956,112.84701887294815,106.72199504620116,0.18154820148910733,0.4874526732806945,2
SAT-5895,717.8915979383769,7.4843110800274015,12.57065155972253,98.94990527450982,0.13024997842900993,8.959905520534614,2
SAT-5896,1855.2316547478129,6.979566224507435,23.987470119194803,123.89834110896703,0.21133766768344622,6.2032196936499275,2
SAT-5897,870.1915829437897,7.4555264355582205,104.34067833555713,102.21251002704699,2.2904034592382407,9.702076709411584,2
SAT-5898,1918.8488247067328,6.958486393888953,71.22831659244527,125.2218660005957,28.579587654168282,5.826735591364945,0
SAT-5899,1206.193993161009,7.255065410589912,143.7858935757903,109.42907215393184,0.47595680882681013,11.511237796310585,2
SAT-5900,1373.6254437494724,7.167485098577886,97.77201747735168,113.15826371523178,0.4668677348608075,0.42326994327754996,2
SAT-5901,1222.9987556318572,7.2143487046444505,158.81238701124082,109.70439036188061,2.4625880348102953,6.553642076429373,1
SAT-5902,519.9470488433915,7.6117398605030155,175.01970212321243,94.94957659158736,0.5877574699921216,13.317091235904378,2
SAT-5903,938.8960723134996,7.36206287374781,26.5743333218673,103.58057092231763,26.92887114913609,4.07819141269303,0
SAT-5904,468.5483908719607,7.618190356597651,71.06899529801278,94.01950298212422,0.6800081726108502,0.9387389662471197,1
SAT-5905,1359.021875111749,7.157079240027657,119.69658454284554,112.64770485028177,1.480119437188971,7.99473278558618,2
SAT-5906,1059.6861318407462,7.31489490029672,54.98797597206295,106.15544155621639,1.9913053302445476,15.62688202237596,1
SAT-5907,1622.5744516705927,7.060963558733471,48.06582078986913,118.5966987564451,11.096177357306162,1.120121128408673,0
SAT-5908,674.7998176989288,7.526959770543397,146.4729409131906,98.10485577067244,2.458599690308492,1.2138982347217138,1
SAT-5909,579.7622993298694,7.560723281404924,176.46812443057374,96.15149546102063,0.26087670758089126,9.562353382652184,2
SAT-5910,990.7647926384053,7.379692923656308,139.28459962454664,104.79169252656239,0.11774205845788581,4.076076634762253,2
SAT-5911,1875.195151471248,6.948353266332049,94.26179210474044,124.09626524607549,32.53071766351859,6.6226766148318825,0
SAT-5912,1507.7170855211,7.09705434198772,79.65202175015665,116.15732961862992,12.69576831124751,13.305063732690314,1
SAT-5913,1012.1701621479617,7.352158709095192,97.13658969546569,105.31559316365457,0.05859568493992972,3.2616940785020114,2
SAT-5914,1179.3626885823278,7.305096833571266,83.31114639379246,108.95657912530125,14.573268192188712,11.536868998004785,0
SAT-5915,443.16211900106714,7.654963435675602,90.51985022142026,93.24647518724979,2.9564013100351887,8.121319660954144,2
SAT-5916,1973.7790238393923,6.9040702856116924,36.62154909526098,126.48092596447133,1.8015765050890924,14.48882730938692,1
SAT-5917,1432.892417981362,7.116277453071812,162.67355087567896,114.36722833582722,0.05440734599324224,15.570095804667666,2
SAT-5918,785.1869163878182,7.458862775078297,135.81630027418825,100.52402042874229,11.004293712129714,7.810876491888994,0
SAT-5919,1295.8742701659153,7.215104509316837,122.57593608477961,111.46526118449071,0.19641065640600847,9.395888239935923,2
SAT-5920,486.1200223172898,7.6165138818078235,170.98649477540516,94.20226993084485,7.636839158691507,11.958896397727097,0
SAT-5921,1941.922336972892,6.891249797766819,51.190979744310845,125.5641358537944,0.055792361812531374,5.16691885576488,2
SAT-5922,597.134479401722,7.546276465902514,14.60869396085056,96.65734898595333,12.247034840623135,3.7051715733196247,0
SAT-5923,1401.651540693864,7.190265785471987,148.7049588639597,113.71713670668184,0.05862574969051676,15.438494241843783,2
SAT-5924,717.2725863161818,7.527599350025038,179.7150534568659,98.92437493873629,0.2550637359449377,6.978584720391292,2
SAT-5925,1519.8543505025107,7.089603642441932,104.1178388436359,116.3047911226811,0.31901025325985677,0.12529414160080168,2
SAT-5926,1620.5963243084777,7.075851983731579,10.585689824282735,118.34662280463019,0.14842119319095892,13.419720946548829,2
SAT-5927,1444.8135391494354,7.117802772334437,140.48424722788943,114.71514036961601,1.387217608768084,9.634660164528261,2
SAT-5928,1344.6490824338273,7.215665692584334,13.274828792251478,112.26636899412442,0.35484107247065844,2.7800811472528357,2
SAT-5929,1817.1974597184199,6.982001273983776,97.20251752667062,122.8751741485388,47.734670766895015,0.5792211215155559,0
SAT-5930,433.6654086825887,7.672588216519772,49.95584535789487,93.1287786738835,2.7471121165545456,4.734570653563524,1
SAT-5931,862.5551018263318,7.388929380640687,164.70482050663117,102.14787177695638,2.5026693766422063,14.853404818031269,2
SAT-5932,722.0887153724382,7.509925797907321,81.2396183867073,99.09677355216591,0.22992113498727654,14.942509603566236,2
SAT-5933,1979.6237355112166,6.908754828930807,161.7234027261396,126.63563090196429,0.8414693864035355,5.044955432203679,2
SAT-5934,961.9626254336849,7.38978252633271,53.83459534582216,104.15189913466023,0.11773456605303867,13.391302785849396,2
SAT-5935,1545.441588708678,7.1141384467902125,69.72526508784323,116.82688145607483,9.695222070030798,7.125340639787821,0
SAT-5936,1464.0327785977079,7.133925692122709,170.4814538844745,115.04115347818748,0.4925470732405818,10.504081511271853,2
SAT-5937,660.5381037115421,7.51709474911554,36.23660116769437,97.78027858677927,9.01296126318163,5.417657626350331,1
SAT-5938,706.2960563596373,7.520326223777225,104.13020729720613,98.58672561847018,0.651715430991383,8.303964280708662,2
SAT-5939,778.183758040158,7.465702442082769,69.93185914082005,100.18702785776232,46.2638450447849,4.771093200150191,0
SAT-5940,998.9163730409447,7.336781054592539,139.3500393123709,104.96750062690067,0.16305528171041492,1.0717183614677575,2
SAT-5941,698.3526116058956,7.4905444002997195,23.27334681084433,98.5642549928174,0.05052911432507298,2.316113160445468,1
SAT-5942,333.40752066964126,7.6810657774243944,78.69869442084033,91.03869350772652,3.0440138806001777,4.721724462124472,1
SAT-5943,1794.9681965722323,6.976380748080624,125.80787283214737,122.36480107965983,36.126809132668384,15.622435165220466,0
SAT-5944,1941.5367133475029,6.946771946803628,73.26292230110876,125.62082357740694,4.366486975352216,15.454187188974867,0
SAT-5945,880.6696579536655,7.41751048915206,10.535713069567805,102.37823165088871,0.09039420146231045,13.259847145504045,2
SAT-5946,875.4616950233038,7.406022229521332,126.9202070403619,102.28653699082433,2.091275028845577,3.796846212427782,2
SAT-5947,312.0560817164307,7.739013526529099,90.57569898329696,90.62016618864794,26.75659301212134,7.1214740346149785,0
SAT-5948,1456.4261701616358,7.119425321108294,2.035563602418098,114.90446587463323,0.052298376586170335,7.092547132002198,2
SAT-5949,1703.2478227726688,7.028063996419521,110.27806114110714,120.32273096065605,0.15838229906120593,6.252874592609123,2
SAT-5950,549.2341106120053,7.585825750461713,165.57858405518155,95.3833006489809,13.888478557501502,0.8135968509269552,2
SAT-5951,571.4327939241563,7.592857533701574,19.984670678104017,95.80627659245046,24.026545000602873,8.598985250166653,0
SAT-5952,1643.1415249514441,7.020911397195161,106.32082230165041,119.25927270726118,6.613812322327137,1.2577106747852882,0
SAT-5953,1347.694272202046,7.169157445363295,131.16039871727347,112.36706577187479,47.16832945503215,12.850507023415307,0
SAT-5954,376.2629479671189,7.65331807260418,12.73926062525498,91.8768513773764,0.09324333386610356,11.091783571232027,1
SAT-5955,1358.3298837858788,7.17602365990221,4.070782469553535,112.76430725335993,2.167701867937911,5.708518405632201,1
SAT-5956,825.1601288344023,7.466722281655479,83.55525599609051,101.28979935540235,5.674847199971231,10.389468477178164,1
SAT-5957,926.8327643004382,7.38035892873778,142.4136037021855,103.4592419918398,6.410680982597633,3.80528840428966,0
SAT-5958,1608.5434111046964,7.057514949014857,28.9294938178791,118.1854844120496,12.006705277781784,4.317476032810455,0
SAT-5959,1678.589827543438,7.054344727338324,150.59470899868612,119.81379868563839,28.30402112032091,5.094722919113938,0
SAT-5960,980.6062656277121,7.384760378915977,118.1839059762473,104.55831371385636,0.6079870670791307,12.772484438971743,2
SAT-5961,1910.1599912108031,6.936052912123253,59.79119180192742,124.96489583113524,0.06727600323146074,3.449992414852743,2
SAT-5962,990.9866205185228,7.371890687266776,92.84864372864091,104.79823757232495,0.6113582086015367,9.048221517028013,2
SAT-5963,1612.1212598911868,7.044605563888747,173.8034963508129,118.41481895374896,5.173855491746293,3.287427119301612,0
SAT-5964,1122.5913497592405,7.3208562269291075,38.958654713820984,107.59343651838087,0.2184430674115094,4.632095058492397,1
SAT-5965,1825.8049550875428,7.016406383156285,89.91637159392724,123.08953959684904,13.455159768707349,3.8441525584852125,1
SAT-5966,1843.1941142053038,6.976471407474536,112.40758009937173,123.58981655232452,0.22817254028510053,10.355574270065246,2
SAT-5967,448.6085733808426,7.603518854952381,24.842628985619925,93.50732570188356,0.05359943496611911,8.474990216846907,2
SAT-5968,1892.0386632273837,6.9342630895013695,7.833975952195735,124.74444124079268,1.6719078119322246,11.568656419898298,2
SAT-5969,1703.4092305847066,7.038343270414523,2.4227915276648315,120.16877148323809,7.557092160054425,3.5971006535944747,0
SAT-5970,1645.2282143315338,7.04310833911409,58.44471418800292,119.13652084577595,0.5596751520815231,0.2454617180439922,2
SAT-5971,641.5492774653882,7.56474221706801,13.310513007275766,97.46344663183264,8.823835497047897,10.920102117372323,0
SAT-5972,1668.7026548829303,7.052999027260652,144.67859145740064,119.48074153630105,1.0331966912437776,1.9261779400717078,1
SAT-5973,1745.2256489645627,6.993833977765422,179.51751488911427,121.30563691321541,0.16372456915872513,4.016253068340902,1
SAT-5974,791.5555685720566,7.46057757066908,11.034687912203525,100.65040368370623,0.09346417691202058,4.96040982413344,2
SAT-5975,1918.8421332159503,6.916313645947399,77.89072966801913,125.10981740697933,6.77222687758907,11.974153267424802,1
SAT-5976,384.7622488785792,7.677594906391469,4.631782136863459,92.14672408770589,0.7179833401701585,10.051679789453091,2
SAT-5977,554.8457305201374,7.57525123247145,24.11836033630738,95.68956984705753,27.371040552876977,3.0298204407606786,0
SAT-5978,1213.8879346875742,7.272765690036442,58.12606096392133,109.46083486817459,2.0880225281519973,9.606416188853894,1
SAT-5979,1278.8472009079264,7.260746207009177,70.86567835037697,110.96427690678385,0.5549671272214959,11.35955312225873,2
SAT-5980,1396.7551416115357,7.1348079148835595,169.16093035715522,113.58424971027532,0.557112349167281,6.283465524363726,2
SAT-5981,328.847519836293,7.674768262654844,71.25062557624126,90.88178125538845,0.12396057945727383,4.010651333042847,2
SAT-5982,1932.6235168576216,6.923530193125462,89.32997863033239,125.41713622231453,3.022299262030405,10.89582608934515,1
SAT-5983,375.79975764804476,7.65597850490497,44.20500628929595,91.90574341016817,2.789147041855958,9.813170082249806,2
SAT-5984,543.2053196297841,7.593650638076828,0.02252497618358884,95.44167829494923,12.558884897753892,1.3388033196860398,0
SAT-5985,323.82467979429686,7.731104222075347,161.88020221196433,90.92349706981007,0.20070624773229298,10.700206279716692,2
SAT-5986,1263.659336599961,7.255485155741543,14.708656266534867,110.56202631051653,0.37268244133466644,7.867435132081249,2
SAT-5987,1884.8537026656527,6.952477185699444,173.56479138652125,124.48880274287482,0.09787773519959532,12.078566415945867,2
SAT-5988,1432.1101823367892,7.143321789431457,23.551938738046847,114.24670523714055,0.38458878103653943,3.1324089158892465,2
SAT-5989,1698.5176964167265,6.988648259614071,108.87812653507925,120.07403586418576,0.9622243691865766,4.205641044631885,2
SAT-5990,322.5780458795861,7.717367707582389,179.89390581419465,90.7970323690344,38.99915724382117,8.738672551650588,0
SAT-5991,1221.4260074155343,7.247096618675707,24.923627292541656,109.8436118347814,4.551641127661622,7.7595630934859665,0
SAT-5992,1081.2570617593872,7.326274211132399,76.30975528916836,106.77224268714644,11.15813967931139,6.243209399798296,0
SAT-5993,1148.2455051753482,7.266674716184862,140.47626041486578,108.14849924813372,0.4736959373251798,11.961929699433641,2
SAT-5994,422.7624150698195,7.651033322283425,5.794226972994288,92.83898322932203,0.1356776906022659,9.07954986168969,2
SAT-5995,1463.5401138178227,7.103274212114214,124.160895205208,114.98277988056121,0.29453019849098766,11.393322476916486,2
SAT-5996,1155.4747052596786,7.23152114626133,14.467200820343907,108.31553783818663,0.29401743015330867,2.5367539008739404,2
SAT-5997,1600.7530447641489,7.0490112985577325,42.573625609180745,117.94981444534257,2.807475591953413,11.690913892814041,1
SAT-5998,1124.9940779049161,7.260721252002388,28.813709248804876,107.61259879530141,0.5289119771778963,7.438296918794641,2
SAT-5999,553.9487815849345,7.593568635056012,163.32055769644853,95.56230628687133,18.67095779900035,0.6369101773849337,0
